resume_id,name,job_title,skills,education,experience_years,projects,certifications,resume_text
RES_0000,Candidate_0,Software Engineer,"['SQL', 'Agile', 'Git']",Master's in Engineering,3,['Project_0_0'],[],"Name: Candidate_0
            Target Position: Software Engineer
            Summary: Experienced professional with 3 years in the tech industry.
            Skills: SQL, Agile, Git
            Education: Master's in Engineering
            Experience: 3 years
            Projects: Project_0_0
            Certifications: None"
RES_0001,Candidate_1,Data Scientist,"['SQL', 'Docker', 'Agile', 'GraphQL']",Master's in Statistics,15,"['Project_0_1', 'Project_1_1', 'Project_2_1', 'Project_3_1']",['PMP'],"Name: Candidate_1
            Target Position: Data Scientist
            Summary: Experienced professional with 15 years in the tech industry.
            Skills: SQL, Docker, Agile, GraphQL
            Education: Master's in Statistics
            Experience: 15 years
            Projects: Project_0_1, Project_1_1, Project_2_1, Project_3_1
            Certifications: PMP"
RES_0002,Candidate_2,Software Engineer,"['PyTorch', 'Git', 'PostgreSQL', 'REST APIs']",PhD in Mathematics,9,"['Project_0_2', 'Project_1_2']",['Google Cloud Certified'],"Name: Candidate_2
            Target Position: Software Engineer
            Summary: Experienced professional with 9 years in the tech industry.
            Skills: PyTorch, Git, PostgreSQL, REST APIs
            Education: PhD in Mathematics
            Experience: 9 years
            Projects: Project_0_2, Project_1_2
            Certifications: Google Cloud Certified"
RES_0003,Candidate_3,UX Designer,"['REST APIs', 'Python', 'GraphQL', 'PyTorch', 'AWS', 'SQL', 'Node.js', 'PostgreSQL']",Master's in Computer Science,1,"['Project_0_3', 'Project_1_3']",[],"Name: Candidate_3
            Target Position: UX Designer
            Summary: Experienced professional with 1 years in the tech industry.
            Skills: REST APIs, Python, GraphQL, PyTorch, AWS, SQL, Node.js, PostgreSQL
            Education: Master's in Computer Science
            Experience: 1 years
            Projects: Project_0_3, Project_1_3
            Certifications: None"
RES_0004,Candidate_4,Business Analyst,"['CI/CD', 'SQL', 'REST APIs', 'React', 'Agile', 'GraphQL', 'PyTorch', 'TensorFlow']",Master's in Mathematics,3,"['Project_0_4', 'Project_1_4', 'Project_2_4', 'Project_3_4']",[],"Name: Candidate_4
            Target Position: Business Analyst
            Summary: Experienced professional with 3 years in the tech industry.
            Skills: CI/CD, SQL, REST APIs, React, Agile, GraphQL, PyTorch, TensorFlow
            Education: Master's in Mathematics
            Experience: 3 years
            Projects: Project_0_4, Project_1_4, Project_2_4, Project_3_4
            Certifications: None"
RES_0005,Candidate_5,UX Designer,"['MongoDB', 'AWS', 'NumPy', 'Node.js', 'CI/CD', 'Java']",Bachelor's in Engineering,6,"['Project_0_5', 'Project_1_5']",[],"Name: Candidate_5
            Target Position: UX Designer
            Summary: Experienced professional with 6 years in the tech industry.
            Skills: MongoDB, AWS, NumPy, Node.js, CI/CD, Java
            Education: Bachelor's in Engineering
            Experience: 6 years
            Projects: Project_0_5, Project_1_5
            Certifications: None"
RES_0006,Candidate_6,Frontend Developer,"['Python', 'CI/CD', 'Node.js', 'AWS', 'JavaScript', 'PostgreSQL', 'Kubernetes', 'MongoDB']",Bachelor's in Computer Science,8,"['Project_0_6', 'Project_1_6', 'Project_2_6', 'Project_3_6', 'Project_4_6']",[],"Name: Candidate_6
            Target Position: Frontend Developer
            Summary: Experienced professional with 8 years in the tech industry.
            Skills: Python, CI/CD, Node.js, AWS, JavaScript, PostgreSQL, Kubernetes, MongoDB
            Education: Bachelor's in Computer Science
            Experience: 8 years
            Projects: Project_0_6, Project_1_6, Project_2_6, Project_3_6, Project_4_6
            Certifications: None"
RES_0007,Candidate_7,Frontend Developer,"['Python', 'CI/CD', 'Agile']",Bachelor's in Engineering,1,"['Project_0_7', 'Project_1_7', 'Project_2_7']",[],"Name: Candidate_7
            Target Position: Frontend Developer
            Summary: Experienced professional with 1 years in the tech industry.
            Skills: Python, CI/CD, Agile
            Education: Bachelor's in Engineering
            Experience: 1 years
            Projects: Project_0_7, Project_1_7, Project_2_7
            Certifications: None"
RES_0008,Candidate_8,Frontend Developer,"['MongoDB', 'CI/CD', 'React', 'Agile', 'Kubernetes', 'JavaScript']",Master's in Statistics,12,"['Project_0_8', 'Project_1_8']","['Scrum Master', 'Azure Certified']","Name: Candidate_8
            Target Position: Frontend Developer
            Summary: Experienced professional with 12 years in the tech industry.
            Skills: MongoDB, CI/CD, React, Agile, Kubernetes, JavaScript
            Education: Master's in Statistics
            Experience: 12 years
            Projects: Project_0_8, Project_1_8
            Certifications: Scrum Master, Azure Certified"
RES_0009,Candidate_9,DevOps Engineer,"['React', 'JavaScript', 'PostgreSQL', 'Kubernetes', 'Python', 'SQL', 'Java']",Bachelor's in Mathematics,15,"['Project_0_9', 'Project_1_9', 'Project_2_9']",[],"Name: Candidate_9
            Target Position: DevOps Engineer
            Summary: Experienced professional with 15 years in the tech industry.
            Skills: React, JavaScript, PostgreSQL, Kubernetes, Python, SQL, Java
            Education: Bachelor's in Mathematics
            Experience: 15 years
            Projects: Project_0_9, Project_1_9, Project_2_9
            Certifications: None"
RES_0010,Candidate_10,System Administrator,"['REST APIs', 'Python', 'Git', 'NumPy']",PhD in Engineering,10,"['Project_0_10', 'Project_1_10', 'Project_2_10', 'Project_3_10']",[],"Name: Candidate_10
            Target Position: System Administrator
            Summary: Experienced professional with 10 years in the tech industry.
            Skills: REST APIs, Python, Git, NumPy
            Education: PhD in Engineering
            Experience: 10 years
            Projects: Project_0_10, Project_1_10, Project_2_10, Project_3_10
            Certifications: None"
RES_0011,Candidate_11,System Administrator,"['PostgreSQL', 'MongoDB', 'Node.js', 'Git', 'REST APIs', 'Docker', 'Kubernetes', 'PyTorch']",Bachelor's in Statistics,5,"['Project_0_11', 'Project_1_11', 'Project_2_11', 'Project_3_11']","['PMP', 'TensorFlow Developer']","Name: Candidate_11
            Target Position: System Administrator
            Summary: Experienced professional with 5 years in the tech industry.
            Skills: PostgreSQL, MongoDB, Node.js, Git, REST APIs, Docker, Kubernetes, PyTorch
            Education: Bachelor's in Statistics
            Experience: 5 years
            Projects: Project_0_11, Project_1_11, Project_2_11, Project_3_11
            Certifications: PMP, TensorFlow Developer"
RES_0012,Candidate_12,Backend Developer,"['Git', 'React', 'Python', 'CI/CD']",PhD in Statistics,13,"['Project_0_12', 'Project_1_12', 'Project_2_12']","['TensorFlow Developer', 'AWS Certified']","Name: Candidate_12
            Target Position: Backend Developer
            Summary: Experienced professional with 13 years in the tech industry.
            Skills: Git, React, Python, CI/CD
            Education: PhD in Statistics
            Experience: 13 years
            Projects: Project_0_12, Project_1_12, Project_2_12
            Certifications: TensorFlow Developer, AWS Certified"
RES_0013,Candidate_13,QA Engineer,"['Python', 'Docker', 'Node.js', 'Pandas', 'AWS']",Master's in Statistics,15,"['Project_0_13', 'Project_1_13', 'Project_2_13', 'Project_3_13', 'Project_4_13']",['Azure Certified'],"Name: Candidate_13
            Target Position: QA Engineer
            Summary: Experienced professional with 15 years in the tech industry.
            Skills: Python, Docker, Node.js, Pandas, AWS
            Education: Master's in Statistics
            Experience: 15 years
            Projects: Project_0_13, Project_1_13, Project_2_13, Project_3_13, Project_4_13
            Certifications: Azure Certified"
RES_0014,Candidate_14,Backend Developer,"['NumPy', 'PostgreSQL', 'GraphQL', 'Git']",Master's in Statistics,6,['Project_0_14'],['PMP'],"Name: Candidate_14
            Target Position: Backend Developer
            Summary: Experienced professional with 6 years in the tech industry.
            Skills: NumPy, PostgreSQL, GraphQL, Git
            Education: Master's in Statistics
            Experience: 6 years
            Projects: Project_0_14
            Certifications: PMP"
RES_0015,Candidate_15,Backend Developer,"['MongoDB', 'GraphQL', 'CI/CD', 'REST APIs']",Bachelor's in Statistics,10,"['Project_0_15', 'Project_1_15', 'Project_2_15', 'Project_3_15']",[],"Name: Candidate_15
            Target Position: Backend Developer
            Summary: Experienced professional with 10 years in the tech industry.
            Skills: MongoDB, GraphQL, CI/CD, REST APIs
            Education: Bachelor's in Statistics
            Experience: 10 years
            Projects: Project_0_15, Project_1_15, Project_2_15, Project_3_15
            Certifications: None"
RES_0016,Candidate_16,Business Analyst,"['REST APIs', 'Agile', 'PostgreSQL', 'Python', 'GraphQL', 'CI/CD', 'TensorFlow']",Bachelor's in Physics,15,"['Project_0_16', 'Project_1_16', 'Project_2_16', 'Project_3_16', 'Project_4_16']","['Scrum Master', 'TensorFlow Developer']","Name: Candidate_16
            Target Position: Business Analyst
            Summary: Experienced professional with 15 years in the tech industry.
            Skills: REST APIs, Agile, PostgreSQL, Python, GraphQL, CI/CD, TensorFlow
            Education: Bachelor's in Physics
            Experience: 15 years
            Projects: Project_0_16, Project_1_16, Project_2_16, Project_3_16, Project_4_16
            Certifications: Scrum Master, TensorFlow Developer"
RES_0017,Candidate_17,Machine Learning Engineer,"['Git', 'CI/CD', 'NumPy', 'PostgreSQL', 'Java', 'React', 'AWS']",Bachelor's in Mathematics,8,['Project_0_17'],['Scrum Master'],"Name: Candidate_17
            Target Position: Machine Learning Engineer
            Summary: Experienced professional with 8 years in the tech industry.
            Skills: Git, CI/CD, NumPy, PostgreSQL, Java, React, AWS
            Education: Bachelor's in Mathematics
            Experience: 8 years
            Projects: Project_0_17
            Certifications: Scrum Master"
RES_0018,Candidate_18,Data Analyst,"['Pandas', 'Agile', 'MongoDB', 'Git']",Master's in Mathematics,2,"['Project_0_18', 'Project_1_18']","['Google Cloud Certified', 'Azure Certified', 'PMP']","Name: Candidate_18
            Target Position: Data Analyst
            Summary: Experienced professional with 2 years in the tech industry.
            Skills: Pandas, Agile, MongoDB, Git
            Education: Master's in Mathematics
            Experience: 2 years
            Projects: Project_0_18, Project_1_18
            Certifications: Google Cloud Certified, Azure Certified, PMP"
RES_0019,Candidate_19,System Administrator,"['SQL', 'Docker', 'Kubernetes', 'Python', 'CI/CD', 'REST APIs']",PhD in Statistics,13,['Project_0_19'],[],"Name: Candidate_19
            Target Position: System Administrator
            Summary: Experienced professional with 13 years in the tech industry.
            Skills: SQL, Docker, Kubernetes, Python, CI/CD, REST APIs
            Education: PhD in Statistics
            Experience: 13 years
            Projects: Project_0_19
            Certifications: None"
RES_0020,Candidate_20,Machine Learning Engineer,"['SQL', 'Java', 'NumPy', 'REST APIs', 'Agile', 'React']",PhD in Computer Science,8,['Project_0_20'],[],"Name: Candidate_20
            Target Position: Machine Learning Engineer
            Summary: Experienced professional with 8 years in the tech industry.
            Skills: SQL, Java, NumPy, REST APIs, Agile, React
            Education: PhD in Computer Science
            Experience: 8 years
            Projects: Project_0_20
            Certifications: None"
RES_0021,Candidate_21,Backend Developer,"['CI/CD', 'Pandas', 'Python', 'React', 'Node.js', 'REST APIs', 'GraphQL']",Master's in Statistics,4,['Project_0_21'],['Scrum Master'],"Name: Candidate_21
            Target Position: Backend Developer
            Summary: Experienced professional with 4 years in the tech industry.
            Skills: CI/CD, Pandas, Python, React, Node.js, REST APIs, GraphQL
            Education: Master's in Statistics
            Experience: 4 years
            Projects: Project_0_21
            Certifications: Scrum Master"
RES_0022,Candidate_22,Data Scientist,"['NumPy', 'SQL', 'JavaScript', 'Node.js', 'PyTorch', 'CI/CD', 'MongoDB']",PhD in Statistics,12,['Project_0_22'],"['PMP', 'AWS Certified']","Name: Candidate_22
            Target Position: Data Scientist
            Summary: Experienced professional with 12 years in the tech industry.
            Skills: NumPy, SQL, JavaScript, Node.js, PyTorch, CI/CD, MongoDB
            Education: PhD in Statistics
            Experience: 12 years
            Projects: Project_0_22
            Certifications: PMP, AWS Certified"
RES_0023,Candidate_23,Full Stack Developer,"['MongoDB', 'REST APIs', 'Docker', 'Kubernetes', 'Node.js']",PhD in Engineering,4,"['Project_0_23', 'Project_1_23']",['Azure Certified'],"Name: Candidate_23
            Target Position: Full Stack Developer
            Summary: Experienced professional with 4 years in the tech industry.
            Skills: MongoDB, REST APIs, Docker, Kubernetes, Node.js
            Education: PhD in Engineering
            Experience: 4 years
            Projects: Project_0_23, Project_1_23
            Certifications: Azure Certified"
RES_0024,Candidate_24,Frontend Developer,"['Agile', 'React', 'SQL', 'Python', 'Docker', 'Kubernetes']",Bachelor's in Computer Science,9,"['Project_0_24', 'Project_1_24']","['AWS Certified', 'Google Cloud Certified', 'TensorFlow Developer']","Name: Candidate_24
            Target Position: Frontend Developer
            Summary: Experienced professional with 9 years in the tech industry.
            Skills: Agile, React, SQL, Python, Docker, Kubernetes
            Education: Bachelor's in Computer Science
            Experience: 9 years
            Projects: Project_0_24, Project_1_24
            Certifications: AWS Certified, Google Cloud Certified, TensorFlow Developer"
RES_0025,Candidate_25,Data Analyst,"['AWS', 'Java', 'PyTorch', 'Pandas', 'Agile', 'Node.js', 'React', 'Git']",Bachelor's in Mathematics,2,"['Project_0_25', 'Project_1_25', 'Project_2_25', 'Project_3_25']",[],"Name: Candidate_25
            Target Position: Data Analyst
            Summary: Experienced professional with 2 years in the tech industry.
            Skills: AWS, Java, PyTorch, Pandas, Agile, Node.js, React, Git
            Education: Bachelor's in Mathematics
            Experience: 2 years
            Projects: Project_0_25, Project_1_25, Project_2_25, Project_3_25
            Certifications: None"
RES_0026,Candidate_26,Business Analyst,"['Pandas', 'React', 'PyTorch', 'CI/CD', 'JavaScript', 'MongoDB', 'AWS']",Bachelor's in Mathematics,1,"['Project_0_26', 'Project_1_26', 'Project_2_26', 'Project_3_26']","['PMP', 'Google Cloud Certified']","Name: Candidate_26
            Target Position: Business Analyst
            Summary: Experienced professional with 1 years in the tech industry.
            Skills: Pandas, React, PyTorch, CI/CD, JavaScript, MongoDB, AWS
            Education: Bachelor's in Mathematics
            Experience: 1 years
            Projects: Project_0_26, Project_1_26, Project_2_26, Project_3_26
            Certifications: PMP, Google Cloud Certified"
RES_0027,Candidate_27,Full Stack Developer,"['AWS', 'Kubernetes', 'TensorFlow', 'PostgreSQL', 'GraphQL', 'Pandas']",PhD in Statistics,1,"['Project_0_27', 'Project_1_27', 'Project_2_27']",[],"Name: Candidate_27
            Target Position: Full Stack Developer
            Summary: Experienced professional with 1 years in the tech industry.
            Skills: AWS, Kubernetes, TensorFlow, PostgreSQL, GraphQL, Pandas
            Education: PhD in Statistics
            Experience: 1 years
            Projects: Project_0_27, Project_1_27, Project_2_27
            Certifications: None"
RES_0028,Candidate_28,UX Designer,"['PostgreSQL', 'REST APIs', 'AWS', 'GraphQL']",Master's in Physics,15,"['Project_0_28', 'Project_1_28', 'Project_2_28', 'Project_3_28', 'Project_4_28']","['Scrum Master', 'TensorFlow Developer']","Name: Candidate_28
            Target Position: UX Designer
            Summary: Experienced professional with 15 years in the tech industry.
            Skills: PostgreSQL, REST APIs, AWS, GraphQL
            Education: Master's in Physics
            Experience: 15 years
            Projects: Project_0_28, Project_1_28, Project_2_28, Project_3_28, Project_4_28
            Certifications: Scrum Master, TensorFlow Developer"
RES_0029,Candidate_29,Business Analyst,"['SQL', 'Python', 'Agile', 'REST APIs', 'React', 'Node.js', 'PostgreSQL', 'MongoDB']",Master's in Physics,2,"['Project_0_29', 'Project_1_29']","['Scrum Master', 'PMP', 'TensorFlow Developer']","Name: Candidate_29
            Target Position: Business Analyst
            Summary: Experienced professional with 2 years in the tech industry.
            Skills: SQL, Python, Agile, REST APIs, React, Node.js, PostgreSQL, MongoDB
            Education: Master's in Physics
            Experience: 2 years
            Projects: Project_0_29, Project_1_29
            Certifications: Scrum Master, PMP, TensorFlow Developer"
RES_0030,Candidate_30,Business Analyst,"['Agile', 'Node.js', 'Java', 'Pandas']",Master's in Statistics,3,"['Project_0_30', 'Project_1_30', 'Project_2_30', 'Project_3_30', 'Project_4_30']","['TensorFlow Developer', 'AWS Certified', 'Azure Certified']","Name: Candidate_30
            Target Position: Business Analyst
            Summary: Experienced professional with 3 years in the tech industry.
            Skills: Agile, Node.js, Java, Pandas
            Education: Master's in Statistics
            Experience: 3 years
            Projects: Project_0_30, Project_1_30, Project_2_30, Project_3_30, Project_4_30
            Certifications: TensorFlow Developer, AWS Certified, Azure Certified"
RES_0031,Candidate_31,Data Scientist,"['GraphQL', 'Agile', 'Pandas', 'MongoDB', 'Node.js', 'REST APIs', 'Kubernetes']",Bachelor's in Engineering,15,"['Project_0_31', 'Project_1_31', 'Project_2_31', 'Project_3_31', 'Project_4_31']","['Azure Certified', 'Google Cloud Certified', 'TensorFlow Developer']","Name: Candidate_31
            Target Position: Data Scientist
            Summary: Experienced professional with 15 years in the tech industry.
            Skills: GraphQL, Agile, Pandas, MongoDB, Node.js, REST APIs, Kubernetes
            Education: Bachelor's in Engineering
            Experience: 15 years
            Projects: Project_0_31, Project_1_31, Project_2_31, Project_3_31, Project_4_31
            Certifications: Azure Certified, Google Cloud Certified, TensorFlow Developer"
RES_0032,Candidate_32,Software Engineer,"['NumPy', 'TensorFlow', 'Git', 'Node.js']",Bachelor's in Statistics,6,"['Project_0_32', 'Project_1_32', 'Project_2_32', 'Project_3_32', 'Project_4_32']",['Scrum Master'],"Name: Candidate_32
            Target Position: Software Engineer
            Summary: Experienced professional with 6 years in the tech industry.
            Skills: NumPy, TensorFlow, Git, Node.js
            Education: Bachelor's in Statistics
            Experience: 6 years
            Projects: Project_0_32, Project_1_32, Project_2_32, Project_3_32, Project_4_32
            Certifications: Scrum Master"
RES_0033,Candidate_33,QA Engineer,"['PyTorch', 'AWS', 'CI/CD', 'NumPy', 'Git', 'SQL', 'Docker', 'REST APIs']",Bachelor's in Physics,3,"['Project_0_33', 'Project_1_33', 'Project_2_33']",[],"Name: Candidate_33
            Target Position: QA Engineer
            Summary: Experienced professional with 3 years in the tech industry.
            Skills: PyTorch, AWS, CI/CD, NumPy, Git, SQL, Docker, REST APIs
            Education: Bachelor's in Physics
            Experience: 3 years
            Projects: Project_0_33, Project_1_33, Project_2_33
            Certifications: None"
RES_0034,Candidate_34,Data Analyst,"['Git', 'Java', 'NumPy', 'SQL', 'MongoDB', 'REST APIs']",Bachelor's in Engineering,13,"['Project_0_34', 'Project_1_34', 'Project_2_34']",['Google Cloud Certified'],"Name: Candidate_34
            Target Position: Data Analyst
            Summary: Experienced professional with 13 years in the tech industry.
            Skills: Git, Java, NumPy, SQL, MongoDB, REST APIs
            Education: Bachelor's in Engineering
            Experience: 13 years
            Projects: Project_0_34, Project_1_34, Project_2_34
            Certifications: Google Cloud Certified"
RES_0035,Candidate_35,System Administrator,"['Node.js', 'SQL', 'Pandas', 'Agile', 'PyTorch', 'Kubernetes', 'JavaScript', 'Git']",Master's in Computer Science,3,"['Project_0_35', 'Project_1_35', 'Project_2_35', 'Project_3_35', 'Project_4_35']",['AWS Certified'],"Name: Candidate_35
            Target Position: System Administrator
            Summary: Experienced professional with 3 years in the tech industry.
            Skills: Node.js, SQL, Pandas, Agile, PyTorch, Kubernetes, JavaScript, Git
            Education: Master's in Computer Science
            Experience: 3 years
            Projects: Project_0_35, Project_1_35, Project_2_35, Project_3_35, Project_4_35
            Certifications: AWS Certified"
RES_0036,Candidate_36,Machine Learning Engineer,"['TensorFlow', 'AWS', 'PostgreSQL', 'Kubernetes', 'Pandas', 'Node.js', 'Python']",Bachelor's in Computer Science,4,"['Project_0_36', 'Project_1_36', 'Project_2_36', 'Project_3_36']",[],"Name: Candidate_36
            Target Position: Machine Learning Engineer
            Summary: Experienced professional with 4 years in the tech industry.
            Skills: TensorFlow, AWS, PostgreSQL, Kubernetes, Pandas, Node.js, Python
            Education: Bachelor's in Computer Science
            Experience: 4 years
            Projects: Project_0_36, Project_1_36, Project_2_36, Project_3_36
            Certifications: None"
RES_0037,Candidate_37,UX Designer,"['React', 'AWS', 'Pandas', 'JavaScript', 'MongoDB', 'PyTorch', 'Git']",Bachelor's in Engineering,11,"['Project_0_37', 'Project_1_37']","['AWS Certified', 'Google Cloud Certified']","Name: Candidate_37
            Target Position: UX Designer
            Summary: Experienced professional with 11 years in the tech industry.
            Skills: React, AWS, Pandas, JavaScript, MongoDB, PyTorch, Git
            Education: Bachelor's in Engineering
            Experience: 11 years
            Projects: Project_0_37, Project_1_37
            Certifications: AWS Certified, Google Cloud Certified"
RES_0038,Candidate_38,Backend Developer,"['PyTorch', 'React', 'SQL', 'Python', 'GraphQL', 'Java']",Bachelor's in Computer Science,6,"['Project_0_38', 'Project_1_38', 'Project_2_38', 'Project_3_38', 'Project_4_38']","['PMP', 'AWS Certified']","Name: Candidate_38
            Target Position: Backend Developer
            Summary: Experienced professional with 6 years in the tech industry.
            Skills: PyTorch, React, SQL, Python, GraphQL, Java
            Education: Bachelor's in Computer Science
            Experience: 6 years
            Projects: Project_0_38, Project_1_38, Project_2_38, Project_3_38, Project_4_38
            Certifications: PMP, AWS Certified"
RES_0039,Candidate_39,UX Designer,"['Java', 'Node.js', 'Agile', 'TensorFlow']",Master's in Physics,8,"['Project_0_39', 'Project_1_39', 'Project_2_39', 'Project_3_39']",[],"Name: Candidate_39
            Target Position: UX Designer
            Summary: Experienced professional with 8 years in the tech industry.
            Skills: Java, Node.js, Agile, TensorFlow
            Education: Master's in Physics
            Experience: 8 years
            Projects: Project_0_39, Project_1_39, Project_2_39, Project_3_39
            Certifications: None"
RES_0040,Candidate_40,Backend Developer,"['TensorFlow', 'CI/CD', 'NumPy', 'PostgreSQL', 'React', 'Agile']",Bachelor's in Mathematics,0,"['Project_0_40', 'Project_1_40']","['AWS Certified', 'Scrum Master']","Name: Candidate_40
            Target Position: Backend Developer
            Summary: Experienced professional with 0 years in the tech industry.
            Skills: TensorFlow, CI/CD, NumPy, PostgreSQL, React, Agile
            Education: Bachelor's in Mathematics
            Experience: 0 years
            Projects: Project_0_40, Project_1_40
            Certifications: AWS Certified, Scrum Master"
RES_0041,Candidate_41,Frontend Developer,"['AWS', 'NumPy', 'Pandas']",PhD in Statistics,15,"['Project_0_41', 'Project_1_41', 'Project_2_41']","['PMP', 'AWS Certified']","Name: Candidate_41
            Target Position: Frontend Developer
            Summary: Experienced professional with 15 years in the tech industry.
            Skills: AWS, NumPy, Pandas
            Education: PhD in Statistics
            Experience: 15 years
            Projects: Project_0_41, Project_1_41, Project_2_41
            Certifications: PMP, AWS Certified"
RES_0042,Candidate_42,System Administrator,"['PyTorch', 'AWS', 'Python', 'Docker']",Bachelor's in Computer Science,8,"['Project_0_42', 'Project_1_42', 'Project_2_42', 'Project_3_42', 'Project_4_42']",['AWS Certified'],"Name: Candidate_42
            Target Position: System Administrator
            Summary: Experienced professional with 8 years in the tech industry.
            Skills: PyTorch, AWS, Python, Docker
            Education: Bachelor's in Computer Science
            Experience: 8 years
            Projects: Project_0_42, Project_1_42, Project_2_42, Project_3_42, Project_4_42
            Certifications: AWS Certified"
RES_0043,Candidate_43,Business Analyst,"['React', 'NumPy', 'AWS', 'PostgreSQL', 'Java', 'Docker']",Bachelor's in Engineering,7,"['Project_0_43', 'Project_1_43', 'Project_2_43', 'Project_3_43']","['Azure Certified', 'TensorFlow Developer', 'PMP']","Name: Candidate_43
            Target Position: Business Analyst
            Summary: Experienced professional with 7 years in the tech industry.
            Skills: React, NumPy, AWS, PostgreSQL, Java, Docker
            Education: Bachelor's in Engineering
            Experience: 7 years
            Projects: Project_0_43, Project_1_43, Project_2_43, Project_3_43
            Certifications: Azure Certified, TensorFlow Developer, PMP"
RES_0044,Candidate_44,Software Engineer,"['SQL', 'Java', 'CI/CD', 'NumPy', 'Docker', 'Pandas', 'JavaScript', 'TensorFlow']",Bachelor's in Statistics,0,"['Project_0_44', 'Project_1_44', 'Project_2_44', 'Project_3_44']","['Azure Certified', 'TensorFlow Developer', 'Scrum Master']","Name: Candidate_44
            Target Position: Software Engineer
            Summary: Experienced professional with 0 years in the tech industry.
            Skills: SQL, Java, CI/CD, NumPy, Docker, Pandas, JavaScript, TensorFlow
            Education: Bachelor's in Statistics
            Experience: 0 years
            Projects: Project_0_44, Project_1_44, Project_2_44, Project_3_44
            Certifications: Azure Certified, TensorFlow Developer, Scrum Master"
RES_0045,Candidate_45,Machine Learning Engineer,"['REST APIs', 'Docker', 'Python']",Bachelor's in Mathematics,2,['Project_0_45'],"['Scrum Master', 'Azure Certified']","Name: Candidate_45
            Target Position: Machine Learning Engineer
            Summary: Experienced professional with 2 years in the tech industry.
            Skills: REST APIs, Docker, Python
            Education: Bachelor's in Mathematics
            Experience: 2 years
            Projects: Project_0_45
            Certifications: Scrum Master, Azure Certified"
RES_0046,Candidate_46,Business Analyst,"['MongoDB', 'Python', 'AWS', 'React', 'Git', 'Agile', 'Docker']",Master's in Statistics,9,"['Project_0_46', 'Project_1_46']",[],"Name: Candidate_46
            Target Position: Business Analyst
            Summary: Experienced professional with 9 years in the tech industry.
            Skills: MongoDB, Python, AWS, React, Git, Agile, Docker
            Education: Master's in Statistics
            Experience: 9 years
            Projects: Project_0_46, Project_1_46
            Certifications: None"
RES_0047,Candidate_47,Product Manager,"['NumPy', 'JavaScript', 'GraphQL', 'PyTorch', 'Agile']",Bachelor's in Engineering,9,"['Project_0_47', 'Project_1_47', 'Project_2_47', 'Project_3_47', 'Project_4_47']","['Azure Certified', 'PMP']","Name: Candidate_47
            Target Position: Product Manager
            Summary: Experienced professional with 9 years in the tech industry.
            Skills: NumPy, JavaScript, GraphQL, PyTorch, Agile
            Education: Bachelor's in Engineering
            Experience: 9 years
            Projects: Project_0_47, Project_1_47, Project_2_47, Project_3_47, Project_4_47
            Certifications: Azure Certified, PMP"
RES_0048,Candidate_48,Frontend Developer,"['Git', 'PostgreSQL', 'Agile', 'NumPy']",PhD in Engineering,12,"['Project_0_48', 'Project_1_48', 'Project_2_48', 'Project_3_48']",['AWS Certified'],"Name: Candidate_48
            Target Position: Frontend Developer
            Summary: Experienced professional with 12 years in the tech industry.
            Skills: Git, PostgreSQL, Agile, NumPy
            Education: PhD in Engineering
            Experience: 12 years
            Projects: Project_0_48, Project_1_48, Project_2_48, Project_3_48
            Certifications: AWS Certified"
RES_0049,Candidate_49,Software Engineer,"['Python', 'JavaScript', 'Java', 'TensorFlow', 'Git', 'Agile', 'PyTorch', 'MongoDB']",Bachelor's in Mathematics,0,"['Project_0_49', 'Project_1_49', 'Project_2_49', 'Project_3_49']","['Azure Certified', 'Scrum Master', 'Google Cloud Certified']","Name: Candidate_49
            Target Position: Software Engineer
            Summary: Experienced professional with 0 years in the tech industry.
            Skills: Python, JavaScript, Java, TensorFlow, Git, Agile, PyTorch, MongoDB
            Education: Bachelor's in Mathematics
            Experience: 0 years
            Projects: Project_0_49, Project_1_49, Project_2_49, Project_3_49
            Certifications: Azure Certified, Scrum Master, Google Cloud Certified"
RES_0050,Candidate_50,System Administrator,"['Python', 'NumPy', 'Kubernetes', 'MongoDB']",PhD in Physics,6,"['Project_0_50', 'Project_1_50', 'Project_2_50', 'Project_3_50', 'Project_4_50']",['Azure Certified'],"Name: Candidate_50
            Target Position: System Administrator
            Summary: Experienced professional with 6 years in the tech industry.
            Skills: Python, NumPy, Kubernetes, MongoDB
            Education: PhD in Physics
            Experience: 6 years
            Projects: Project_0_50, Project_1_50, Project_2_50, Project_3_50, Project_4_50
            Certifications: Azure Certified"
RES_0051,Candidate_51,Machine Learning Engineer,"['TensorFlow', 'Java', 'NumPy']",Master's in Mathematics,9,"['Project_0_51', 'Project_1_51', 'Project_2_51', 'Project_3_51', 'Project_4_51']","['Scrum Master', 'PMP', 'Google Cloud Certified']","Name: Candidate_51
            Target Position: Machine Learning Engineer
            Summary: Experienced professional with 9 years in the tech industry.
            Skills: TensorFlow, Java, NumPy
            Education: Master's in Mathematics
            Experience: 9 years
            Projects: Project_0_51, Project_1_51, Project_2_51, Project_3_51, Project_4_51
            Certifications: Scrum Master, PMP, Google Cloud Certified"
RES_0052,Candidate_52,Full Stack Developer,"['Git', 'Node.js', 'PyTorch', 'GraphQL']",PhD in Mathematics,4,"['Project_0_52', 'Project_1_52', 'Project_2_52', 'Project_3_52', 'Project_4_52']",['AWS Certified'],"Name: Candidate_52
            Target Position: Full Stack Developer
            Summary: Experienced professional with 4 years in the tech industry.
            Skills: Git, Node.js, PyTorch, GraphQL
            Education: PhD in Mathematics
            Experience: 4 years
            Projects: Project_0_52, Project_1_52, Project_2_52, Project_3_52, Project_4_52
            Certifications: AWS Certified"
RES_0053,Candidate_53,Data Scientist,"['CI/CD', 'Kubernetes', 'Python']",PhD in Physics,10,['Project_0_53'],[],"Name: Candidate_53
            Target Position: Data Scientist
            Summary: Experienced professional with 10 years in the tech industry.
            Skills: CI/CD, Kubernetes, Python
            Education: PhD in Physics
            Experience: 10 years
            Projects: Project_0_53
            Certifications: None"
RES_0054,Candidate_54,Product Manager,"['Node.js', 'Git', 'AWS', 'NumPy', 'MongoDB', 'JavaScript', 'CI/CD', 'Docker']",PhD in Physics,11,['Project_0_54'],"['Azure Certified', 'Scrum Master', 'TensorFlow Developer']","Name: Candidate_54
            Target Position: Product Manager
            Summary: Experienced professional with 11 years in the tech industry.
            Skills: Node.js, Git, AWS, NumPy, MongoDB, JavaScript, CI/CD, Docker
            Education: PhD in Physics
            Experience: 11 years
            Projects: Project_0_54
            Certifications: Azure Certified, Scrum Master, TensorFlow Developer"
RES_0055,Candidate_55,UX Designer,"['JavaScript', 'Java', 'Agile', 'PostgreSQL', 'AWS']",PhD in Statistics,6,['Project_0_55'],"['Google Cloud Certified', 'PMP', 'Scrum Master']","Name: Candidate_55
            Target Position: UX Designer
            Summary: Experienced professional with 6 years in the tech industry.
            Skills: JavaScript, Java, Agile, PostgreSQL, AWS
            Education: PhD in Statistics
            Experience: 6 years
            Projects: Project_0_55
            Certifications: Google Cloud Certified, PMP, Scrum Master"
RES_0056,Candidate_56,Software Engineer,"['CI/CD', 'Pandas', 'Docker', 'REST APIs', 'PyTorch', 'Java']",Bachelor's in Computer Science,15,['Project_0_56'],['Google Cloud Certified'],"Name: Candidate_56
            Target Position: Software Engineer
            Summary: Experienced professional with 15 years in the tech industry.
            Skills: CI/CD, Pandas, Docker, REST APIs, PyTorch, Java
            Education: Bachelor's in Computer Science
            Experience: 15 years
            Projects: Project_0_56
            Certifications: Google Cloud Certified"
RES_0057,Candidate_57,DevOps Engineer,"['NumPy', 'REST APIs', 'React']",PhD in Engineering,1,['Project_0_57'],['Google Cloud Certified'],"Name: Candidate_57
            Target Position: DevOps Engineer
            Summary: Experienced professional with 1 years in the tech industry.
            Skills: NumPy, REST APIs, React
            Education: PhD in Engineering
            Experience: 1 years
            Projects: Project_0_57
            Certifications: Google Cloud Certified"
RES_0058,Candidate_58,Software Engineer,"['Git', 'GraphQL', 'TensorFlow', 'PostgreSQL']",Master's in Computer Science,13,"['Project_0_58', 'Project_1_58', 'Project_2_58', 'Project_3_58', 'Project_4_58']",[],"Name: Candidate_58
            Target Position: Software Engineer
            Summary: Experienced professional with 13 years in the tech industry.
            Skills: Git, GraphQL, TensorFlow, PostgreSQL
            Education: Master's in Computer Science
            Experience: 13 years
            Projects: Project_0_58, Project_1_58, Project_2_58, Project_3_58, Project_4_58
            Certifications: None"
RES_0059,Candidate_59,QA Engineer,"['Node.js', 'NumPy', 'REST APIs', 'Python', 'SQL', 'CI/CD', 'React', 'Agile']",PhD in Computer Science,6,"['Project_0_59', 'Project_1_59', 'Project_2_59']","['Azure Certified', 'PMP']","Name: Candidate_59
            Target Position: QA Engineer
            Summary: Experienced professional with 6 years in the tech industry.
            Skills: Node.js, NumPy, REST APIs, Python, SQL, CI/CD, React, Agile
            Education: PhD in Computer Science
            Experience: 6 years
            Projects: Project_0_59, Project_1_59, Project_2_59
            Certifications: Azure Certified, PMP"
RES_0060,Candidate_60,UX Designer,"['PyTorch', 'TensorFlow', 'PostgreSQL', 'JavaScript', 'Kubernetes', 'NumPy', 'SQL']",Master's in Statistics,8,['Project_0_60'],[],"Name: Candidate_60
            Target Position: UX Designer
            Summary: Experienced professional with 8 years in the tech industry.
            Skills: PyTorch, TensorFlow, PostgreSQL, JavaScript, Kubernetes, NumPy, SQL
            Education: Master's in Statistics
            Experience: 8 years
            Projects: Project_0_60
            Certifications: None"
RES_0061,Candidate_61,DevOps Engineer,"['Git', 'AWS', 'JavaScript', 'Java', 'Agile', 'PostgreSQL', 'Node.js', 'Python']",PhD in Physics,14,"['Project_0_61', 'Project_1_61', 'Project_2_61']","['PMP', 'TensorFlow Developer']","Name: Candidate_61
            Target Position: DevOps Engineer
            Summary: Experienced professional with 14 years in the tech industry.
            Skills: Git, AWS, JavaScript, Java, Agile, PostgreSQL, Node.js, Python
            Education: PhD in Physics
            Experience: 14 years
            Projects: Project_0_61, Project_1_61, Project_2_61
            Certifications: PMP, TensorFlow Developer"
RES_0062,Candidate_62,QA Engineer,"['Git', 'MongoDB', 'Java', 'Docker', 'React', 'Agile']",PhD in Statistics,13,['Project_0_62'],[],"Name: Candidate_62
            Target Position: QA Engineer
            Summary: Experienced professional with 13 years in the tech industry.
            Skills: Git, MongoDB, Java, Docker, React, Agile
            Education: PhD in Statistics
            Experience: 13 years
            Projects: Project_0_62
            Certifications: None"
RES_0063,Candidate_63,Machine Learning Engineer,"['React', 'MongoDB', 'JavaScript']",PhD in Engineering,3,"['Project_0_63', 'Project_1_63', 'Project_2_63', 'Project_3_63', 'Project_4_63']","['PMP', 'Google Cloud Certified']","Name: Candidate_63
            Target Position: Machine Learning Engineer
            Summary: Experienced professional with 3 years in the tech industry.
            Skills: React, MongoDB, JavaScript
            Education: PhD in Engineering
            Experience: 3 years
            Projects: Project_0_63, Project_1_63, Project_2_63, Project_3_63, Project_4_63
            Certifications: PMP, Google Cloud Certified"
RES_0064,Candidate_64,Software Engineer,"['GraphQL', 'CI/CD', 'SQL', 'AWS', 'Python', 'MongoDB']",Master's in Physics,15,"['Project_0_64', 'Project_1_64', 'Project_2_64']",[],"Name: Candidate_64
            Target Position: Software Engineer
            Summary: Experienced professional with 15 years in the tech industry.
            Skills: GraphQL, CI/CD, SQL, AWS, Python, MongoDB
            Education: Master's in Physics
            Experience: 15 years
            Projects: Project_0_64, Project_1_64, Project_2_64
            Certifications: None"
RES_0065,Candidate_65,Frontend Developer,"['Agile', 'Java', 'Python', 'Git']",Master's in Statistics,4,"['Project_0_65', 'Project_1_65', 'Project_2_65', 'Project_3_65']",[],"Name: Candidate_65
            Target Position: Frontend Developer
            Summary: Experienced professional with 4 years in the tech industry.
            Skills: Agile, Java, Python, Git
            Education: Master's in Statistics
            Experience: 4 years
            Projects: Project_0_65, Project_1_65, Project_2_65, Project_3_65
            Certifications: None"
RES_0066,Candidate_66,Machine Learning Engineer,"['Node.js', 'JavaScript', 'NumPy', 'Agile']",Master's in Mathematics,8,['Project_0_66'],['TensorFlow Developer'],"Name: Candidate_66
            Target Position: Machine Learning Engineer
            Summary: Experienced professional with 8 years in the tech industry.
            Skills: Node.js, JavaScript, NumPy, Agile
            Education: Master's in Mathematics
            Experience: 8 years
            Projects: Project_0_66
            Certifications: TensorFlow Developer"
RES_0067,Candidate_67,Full Stack Developer,"['Java', 'MongoDB', 'Kubernetes']",PhD in Computer Science,13,"['Project_0_67', 'Project_1_67', 'Project_2_67', 'Project_3_67']","['PMP', 'AWS Certified']","Name: Candidate_67
            Target Position: Full Stack Developer
            Summary: Experienced professional with 13 years in the tech industry.
            Skills: Java, MongoDB, Kubernetes
            Education: PhD in Computer Science
            Experience: 13 years
            Projects: Project_0_67, Project_1_67, Project_2_67, Project_3_67
            Certifications: PMP, AWS Certified"
RES_0068,Candidate_68,Frontend Developer,"['NumPy', 'TensorFlow', 'PostgreSQL', 'Kubernetes', 'Java', 'PyTorch']",Master's in Mathematics,0,"['Project_0_68', 'Project_1_68', 'Project_2_68', 'Project_3_68']",['Scrum Master'],"Name: Candidate_68
            Target Position: Frontend Developer
            Summary: Experienced professional with 0 years in the tech industry.
            Skills: NumPy, TensorFlow, PostgreSQL, Kubernetes, Java, PyTorch
            Education: Master's in Mathematics
            Experience: 0 years
            Projects: Project_0_68, Project_1_68, Project_2_68, Project_3_68
            Certifications: Scrum Master"
RES_0069,Candidate_69,Business Analyst,"['CI/CD', 'NumPy', 'Pandas', 'Git', 'GraphQL', 'AWS']",Master's in Computer Science,13,"['Project_0_69', 'Project_1_69']","['Azure Certified', 'PMP', 'Google Cloud Certified']","Name: Candidate_69
            Target Position: Business Analyst
            Summary: Experienced professional with 13 years in the tech industry.
            Skills: CI/CD, NumPy, Pandas, Git, GraphQL, AWS
            Education: Master's in Computer Science
            Experience: 13 years
            Projects: Project_0_69, Project_1_69
            Certifications: Azure Certified, PMP, Google Cloud Certified"
RES_0070,Candidate_70,System Administrator,"['Node.js', 'NumPy', 'Kubernetes', 'MongoDB', 'PostgreSQL']",Master's in Engineering,0,"['Project_0_70', 'Project_1_70', 'Project_2_70', 'Project_3_70', 'Project_4_70']","['Google Cloud Certified', 'Scrum Master', 'AWS Certified']","Name: Candidate_70
            Target Position: System Administrator
            Summary: Experienced professional with 0 years in the tech industry.
            Skills: Node.js, NumPy, Kubernetes, MongoDB, PostgreSQL
            Education: Master's in Engineering
            Experience: 0 years
            Projects: Project_0_70, Project_1_70, Project_2_70, Project_3_70, Project_4_70
            Certifications: Google Cloud Certified, Scrum Master, AWS Certified"
RES_0071,Candidate_71,Data Scientist,"['GraphQL', 'JavaScript', 'Node.js', 'TensorFlow', 'PostgreSQL', 'MongoDB', 'NumPy', 'React']",Master's in Physics,5,"['Project_0_71', 'Project_1_71', 'Project_2_71', 'Project_3_71', 'Project_4_71']",[],"Name: Candidate_71
            Target Position: Data Scientist
            Summary: Experienced professional with 5 years in the tech industry.
            Skills: GraphQL, JavaScript, Node.js, TensorFlow, PostgreSQL, MongoDB, NumPy, React
            Education: Master's in Physics
            Experience: 5 years
            Projects: Project_0_71, Project_1_71, Project_2_71, Project_3_71, Project_4_71
            Certifications: None"
RES_0072,Candidate_72,QA Engineer,"['MongoDB', 'GraphQL', 'Java', 'PostgreSQL', 'CI/CD']",Master's in Engineering,7,"['Project_0_72', 'Project_1_72', 'Project_2_72']","['Scrum Master', 'Azure Certified']","Name: Candidate_72
            Target Position: QA Engineer
            Summary: Experienced professional with 7 years in the tech industry.
            Skills: MongoDB, GraphQL, Java, PostgreSQL, CI/CD
            Education: Master's in Engineering
            Experience: 7 years
            Projects: Project_0_72, Project_1_72, Project_2_72
            Certifications: Scrum Master, Azure Certified"
RES_0073,Candidate_73,System Administrator,"['GraphQL', 'Java', 'AWS', 'Kubernetes', 'JavaScript']",Bachelor's in Statistics,14,['Project_0_73'],"['TensorFlow Developer', 'Google Cloud Certified']","Name: Candidate_73
            Target Position: System Administrator
            Summary: Experienced professional with 14 years in the tech industry.
            Skills: GraphQL, Java, AWS, Kubernetes, JavaScript
            Education: Bachelor's in Statistics
            Experience: 14 years
            Projects: Project_0_73
            Certifications: TensorFlow Developer, Google Cloud Certified"
RES_0074,Candidate_74,Machine Learning Engineer,"['Agile', 'CI/CD', 'PostgreSQL', 'NumPy', 'AWS']",PhD in Engineering,10,['Project_0_74'],[],"Name: Candidate_74
            Target Position: Machine Learning Engineer
            Summary: Experienced professional with 10 years in the tech industry.
            Skills: Agile, CI/CD, PostgreSQL, NumPy, AWS
            Education: PhD in Engineering
            Experience: 10 years
            Projects: Project_0_74
            Certifications: None"
RES_0075,Candidate_75,Product Manager,"['Pandas', 'MongoDB', 'Kubernetes', 'PyTorch', 'JavaScript']",PhD in Mathematics,0,"['Project_0_75', 'Project_1_75']",[],"Name: Candidate_75
            Target Position: Product Manager
            Summary: Experienced professional with 0 years in the tech industry.
            Skills: Pandas, MongoDB, Kubernetes, PyTorch, JavaScript
            Education: PhD in Mathematics
            Experience: 0 years
            Projects: Project_0_75, Project_1_75
            Certifications: None"
RES_0076,Candidate_76,Product Manager,"['Docker', 'SQL', 'Node.js', 'PostgreSQL', 'Python', 'Java', 'REST APIs']",Bachelor's in Engineering,6,"['Project_0_76', 'Project_1_76', 'Project_2_76', 'Project_3_76', 'Project_4_76']",['Azure Certified'],"Name: Candidate_76
            Target Position: Product Manager
            Summary: Experienced professional with 6 years in the tech industry.
            Skills: Docker, SQL, Node.js, PostgreSQL, Python, Java, REST APIs
            Education: Bachelor's in Engineering
            Experience: 6 years
            Projects: Project_0_76, Project_1_76, Project_2_76, Project_3_76, Project_4_76
            Certifications: Azure Certified"
RES_0077,Candidate_77,QA Engineer,"['React', 'Node.js', 'SQL', 'PyTorch']",Master's in Mathematics,7,"['Project_0_77', 'Project_1_77', 'Project_2_77', 'Project_3_77']",['Scrum Master'],"Name: Candidate_77
            Target Position: QA Engineer
            Summary: Experienced professional with 7 years in the tech industry.
            Skills: React, Node.js, SQL, PyTorch
            Education: Master's in Mathematics
            Experience: 7 years
            Projects: Project_0_77, Project_1_77, Project_2_77, Project_3_77
            Certifications: Scrum Master"
RES_0078,Candidate_78,UX Designer,"['Java', 'Docker', 'Agile']",Master's in Physics,11,"['Project_0_78', 'Project_1_78', 'Project_2_78']","['PMP', 'AWS Certified']","Name: Candidate_78
            Target Position: UX Designer
            Summary: Experienced professional with 11 years in the tech industry.
            Skills: Java, Docker, Agile
            Education: Master's in Physics
            Experience: 11 years
            Projects: Project_0_78, Project_1_78, Project_2_78
            Certifications: PMP, AWS Certified"
RES_0079,Candidate_79,System Administrator,"['Pandas', 'JavaScript', 'Docker']",PhD in Engineering,13,"['Project_0_79', 'Project_1_79', 'Project_2_79', 'Project_3_79']",[],"Name: Candidate_79
            Target Position: System Administrator
            Summary: Experienced professional with 13 years in the tech industry.
            Skills: Pandas, JavaScript, Docker
            Education: PhD in Engineering
            Experience: 13 years
            Projects: Project_0_79, Project_1_79, Project_2_79, Project_3_79
            Certifications: None"
RES_0080,Candidate_80,System Administrator,"['Git', 'Pandas', 'PyTorch', 'CI/CD']",Bachelor's in Computer Science,14,['Project_0_80'],"['TensorFlow Developer', 'Azure Certified', 'Scrum Master']","Name: Candidate_80
            Target Position: System Administrator
            Summary: Experienced professional with 14 years in the tech industry.
            Skills: Git, Pandas, PyTorch, CI/CD
            Education: Bachelor's in Computer Science
            Experience: 14 years
            Projects: Project_0_80
            Certifications: TensorFlow Developer, Azure Certified, Scrum Master"
RES_0081,Candidate_81,Frontend Developer,"['Kubernetes', 'JavaScript', 'GraphQL', 'Git', 'Agile', 'Java']",PhD in Engineering,15,"['Project_0_81', 'Project_1_81']","['PMP', 'Google Cloud Certified', 'Azure Certified']","Name: Candidate_81
            Target Position: Frontend Developer
            Summary: Experienced professional with 15 years in the tech industry.
            Skills: Kubernetes, JavaScript, GraphQL, Git, Agile, Java
            Education: PhD in Engineering
            Experience: 15 years
            Projects: Project_0_81, Project_1_81
            Certifications: PMP, Google Cloud Certified, Azure Certified"
RES_0082,Candidate_82,QA Engineer,"['CI/CD', 'REST APIs', 'Agile', 'JavaScript', 'TensorFlow', 'Node.js', 'MongoDB', 'Java']",Bachelor's in Engineering,12,"['Project_0_82', 'Project_1_82', 'Project_2_82']",[],"Name: Candidate_82
            Target Position: QA Engineer
            Summary: Experienced professional with 12 years in the tech industry.
            Skills: CI/CD, REST APIs, Agile, JavaScript, TensorFlow, Node.js, MongoDB, Java
            Education: Bachelor's in Engineering
            Experience: 12 years
            Projects: Project_0_82, Project_1_82, Project_2_82
            Certifications: None"
RES_0083,Candidate_83,Data Analyst,"['Python', 'Docker', 'AWS', 'JavaScript', 'PostgreSQL', 'Kubernetes', 'TensorFlow', 'Pandas']",Master's in Computer Science,4,"['Project_0_83', 'Project_1_83', 'Project_2_83', 'Project_3_83', 'Project_4_83']",['Scrum Master'],"Name: Candidate_83
            Target Position: Data Analyst
            Summary: Experienced professional with 4 years in the tech industry.
            Skills: Python, Docker, AWS, JavaScript, PostgreSQL, Kubernetes, TensorFlow, Pandas
            Education: Master's in Computer Science
            Experience: 4 years
            Projects: Project_0_83, Project_1_83, Project_2_83, Project_3_83, Project_4_83
            Certifications: Scrum Master"
RES_0084,Candidate_84,QA Engineer,"['Java', 'Kubernetes', 'Docker', 'MongoDB', 'SQL', 'CI/CD', 'Pandas']",Bachelor's in Computer Science,6,"['Project_0_84', 'Project_1_84', 'Project_2_84', 'Project_3_84', 'Project_4_84']",[],"Name: Candidate_84
            Target Position: QA Engineer
            Summary: Experienced professional with 6 years in the tech industry.
            Skills: Java, Kubernetes, Docker, MongoDB, SQL, CI/CD, Pandas
            Education: Bachelor's in Computer Science
            Experience: 6 years
            Projects: Project_0_84, Project_1_84, Project_2_84, Project_3_84, Project_4_84
            Certifications: None"
RES_0085,Candidate_85,Software Engineer,"['Node.js', 'GraphQL', 'JavaScript']",PhD in Computer Science,15,"['Project_0_85', 'Project_1_85', 'Project_2_85']",['AWS Certified'],"Name: Candidate_85
            Target Position: Software Engineer
            Summary: Experienced professional with 15 years in the tech industry.
            Skills: Node.js, GraphQL, JavaScript
            Education: PhD in Computer Science
            Experience: 15 years
            Projects: Project_0_85, Project_1_85, Project_2_85
            Certifications: AWS Certified"
RES_0086,Candidate_86,System Administrator,"['Pandas', 'Git', 'PyTorch', 'GraphQL', 'Java', 'PostgreSQL', 'MongoDB', 'Agile']",Master's in Mathematics,3,"['Project_0_86', 'Project_1_86', 'Project_2_86']",[],"Name: Candidate_86
            Target Position: System Administrator
            Summary: Experienced professional with 3 years in the tech industry.
            Skills: Pandas, Git, PyTorch, GraphQL, Java, PostgreSQL, MongoDB, Agile
            Education: Master's in Mathematics
            Experience: 3 years
            Projects: Project_0_86, Project_1_86, Project_2_86
            Certifications: None"
RES_0087,Candidate_87,System Administrator,"['SQL', 'Docker', 'JavaScript', 'Python', 'NumPy', 'Java', 'Kubernetes', 'Agile']",Master's in Physics,6,"['Project_0_87', 'Project_1_87', 'Project_2_87', 'Project_3_87']",[],"Name: Candidate_87
            Target Position: System Administrator
            Summary: Experienced professional with 6 years in the tech industry.
            Skills: SQL, Docker, JavaScript, Python, NumPy, Java, Kubernetes, Agile
            Education: Master's in Physics
            Experience: 6 years
            Projects: Project_0_87, Project_1_87, Project_2_87, Project_3_87
            Certifications: None"
RES_0088,Candidate_88,Data Scientist,"['SQL', 'GraphQL', 'NumPy']",Master's in Engineering,9,['Project_0_88'],['Azure Certified'],"Name: Candidate_88
            Target Position: Data Scientist
            Summary: Experienced professional with 9 years in the tech industry.
            Skills: SQL, GraphQL, NumPy
            Education: Master's in Engineering
            Experience: 9 years
            Projects: Project_0_88
            Certifications: Azure Certified"
RES_0089,Candidate_89,UX Designer,"['Kubernetes', 'Pandas', 'React', 'Docker', 'REST APIs']",Bachelor's in Mathematics,9,"['Project_0_89', 'Project_1_89']",[],"Name: Candidate_89
            Target Position: UX Designer
            Summary: Experienced professional with 9 years in the tech industry.
            Skills: Kubernetes, Pandas, React, Docker, REST APIs
            Education: Bachelor's in Mathematics
            Experience: 9 years
            Projects: Project_0_89, Project_1_89
            Certifications: None"
RES_0090,Candidate_90,Frontend Developer,"['GraphQL', 'Python', 'Java', 'Agile', 'React', 'REST APIs', 'Git']",PhD in Mathematics,10,"['Project_0_90', 'Project_1_90', 'Project_2_90', 'Project_3_90', 'Project_4_90']","['Google Cloud Certified', 'Scrum Master']","Name: Candidate_90
            Target Position: Frontend Developer
            Summary: Experienced professional with 10 years in the tech industry.
            Skills: GraphQL, Python, Java, Agile, React, REST APIs, Git
            Education: PhD in Mathematics
            Experience: 10 years
            Projects: Project_0_90, Project_1_90, Project_2_90, Project_3_90, Project_4_90
            Certifications: Google Cloud Certified, Scrum Master"
RES_0091,Candidate_91,DevOps Engineer,"['Java', 'Pandas', 'Docker', 'Agile', 'SQL', 'TensorFlow', 'PostgreSQL', 'React']",Bachelor's in Computer Science,2,"['Project_0_91', 'Project_1_91', 'Project_2_91', 'Project_3_91', 'Project_4_91']",[],"Name: Candidate_91
            Target Position: DevOps Engineer
            Summary: Experienced professional with 2 years in the tech industry.
            Skills: Java, Pandas, Docker, Agile, SQL, TensorFlow, PostgreSQL, React
            Education: Bachelor's in Computer Science
            Experience: 2 years
            Projects: Project_0_91, Project_1_91, Project_2_91, Project_3_91, Project_4_91
            Certifications: None"
RES_0092,Candidate_92,UX Designer,"['PostgreSQL', 'Python', 'Git', 'Agile', 'Kubernetes', 'Java']",Master's in Mathematics,2,"['Project_0_92', 'Project_1_92']",['PMP'],"Name: Candidate_92
            Target Position: UX Designer
            Summary: Experienced professional with 2 years in the tech industry.
            Skills: PostgreSQL, Python, Git, Agile, Kubernetes, Java
            Education: Master's in Mathematics
            Experience: 2 years
            Projects: Project_0_92, Project_1_92
            Certifications: PMP"
RES_0093,Candidate_93,Frontend Developer,"['Agile', 'SQL', 'REST APIs', 'CI/CD']",PhD in Engineering,8,"['Project_0_93', 'Project_1_93']",[],"Name: Candidate_93
            Target Position: Frontend Developer
            Summary: Experienced professional with 8 years in the tech industry.
            Skills: Agile, SQL, REST APIs, CI/CD
            Education: PhD in Engineering
            Experience: 8 years
            Projects: Project_0_93, Project_1_93
            Certifications: None"
RES_0094,Candidate_94,Software Engineer,"['CI/CD', 'GraphQL', 'Agile', 'React', 'Kubernetes', 'Docker', 'Git']",Master's in Physics,10,['Project_0_94'],"['Scrum Master', 'TensorFlow Developer']","Name: Candidate_94
            Target Position: Software Engineer
            Summary: Experienced professional with 10 years in the tech industry.
            Skills: CI/CD, GraphQL, Agile, React, Kubernetes, Docker, Git
            Education: Master's in Physics
            Experience: 10 years
            Projects: Project_0_94
            Certifications: Scrum Master, TensorFlow Developer"
RES_0095,Candidate_95,DevOps Engineer,"['Docker', 'GraphQL', 'CI/CD', 'REST APIs', 'Python', 'Git', 'Agile', 'Kubernetes']",Bachelor's in Computer Science,12,"['Project_0_95', 'Project_1_95', 'Project_2_95']","['Scrum Master', 'TensorFlow Developer']","Name: Candidate_95
            Target Position: DevOps Engineer
            Summary: Experienced professional with 12 years in the tech industry.
            Skills: Docker, GraphQL, CI/CD, REST APIs, Python, Git, Agile, Kubernetes
            Education: Bachelor's in Computer Science
            Experience: 12 years
            Projects: Project_0_95, Project_1_95, Project_2_95
            Certifications: Scrum Master, TensorFlow Developer"
RES_0096,Candidate_96,QA Engineer,"['SQL', 'React', 'Python', 'TensorFlow', 'Git', 'PyTorch', 'AWS']",PhD in Computer Science,11,"['Project_0_96', 'Project_1_96', 'Project_2_96', 'Project_3_96', 'Project_4_96']","['Azure Certified', 'Google Cloud Certified', 'Scrum Master']","Name: Candidate_96
            Target Position: QA Engineer
            Summary: Experienced professional with 11 years in the tech industry.
            Skills: SQL, React, Python, TensorFlow, Git, PyTorch, AWS
            Education: PhD in Computer Science
            Experience: 11 years
            Projects: Project_0_96, Project_1_96, Project_2_96, Project_3_96, Project_4_96
            Certifications: Azure Certified, Google Cloud Certified, Scrum Master"
RES_0097,Candidate_97,Software Engineer,"['PostgreSQL', 'Kubernetes', 'TensorFlow', 'Git', 'NumPy', 'SQL', 'JavaScript']",Master's in Computer Science,1,['Project_0_97'],['PMP'],"Name: Candidate_97
            Target Position: Software Engineer
            Summary: Experienced professional with 1 years in the tech industry.
            Skills: PostgreSQL, Kubernetes, TensorFlow, Git, NumPy, SQL, JavaScript
            Education: Master's in Computer Science
            Experience: 1 years
            Projects: Project_0_97
            Certifications: PMP"
RES_0098,Candidate_98,DevOps Engineer,"['GraphQL', 'Pandas', 'AWS', 'Java', 'Agile', 'Python']",Master's in Engineering,15,['Project_0_98'],"['PMP', 'TensorFlow Developer']","Name: Candidate_98
            Target Position: DevOps Engineer
            Summary: Experienced professional with 15 years in the tech industry.
            Skills: GraphQL, Pandas, AWS, Java, Agile, Python
            Education: Master's in Engineering
            Experience: 15 years
            Projects: Project_0_98
            Certifications: PMP, TensorFlow Developer"
RES_0099,Candidate_99,Software Engineer,"['REST APIs', 'Pandas', 'Python', 'GraphQL', 'Git', 'Kubernetes', 'Node.js']",Bachelor's in Engineering,10,"['Project_0_99', 'Project_1_99', 'Project_2_99', 'Project_3_99', 'Project_4_99']","['PMP', 'Google Cloud Certified', 'TensorFlow Developer']","Name: Candidate_99
            Target Position: Software Engineer
            Summary: Experienced professional with 10 years in the tech industry.
            Skills: REST APIs, Pandas, Python, GraphQL, Git, Kubernetes, Node.js
            Education: Bachelor's in Engineering
            Experience: 10 years
            Projects: Project_0_99, Project_1_99, Project_2_99, Project_3_99, Project_4_99
            Certifications: PMP, Google Cloud Certified, TensorFlow Developer"
RES_0100,Candidate_100,Full Stack Developer,"['Git', 'GraphQL', 'Node.js']",Bachelor's in Engineering,0,"['Project_0_100', 'Project_1_100', 'Project_2_100', 'Project_3_100']",['AWS Certified'],"Name: Candidate_100
            Target Position: Full Stack Developer
            Summary: Experienced professional with 0 years in the tech industry.
            Skills: Git, GraphQL, Node.js
            Education: Bachelor's in Engineering
            Experience: 0 years
            Projects: Project_0_100, Project_1_100, Project_2_100, Project_3_100
            Certifications: AWS Certified"
RES_0101,Candidate_101,Product Manager,"['REST APIs', 'Pandas', 'AWS', 'PostgreSQL', 'PyTorch', 'React']",PhD in Engineering,8,"['Project_0_101', 'Project_1_101', 'Project_2_101', 'Project_3_101']",[],"Name: Candidate_101
            Target Position: Product Manager
            Summary: Experienced professional with 8 years in the tech industry.
            Skills: REST APIs, Pandas, AWS, PostgreSQL, PyTorch, React
            Education: PhD in Engineering
            Experience: 8 years
            Projects: Project_0_101, Project_1_101, Project_2_101, Project_3_101
            Certifications: None"
RES_0102,Candidate_102,Full Stack Developer,"['NumPy', 'Pandas', 'PostgreSQL', 'Agile']",PhD in Computer Science,14,['Project_0_102'],"['AWS Certified', 'Google Cloud Certified', 'Azure Certified']","Name: Candidate_102
            Target Position: Full Stack Developer
            Summary: Experienced professional with 14 years in the tech industry.
            Skills: NumPy, Pandas, PostgreSQL, Agile
            Education: PhD in Computer Science
            Experience: 14 years
            Projects: Project_0_102
            Certifications: AWS Certified, Google Cloud Certified, Azure Certified"
RES_0103,Candidate_103,System Administrator,"['PostgreSQL', 'Pandas', 'Agile']",PhD in Computer Science,10,['Project_0_103'],"['Azure Certified', 'Google Cloud Certified', 'PMP']","Name: Candidate_103
            Target Position: System Administrator
            Summary: Experienced professional with 10 years in the tech industry.
            Skills: PostgreSQL, Pandas, Agile
            Education: PhD in Computer Science
            Experience: 10 years
            Projects: Project_0_103
            Certifications: Azure Certified, Google Cloud Certified, PMP"
RES_0104,Candidate_104,Data Scientist,"['CI/CD', 'React', 'Python', 'TensorFlow', 'Agile']",Bachelor's in Engineering,14,"['Project_0_104', 'Project_1_104', 'Project_2_104']","['AWS Certified', 'Google Cloud Certified']","Name: Candidate_104
            Target Position: Data Scientist
            Summary: Experienced professional with 14 years in the tech industry.
            Skills: CI/CD, React, Python, TensorFlow, Agile
            Education: Bachelor's in Engineering
            Experience: 14 years
            Projects: Project_0_104, Project_1_104, Project_2_104
            Certifications: AWS Certified, Google Cloud Certified"
RES_0105,Candidate_105,Full Stack Developer,"['Python', 'Pandas', 'React', 'GraphQL', 'Kubernetes', 'PyTorch', 'Git', 'MongoDB']",PhD in Engineering,8,"['Project_0_105', 'Project_1_105', 'Project_2_105']",[],"Name: Candidate_105
            Target Position: Full Stack Developer
            Summary: Experienced professional with 8 years in the tech industry.
            Skills: Python, Pandas, React, GraphQL, Kubernetes, PyTorch, Git, MongoDB
            Education: PhD in Engineering
            Experience: 8 years
            Projects: Project_0_105, Project_1_105, Project_2_105
            Certifications: None"
RES_0106,Candidate_106,Machine Learning Engineer,"['React', 'Kubernetes', 'AWS', 'Git', 'REST APIs', 'PyTorch']",PhD in Engineering,7,"['Project_0_106', 'Project_1_106']","['Azure Certified', 'Google Cloud Certified']","Name: Candidate_106
            Target Position: Machine Learning Engineer
            Summary: Experienced professional with 7 years in the tech industry.
            Skills: React, Kubernetes, AWS, Git, REST APIs, PyTorch
            Education: PhD in Engineering
            Experience: 7 years
            Projects: Project_0_106, Project_1_106
            Certifications: Azure Certified, Google Cloud Certified"
RES_0107,Candidate_107,Frontend Developer,"['Git', 'React', 'AWS']",Bachelor's in Mathematics,5,"['Project_0_107', 'Project_1_107', 'Project_2_107', 'Project_3_107']","['Google Cloud Certified', 'Azure Certified', 'PMP']","Name: Candidate_107
            Target Position: Frontend Developer
            Summary: Experienced professional with 5 years in the tech industry.
            Skills: Git, React, AWS
            Education: Bachelor's in Mathematics
            Experience: 5 years
            Projects: Project_0_107, Project_1_107, Project_2_107, Project_3_107
            Certifications: Google Cloud Certified, Azure Certified, PMP"
RES_0108,Candidate_108,Full Stack Developer,"['Docker', 'REST APIs', 'Git']",Master's in Engineering,14,['Project_0_108'],"['Google Cloud Certified', 'Azure Certified']","Name: Candidate_108
            Target Position: Full Stack Developer
            Summary: Experienced professional with 14 years in the tech industry.
            Skills: Docker, REST APIs, Git
            Education: Master's in Engineering
            Experience: 14 years
            Projects: Project_0_108
            Certifications: Google Cloud Certified, Azure Certified"
RES_0109,Candidate_109,Full Stack Developer,"['AWS', 'Python', 'NumPy', 'Git', 'PyTorch', 'Pandas', 'PostgreSQL', 'REST APIs']",Bachelor's in Statistics,12,"['Project_0_109', 'Project_1_109', 'Project_2_109']","['Scrum Master', 'Azure Certified']","Name: Candidate_109
            Target Position: Full Stack Developer
            Summary: Experienced professional with 12 years in the tech industry.
            Skills: AWS, Python, NumPy, Git, PyTorch, Pandas, PostgreSQL, REST APIs
            Education: Bachelor's in Statistics
            Experience: 12 years
            Projects: Project_0_109, Project_1_109, Project_2_109
            Certifications: Scrum Master, Azure Certified"
RES_0110,Candidate_110,Machine Learning Engineer,"['Java', 'MongoDB', 'React', 'REST APIs']",PhD in Computer Science,13,"['Project_0_110', 'Project_1_110']","['Scrum Master', 'Google Cloud Certified', 'TensorFlow Developer']","Name: Candidate_110
            Target Position: Machine Learning Engineer
            Summary: Experienced professional with 13 years in the tech industry.
            Skills: Java, MongoDB, React, REST APIs
            Education: PhD in Computer Science
            Experience: 13 years
            Projects: Project_0_110, Project_1_110
            Certifications: Scrum Master, Google Cloud Certified, TensorFlow Developer"
RES_0111,Candidate_111,Full Stack Developer,"['MongoDB', 'Node.js', 'React']",Master's in Mathematics,12,"['Project_0_111', 'Project_1_111']","['Scrum Master', 'AWS Certified', 'Google Cloud Certified']","Name: Candidate_111
            Target Position: Full Stack Developer
            Summary: Experienced professional with 12 years in the tech industry.
            Skills: MongoDB, Node.js, React
            Education: Master's in Mathematics
            Experience: 12 years
            Projects: Project_0_111, Project_1_111
            Certifications: Scrum Master, AWS Certified, Google Cloud Certified"
RES_0112,Candidate_112,Data Analyst,"['REST APIs', 'CI/CD', 'Agile', 'PyTorch']",Bachelor's in Engineering,13,"['Project_0_112', 'Project_1_112', 'Project_2_112']","['AWS Certified', 'Scrum Master', 'Google Cloud Certified']","Name: Candidate_112
            Target Position: Data Analyst
            Summary: Experienced professional with 13 years in the tech industry.
            Skills: REST APIs, CI/CD, Agile, PyTorch
            Education: Bachelor's in Engineering
            Experience: 13 years
            Projects: Project_0_112, Project_1_112, Project_2_112
            Certifications: AWS Certified, Scrum Master, Google Cloud Certified"
RES_0113,Candidate_113,System Administrator,"['TensorFlow', 'Node.js', 'PostgreSQL', 'Git', 'GraphQL', 'AWS', 'CI/CD']",Master's in Computer Science,14,['Project_0_113'],"['PMP', 'TensorFlow Developer']","Name: Candidate_113
            Target Position: System Administrator
            Summary: Experienced professional with 14 years in the tech industry.
            Skills: TensorFlow, Node.js, PostgreSQL, Git, GraphQL, AWS, CI/CD
            Education: Master's in Computer Science
            Experience: 14 years
            Projects: Project_0_113
            Certifications: PMP, TensorFlow Developer"
RES_0114,Candidate_114,UX Designer,"['CI/CD', 'NumPy', 'PostgreSQL', 'TensorFlow', 'REST APIs', 'Docker', 'Git']",Bachelor's in Engineering,5,"['Project_0_114', 'Project_1_114', 'Project_2_114']",['TensorFlow Developer'],"Name: Candidate_114
            Target Position: UX Designer
            Summary: Experienced professional with 5 years in the tech industry.
            Skills: CI/CD, NumPy, PostgreSQL, TensorFlow, REST APIs, Docker, Git
            Education: Bachelor's in Engineering
            Experience: 5 years
            Projects: Project_0_114, Project_1_114, Project_2_114
            Certifications: TensorFlow Developer"
RES_0115,Candidate_115,Data Scientist,"['PyTorch', 'Java', 'JavaScript', 'Python', 'TensorFlow', 'Docker', 'Kubernetes', 'REST APIs']",Bachelor's in Mathematics,13,"['Project_0_115', 'Project_1_115', 'Project_2_115']",[],"Name: Candidate_115
            Target Position: Data Scientist
            Summary: Experienced professional with 13 years in the tech industry.
            Skills: PyTorch, Java, JavaScript, Python, TensorFlow, Docker, Kubernetes, REST APIs
            Education: Bachelor's in Mathematics
            Experience: 13 years
            Projects: Project_0_115, Project_1_115, Project_2_115
            Certifications: None"
RES_0116,Candidate_116,Machine Learning Engineer,"['PostgreSQL', 'Python', 'PyTorch']",PhD in Physics,9,"['Project_0_116', 'Project_1_116', 'Project_2_116', 'Project_3_116', 'Project_4_116']","['Google Cloud Certified', 'AWS Certified']","Name: Candidate_116
            Target Position: Machine Learning Engineer
            Summary: Experienced professional with 9 years in the tech industry.
            Skills: PostgreSQL, Python, PyTorch
            Education: PhD in Physics
            Experience: 9 years
            Projects: Project_0_116, Project_1_116, Project_2_116, Project_3_116, Project_4_116
            Certifications: Google Cloud Certified, AWS Certified"
RES_0117,Candidate_117,Product Manager,"['Agile', 'CI/CD', 'Python', 'Git', 'Kubernetes']",Bachelor's in Physics,4,"['Project_0_117', 'Project_1_117', 'Project_2_117', 'Project_3_117']",[],"Name: Candidate_117
            Target Position: Product Manager
            Summary: Experienced professional with 4 years in the tech industry.
            Skills: Agile, CI/CD, Python, Git, Kubernetes
            Education: Bachelor's in Physics
            Experience: 4 years
            Projects: Project_0_117, Project_1_117, Project_2_117, Project_3_117
            Certifications: None"
RES_0118,Candidate_118,QA Engineer,"['Docker', 'Git', 'Pandas', 'AWS', 'CI/CD', 'MongoDB']",Master's in Engineering,5,"['Project_0_118', 'Project_1_118']",['TensorFlow Developer'],"Name: Candidate_118
            Target Position: QA Engineer
            Summary: Experienced professional with 5 years in the tech industry.
            Skills: Docker, Git, Pandas, AWS, CI/CD, MongoDB
            Education: Master's in Engineering
            Experience: 5 years
            Projects: Project_0_118, Project_1_118
            Certifications: TensorFlow Developer"
RES_0119,Candidate_119,DevOps Engineer,"['CI/CD', 'PyTorch', 'PostgreSQL', 'TensorFlow', 'MongoDB', 'Python']",Master's in Mathematics,8,['Project_0_119'],[],"Name: Candidate_119
            Target Position: DevOps Engineer
            Summary: Experienced professional with 8 years in the tech industry.
            Skills: CI/CD, PyTorch, PostgreSQL, TensorFlow, MongoDB, Python
            Education: Master's in Mathematics
            Experience: 8 years
            Projects: Project_0_119
            Certifications: None"
RES_0120,Candidate_120,Data Scientist,"['NumPy', 'CI/CD', 'Pandas', 'Python', 'Docker', 'Kubernetes']",Master's in Engineering,4,"['Project_0_120', 'Project_1_120', 'Project_2_120']","['TensorFlow Developer', 'AWS Certified', 'PMP']","Name: Candidate_120
            Target Position: Data Scientist
            Summary: Experienced professional with 4 years in the tech industry.
            Skills: NumPy, CI/CD, Pandas, Python, Docker, Kubernetes
            Education: Master's in Engineering
            Experience: 4 years
            Projects: Project_0_120, Project_1_120, Project_2_120
            Certifications: TensorFlow Developer, AWS Certified, PMP"
RES_0121,Candidate_121,UX Designer,"['Java', 'Agile', 'TensorFlow', 'Node.js']",Bachelor's in Statistics,4,"['Project_0_121', 'Project_1_121', 'Project_2_121']",[],"Name: Candidate_121
            Target Position: UX Designer
            Summary: Experienced professional with 4 years in the tech industry.
            Skills: Java, Agile, TensorFlow, Node.js
            Education: Bachelor's in Statistics
            Experience: 4 years
            Projects: Project_0_121, Project_1_121, Project_2_121
            Certifications: None"
RES_0122,Candidate_122,Frontend Developer,"['Java', 'Node.js', 'Python', 'Git', 'JavaScript', 'React', 'Pandas', 'AWS']",PhD in Mathematics,7,"['Project_0_122', 'Project_1_122', 'Project_2_122']","['TensorFlow Developer', 'AWS Certified']","Name: Candidate_122
            Target Position: Frontend Developer
            Summary: Experienced professional with 7 years in the tech industry.
            Skills: Java, Node.js, Python, Git, JavaScript, React, Pandas, AWS
            Education: PhD in Mathematics
            Experience: 7 years
            Projects: Project_0_122, Project_1_122, Project_2_122
            Certifications: TensorFlow Developer, AWS Certified"
RES_0123,Candidate_123,Software Engineer,"['GraphQL', 'CI/CD', 'REST APIs', 'NumPy', 'SQL', 'PyTorch', 'AWS']",Master's in Mathematics,10,['Project_0_123'],[],"Name: Candidate_123
            Target Position: Software Engineer
            Summary: Experienced professional with 10 years in the tech industry.
            Skills: GraphQL, CI/CD, REST APIs, NumPy, SQL, PyTorch, AWS
            Education: Master's in Mathematics
            Experience: 10 years
            Projects: Project_0_123
            Certifications: None"
RES_0124,Candidate_124,QA Engineer,"['Agile', 'AWS', 'Docker', 'React', 'Git', 'Pandas']",Master's in Mathematics,1,['Project_0_124'],"['TensorFlow Developer', 'Google Cloud Certified', 'AWS Certified']","Name: Candidate_124
            Target Position: QA Engineer
            Summary: Experienced professional with 1 years in the tech industry.
            Skills: Agile, AWS, Docker, React, Git, Pandas
            Education: Master's in Mathematics
            Experience: 1 years
            Projects: Project_0_124
            Certifications: TensorFlow Developer, Google Cloud Certified, AWS Certified"
RES_0125,Candidate_125,Product Manager,"['PostgreSQL', 'Node.js', 'CI/CD', 'PyTorch', 'Kubernetes', 'Pandas', 'Git']",Master's in Engineering,3,"['Project_0_125', 'Project_1_125']","['Google Cloud Certified', 'PMP']","Name: Candidate_125
            Target Position: Product Manager
            Summary: Experienced professional with 3 years in the tech industry.
            Skills: PostgreSQL, Node.js, CI/CD, PyTorch, Kubernetes, Pandas, Git
            Education: Master's in Engineering
            Experience: 3 years
            Projects: Project_0_125, Project_1_125
            Certifications: Google Cloud Certified, PMP"
RES_0126,Candidate_126,DevOps Engineer,"['MongoDB', 'NumPy', 'Node.js', 'Kubernetes', 'REST APIs']",Bachelor's in Engineering,9,['Project_0_126'],['Google Cloud Certified'],"Name: Candidate_126
            Target Position: DevOps Engineer
            Summary: Experienced professional with 9 years in the tech industry.
            Skills: MongoDB, NumPy, Node.js, Kubernetes, REST APIs
            Education: Bachelor's in Engineering
            Experience: 9 years
            Projects: Project_0_126
            Certifications: Google Cloud Certified"
RES_0127,Candidate_127,Software Engineer,"['PyTorch', 'PostgreSQL', 'GraphQL', 'MongoDB', 'SQL']",Master's in Engineering,7,"['Project_0_127', 'Project_1_127', 'Project_2_127', 'Project_3_127']",['AWS Certified'],"Name: Candidate_127
            Target Position: Software Engineer
            Summary: Experienced professional with 7 years in the tech industry.
            Skills: PyTorch, PostgreSQL, GraphQL, MongoDB, SQL
            Education: Master's in Engineering
            Experience: 7 years
            Projects: Project_0_127, Project_1_127, Project_2_127, Project_3_127
            Certifications: AWS Certified"
RES_0128,Candidate_128,Data Analyst,"['AWS', 'NumPy', 'Kubernetes', 'MongoDB', 'PostgreSQL']",Bachelor's in Mathematics,7,"['Project_0_128', 'Project_1_128', 'Project_2_128', 'Project_3_128', 'Project_4_128']","['TensorFlow Developer', 'Azure Certified', 'Google Cloud Certified']","Name: Candidate_128
            Target Position: Data Analyst
            Summary: Experienced professional with 7 years in the tech industry.
            Skills: AWS, NumPy, Kubernetes, MongoDB, PostgreSQL
            Education: Bachelor's in Mathematics
            Experience: 7 years
            Projects: Project_0_128, Project_1_128, Project_2_128, Project_3_128, Project_4_128
            Certifications: TensorFlow Developer, Azure Certified, Google Cloud Certified"
RES_0129,Candidate_129,Product Manager,"['CI/CD', 'Agile', 'Node.js', 'Docker', 'Pandas', 'Git']",Master's in Computer Science,15,"['Project_0_129', 'Project_1_129', 'Project_2_129', 'Project_3_129']",['Azure Certified'],"Name: Candidate_129
            Target Position: Product Manager
            Summary: Experienced professional with 15 years in the tech industry.
            Skills: CI/CD, Agile, Node.js, Docker, Pandas, Git
            Education: Master's in Computer Science
            Experience: 15 years
            Projects: Project_0_129, Project_1_129, Project_2_129, Project_3_129
            Certifications: Azure Certified"
RES_0130,Candidate_130,Frontend Developer,"['AWS', 'REST APIs', 'Git', 'PyTorch', 'MongoDB']",Bachelor's in Statistics,7,"['Project_0_130', 'Project_1_130', 'Project_2_130']","['TensorFlow Developer', 'Azure Certified', 'Google Cloud Certified']","Name: Candidate_130
            Target Position: Frontend Developer
            Summary: Experienced professional with 7 years in the tech industry.
            Skills: AWS, REST APIs, Git, PyTorch, MongoDB
            Education: Bachelor's in Statistics
            Experience: 7 years
            Projects: Project_0_130, Project_1_130, Project_2_130
            Certifications: TensorFlow Developer, Azure Certified, Google Cloud Certified"
RES_0131,Candidate_131,Business Analyst,"['SQL', 'PostgreSQL', 'GraphQL', 'Docker', 'AWS', 'MongoDB', 'Kubernetes']",Bachelor's in Statistics,12,"['Project_0_131', 'Project_1_131', 'Project_2_131', 'Project_3_131', 'Project_4_131']","['Google Cloud Certified', 'TensorFlow Developer']","Name: Candidate_131
            Target Position: Business Analyst
            Summary: Experienced professional with 12 years in the tech industry.
            Skills: SQL, PostgreSQL, GraphQL, Docker, AWS, MongoDB, Kubernetes
            Education: Bachelor's in Statistics
            Experience: 12 years
            Projects: Project_0_131, Project_1_131, Project_2_131, Project_3_131, Project_4_131
            Certifications: Google Cloud Certified, TensorFlow Developer"
RES_0132,Candidate_132,System Administrator,"['Pandas', 'AWS', 'Python', 'PyTorch', 'Git', 'Node.js', 'Agile']",Master's in Physics,12,"['Project_0_132', 'Project_1_132', 'Project_2_132', 'Project_3_132', 'Project_4_132']","['TensorFlow Developer', 'PMP']","Name: Candidate_132
            Target Position: System Administrator
            Summary: Experienced professional with 12 years in the tech industry.
            Skills: Pandas, AWS, Python, PyTorch, Git, Node.js, Agile
            Education: Master's in Physics
            Experience: 12 years
            Projects: Project_0_132, Project_1_132, Project_2_132, Project_3_132, Project_4_132
            Certifications: TensorFlow Developer, PMP"
RES_0133,Candidate_133,Product Manager,"['Docker', 'CI/CD', 'REST APIs', 'Java']",Master's in Mathematics,10,"['Project_0_133', 'Project_1_133']","['Scrum Master', 'TensorFlow Developer', 'Google Cloud Certified']","Name: Candidate_133
            Target Position: Product Manager
            Summary: Experienced professional with 10 years in the tech industry.
            Skills: Docker, CI/CD, REST APIs, Java
            Education: Master's in Mathematics
            Experience: 10 years
            Projects: Project_0_133, Project_1_133
            Certifications: Scrum Master, TensorFlow Developer, Google Cloud Certified"
RES_0134,Candidate_134,Machine Learning Engineer,"['Node.js', 'React', 'AWS', 'Git', 'MongoDB']",PhD in Mathematics,4,"['Project_0_134', 'Project_1_134']",[],"Name: Candidate_134
            Target Position: Machine Learning Engineer
            Summary: Experienced professional with 4 years in the tech industry.
            Skills: Node.js, React, AWS, Git, MongoDB
            Education: PhD in Mathematics
            Experience: 4 years
            Projects: Project_0_134, Project_1_134
            Certifications: None"
RES_0135,Candidate_135,Backend Developer,"['Agile', 'PyTorch', 'Kubernetes', 'CI/CD', 'Node.js', 'NumPy', 'REST APIs']",Bachelor's in Computer Science,12,['Project_0_135'],['Scrum Master'],"Name: Candidate_135
            Target Position: Backend Developer
            Summary: Experienced professional with 12 years in the tech industry.
            Skills: Agile, PyTorch, Kubernetes, CI/CD, Node.js, NumPy, REST APIs
            Education: Bachelor's in Computer Science
            Experience: 12 years
            Projects: Project_0_135
            Certifications: Scrum Master"
RES_0136,Candidate_136,System Administrator,"['MongoDB', 'JavaScript', 'PyTorch', 'Git', 'GraphQL', 'TensorFlow', 'Java']",Master's in Engineering,1,"['Project_0_136', 'Project_1_136', 'Project_2_136', 'Project_3_136']",[],"Name: Candidate_136
            Target Position: System Administrator
            Summary: Experienced professional with 1 years in the tech industry.
            Skills: MongoDB, JavaScript, PyTorch, Git, GraphQL, TensorFlow, Java
            Education: Master's in Engineering
            Experience: 1 years
            Projects: Project_0_136, Project_1_136, Project_2_136, Project_3_136
            Certifications: None"
RES_0137,Candidate_137,Software Engineer,"['Agile', 'TensorFlow', 'AWS', 'Java', 'JavaScript', 'SQL', 'React']",PhD in Statistics,10,['Project_0_137'],['Azure Certified'],"Name: Candidate_137
            Target Position: Software Engineer
            Summary: Experienced professional with 10 years in the tech industry.
            Skills: Agile, TensorFlow, AWS, Java, JavaScript, SQL, React
            Education: PhD in Statistics
            Experience: 10 years
            Projects: Project_0_137
            Certifications: Azure Certified"
RES_0138,Candidate_138,Full Stack Developer,"['Agile', 'AWS', 'GraphQL', 'Python']",PhD in Physics,1,"['Project_0_138', 'Project_1_138', 'Project_2_138', 'Project_3_138', 'Project_4_138']",['Scrum Master'],"Name: Candidate_138
            Target Position: Full Stack Developer
            Summary: Experienced professional with 1 years in the tech industry.
            Skills: Agile, AWS, GraphQL, Python
            Education: PhD in Physics
            Experience: 1 years
            Projects: Project_0_138, Project_1_138, Project_2_138, Project_3_138, Project_4_138
            Certifications: Scrum Master"
RES_0139,Candidate_139,QA Engineer,"['CI/CD', 'MongoDB', 'REST APIs', 'TensorFlow', 'Pandas', 'React', 'Python']",PhD in Mathematics,6,"['Project_0_139', 'Project_1_139', 'Project_2_139', 'Project_3_139', 'Project_4_139']","['TensorFlow Developer', 'Google Cloud Certified']","Name: Candidate_139
            Target Position: QA Engineer
            Summary: Experienced professional with 6 years in the tech industry.
            Skills: CI/CD, MongoDB, REST APIs, TensorFlow, Pandas, React, Python
            Education: PhD in Mathematics
            Experience: 6 years
            Projects: Project_0_139, Project_1_139, Project_2_139, Project_3_139, Project_4_139
            Certifications: TensorFlow Developer, Google Cloud Certified"
RES_0140,Candidate_140,Data Analyst,"['React', 'Kubernetes', 'PyTorch', 'GraphQL', 'TensorFlow', 'Java', 'Python']",Master's in Physics,4,"['Project_0_140', 'Project_1_140', 'Project_2_140', 'Project_3_140']",['Google Cloud Certified'],"Name: Candidate_140
            Target Position: Data Analyst
            Summary: Experienced professional with 4 years in the tech industry.
            Skills: React, Kubernetes, PyTorch, GraphQL, TensorFlow, Java, Python
            Education: Master's in Physics
            Experience: 4 years
            Projects: Project_0_140, Project_1_140, Project_2_140, Project_3_140
            Certifications: Google Cloud Certified"
RES_0141,Candidate_141,Backend Developer,"['GraphQL', 'Python', 'AWS']",PhD in Physics,2,"['Project_0_141', 'Project_1_141']","['Azure Certified', 'PMP']","Name: Candidate_141
            Target Position: Backend Developer
            Summary: Experienced professional with 2 years in the tech industry.
            Skills: GraphQL, Python, AWS
            Education: PhD in Physics
            Experience: 2 years
            Projects: Project_0_141, Project_1_141
            Certifications: Azure Certified, PMP"
RES_0142,Candidate_142,UX Designer,"['SQL', 'Java', 'Agile']",Bachelor's in Statistics,11,"['Project_0_142', 'Project_1_142', 'Project_2_142']",['Google Cloud Certified'],"Name: Candidate_142
            Target Position: UX Designer
            Summary: Experienced professional with 11 years in the tech industry.
            Skills: SQL, Java, Agile
            Education: Bachelor's in Statistics
            Experience: 11 years
            Projects: Project_0_142, Project_1_142, Project_2_142
            Certifications: Google Cloud Certified"
RES_0143,Candidate_143,Product Manager,"['Agile', 'NumPy', 'GraphQL', 'Git']",Master's in Physics,8,['Project_0_143'],"['AWS Certified', 'Google Cloud Certified', 'Azure Certified']","Name: Candidate_143
            Target Position: Product Manager
            Summary: Experienced professional with 8 years in the tech industry.
            Skills: Agile, NumPy, GraphQL, Git
            Education: Master's in Physics
            Experience: 8 years
            Projects: Project_0_143
            Certifications: AWS Certified, Google Cloud Certified, Azure Certified"
RES_0144,Candidate_144,Machine Learning Engineer,"['React', 'Kubernetes', 'Pandas', 'MongoDB']",Bachelor's in Mathematics,4,"['Project_0_144', 'Project_1_144', 'Project_2_144']",[],"Name: Candidate_144
            Target Position: Machine Learning Engineer
            Summary: Experienced professional with 4 years in the tech industry.
            Skills: React, Kubernetes, Pandas, MongoDB
            Education: Bachelor's in Mathematics
            Experience: 4 years
            Projects: Project_0_144, Project_1_144, Project_2_144
            Certifications: None"
RES_0145,Candidate_145,Product Manager,"['NumPy', 'React', 'Python', 'PyTorch', 'AWS', 'Node.js', 'CI/CD']",Master's in Mathematics,13,"['Project_0_145', 'Project_1_145', 'Project_2_145', 'Project_3_145', 'Project_4_145']",[],"Name: Candidate_145
            Target Position: Product Manager
            Summary: Experienced professional with 13 years in the tech industry.
            Skills: NumPy, React, Python, PyTorch, AWS, Node.js, CI/CD
            Education: Master's in Mathematics
            Experience: 13 years
            Projects: Project_0_145, Project_1_145, Project_2_145, Project_3_145, Project_4_145
            Certifications: None"
RES_0146,Candidate_146,Full Stack Developer,"['Git', 'REST APIs', 'MongoDB', 'GraphQL']",PhD in Physics,8,"['Project_0_146', 'Project_1_146', 'Project_2_146', 'Project_3_146', 'Project_4_146']","['Scrum Master', 'PMP', 'Google Cloud Certified']","Name: Candidate_146
            Target Position: Full Stack Developer
            Summary: Experienced professional with 8 years in the tech industry.
            Skills: Git, REST APIs, MongoDB, GraphQL
            Education: PhD in Physics
            Experience: 8 years
            Projects: Project_0_146, Project_1_146, Project_2_146, Project_3_146, Project_4_146
            Certifications: Scrum Master, PMP, Google Cloud Certified"
RES_0147,Candidate_147,System Administrator,"['AWS', 'Git', 'Agile', 'MongoDB', 'Java']",Bachelor's in Engineering,1,"['Project_0_147', 'Project_1_147', 'Project_2_147', 'Project_3_147']",[],"Name: Candidate_147
            Target Position: System Administrator
            Summary: Experienced professional with 1 years in the tech industry.
            Skills: AWS, Git, Agile, MongoDB, Java
            Education: Bachelor's in Engineering
            Experience: 1 years
            Projects: Project_0_147, Project_1_147, Project_2_147, Project_3_147
            Certifications: None"
RES_0148,Candidate_148,Software Engineer,"['Docker', 'Pandas', 'MongoDB']",Master's in Computer Science,2,"['Project_0_148', 'Project_1_148', 'Project_2_148', 'Project_3_148', 'Project_4_148']","['Google Cloud Certified', 'PMP', 'Scrum Master']","Name: Candidate_148
            Target Position: Software Engineer
            Summary: Experienced professional with 2 years in the tech industry.
            Skills: Docker, Pandas, MongoDB
            Education: Master's in Computer Science
            Experience: 2 years
            Projects: Project_0_148, Project_1_148, Project_2_148, Project_3_148, Project_4_148
            Certifications: Google Cloud Certified, PMP, Scrum Master"
RES_0149,Candidate_149,Product Manager,"['Kubernetes', 'Docker', 'React', 'Agile', 'NumPy']",Master's in Computer Science,10,"['Project_0_149', 'Project_1_149', 'Project_2_149', 'Project_3_149', 'Project_4_149']",[],"Name: Candidate_149
            Target Position: Product Manager
            Summary: Experienced professional with 10 years in the tech industry.
            Skills: Kubernetes, Docker, React, Agile, NumPy
            Education: Master's in Computer Science
            Experience: 10 years
            Projects: Project_0_149, Project_1_149, Project_2_149, Project_3_149, Project_4_149
            Certifications: None"
RES_0150,Candidate_150,UX Designer,"['MongoDB', 'Pandas', 'Docker', 'Kubernetes', 'Git', 'GraphQL']",Bachelor's in Engineering,12,['Project_0_150'],[],"Name: Candidate_150
            Target Position: UX Designer
            Summary: Experienced professional with 12 years in the tech industry.
            Skills: MongoDB, Pandas, Docker, Kubernetes, Git, GraphQL
            Education: Bachelor's in Engineering
            Experience: 12 years
            Projects: Project_0_150
            Certifications: None"
RES_0151,Candidate_151,Business Analyst,"['Docker', 'PyTorch', 'React', 'Agile']",Bachelor's in Statistics,6,"['Project_0_151', 'Project_1_151', 'Project_2_151', 'Project_3_151', 'Project_4_151']",['Google Cloud Certified'],"Name: Candidate_151
            Target Position: Business Analyst
            Summary: Experienced professional with 6 years in the tech industry.
            Skills: Docker, PyTorch, React, Agile
            Education: Bachelor's in Statistics
            Experience: 6 years
            Projects: Project_0_151, Project_1_151, Project_2_151, Project_3_151, Project_4_151
            Certifications: Google Cloud Certified"
RES_0152,Candidate_152,System Administrator,"['TensorFlow', 'React', 'JavaScript', 'PyTorch']",PhD in Engineering,9,"['Project_0_152', 'Project_1_152', 'Project_2_152']","['TensorFlow Developer', 'Azure Certified']","Name: Candidate_152
            Target Position: System Administrator
            Summary: Experienced professional with 9 years in the tech industry.
            Skills: TensorFlow, React, JavaScript, PyTorch
            Education: PhD in Engineering
            Experience: 9 years
            Projects: Project_0_152, Project_1_152, Project_2_152
            Certifications: TensorFlow Developer, Azure Certified"
RES_0153,Candidate_153,Data Scientist,"['Python', 'REST APIs', 'PostgreSQL', 'Kubernetes', 'PyTorch']",PhD in Mathematics,14,"['Project_0_153', 'Project_1_153', 'Project_2_153', 'Project_3_153']","['PMP', 'TensorFlow Developer', 'Scrum Master']","Name: Candidate_153
            Target Position: Data Scientist
            Summary: Experienced professional with 14 years in the tech industry.
            Skills: Python, REST APIs, PostgreSQL, Kubernetes, PyTorch
            Education: PhD in Mathematics
            Experience: 14 years
            Projects: Project_0_153, Project_1_153, Project_2_153, Project_3_153
            Certifications: PMP, TensorFlow Developer, Scrum Master"
RES_0154,Candidate_154,Machine Learning Engineer,"['Docker', 'Python', 'Pandas']",Master's in Mathematics,15,"['Project_0_154', 'Project_1_154', 'Project_2_154', 'Project_3_154', 'Project_4_154']","['TensorFlow Developer', 'AWS Certified', 'PMP']","Name: Candidate_154
            Target Position: Machine Learning Engineer
            Summary: Experienced professional with 15 years in the tech industry.
            Skills: Docker, Python, Pandas
            Education: Master's in Mathematics
            Experience: 15 years
            Projects: Project_0_154, Project_1_154, Project_2_154, Project_3_154, Project_4_154
            Certifications: TensorFlow Developer, AWS Certified, PMP"
RES_0155,Candidate_155,QA Engineer,"['React', 'AWS', 'GraphQL', 'PyTorch']",Bachelor's in Statistics,7,"['Project_0_155', 'Project_1_155', 'Project_2_155', 'Project_3_155', 'Project_4_155']","['AWS Certified', 'Google Cloud Certified', 'Azure Certified']","Name: Candidate_155
            Target Position: QA Engineer
            Summary: Experienced professional with 7 years in the tech industry.
            Skills: React, AWS, GraphQL, PyTorch
            Education: Bachelor's in Statistics
            Experience: 7 years
            Projects: Project_0_155, Project_1_155, Project_2_155, Project_3_155, Project_4_155
            Certifications: AWS Certified, Google Cloud Certified, Azure Certified"
RES_0156,Candidate_156,Product Manager,"['Pandas', 'NumPy', 'Docker', 'Agile']",Bachelor's in Engineering,11,['Project_0_156'],['Google Cloud Certified'],"Name: Candidate_156
            Target Position: Product Manager
            Summary: Experienced professional with 11 years in the tech industry.
            Skills: Pandas, NumPy, Docker, Agile
            Education: Bachelor's in Engineering
            Experience: 11 years
            Projects: Project_0_156
            Certifications: Google Cloud Certified"
RES_0157,Candidate_157,Software Engineer,"['Python', 'Kubernetes', 'MongoDB']",PhD in Engineering,14,"['Project_0_157', 'Project_1_157', 'Project_2_157', 'Project_3_157', 'Project_4_157']",['Azure Certified'],"Name: Candidate_157
            Target Position: Software Engineer
            Summary: Experienced professional with 14 years in the tech industry.
            Skills: Python, Kubernetes, MongoDB
            Education: PhD in Engineering
            Experience: 14 years
            Projects: Project_0_157, Project_1_157, Project_2_157, Project_3_157, Project_4_157
            Certifications: Azure Certified"
RES_0158,Candidate_158,QA Engineer,"['MongoDB', 'Agile', 'PyTorch', 'TensorFlow', 'Docker']",PhD in Statistics,0,"['Project_0_158', 'Project_1_158', 'Project_2_158', 'Project_3_158']",[],"Name: Candidate_158
            Target Position: QA Engineer
            Summary: Experienced professional with 0 years in the tech industry.
            Skills: MongoDB, Agile, PyTorch, TensorFlow, Docker
            Education: PhD in Statistics
            Experience: 0 years
            Projects: Project_0_158, Project_1_158, Project_2_158, Project_3_158
            Certifications: None"
RES_0159,Candidate_159,Machine Learning Engineer,"['React', 'GraphQL', 'Pandas', 'AWS', 'Git', 'NumPy', 'TensorFlow', 'REST APIs']",Master's in Computer Science,13,"['Project_0_159', 'Project_1_159', 'Project_2_159', 'Project_3_159', 'Project_4_159']","['Google Cloud Certified', 'Scrum Master']","Name: Candidate_159
            Target Position: Machine Learning Engineer
            Summary: Experienced professional with 13 years in the tech industry.
            Skills: React, GraphQL, Pandas, AWS, Git, NumPy, TensorFlow, REST APIs
            Education: Master's in Computer Science
            Experience: 13 years
            Projects: Project_0_159, Project_1_159, Project_2_159, Project_3_159, Project_4_159
            Certifications: Google Cloud Certified, Scrum Master"
RES_0160,Candidate_160,Data Analyst,"['NumPy', 'Node.js', 'React', 'CI/CD', 'GraphQL', 'PostgreSQL']",Bachelor's in Statistics,14,"['Project_0_160', 'Project_1_160']",['Google Cloud Certified'],"Name: Candidate_160
            Target Position: Data Analyst
            Summary: Experienced professional with 14 years in the tech industry.
            Skills: NumPy, Node.js, React, CI/CD, GraphQL, PostgreSQL
            Education: Bachelor's in Statistics
            Experience: 14 years
            Projects: Project_0_160, Project_1_160
            Certifications: Google Cloud Certified"
RES_0161,Candidate_161,UX Designer,"['AWS', 'Kubernetes', 'Java', 'CI/CD', 'SQL', 'GraphQL', 'REST APIs']",Master's in Physics,8,"['Project_0_161', 'Project_1_161']",[],"Name: Candidate_161
            Target Position: UX Designer
            Summary: Experienced professional with 8 years in the tech industry.
            Skills: AWS, Kubernetes, Java, CI/CD, SQL, GraphQL, REST APIs
            Education: Master's in Physics
            Experience: 8 years
            Projects: Project_0_161, Project_1_161
            Certifications: None"
RES_0162,Candidate_162,Data Scientist,"['Python', 'Kubernetes', 'AWS']",Master's in Mathematics,1,"['Project_0_162', 'Project_1_162', 'Project_2_162']","['TensorFlow Developer', 'PMP']","Name: Candidate_162
            Target Position: Data Scientist
            Summary: Experienced professional with 1 years in the tech industry.
            Skills: Python, Kubernetes, AWS
            Education: Master's in Mathematics
            Experience: 1 years
            Projects: Project_0_162, Project_1_162, Project_2_162
            Certifications: TensorFlow Developer, PMP"
RES_0163,Candidate_163,Data Analyst,"['MongoDB', 'CI/CD', 'Agile', 'SQL']",Bachelor's in Statistics,5,"['Project_0_163', 'Project_1_163', 'Project_2_163']",[],"Name: Candidate_163
            Target Position: Data Analyst
            Summary: Experienced professional with 5 years in the tech industry.
            Skills: MongoDB, CI/CD, Agile, SQL
            Education: Bachelor's in Statistics
            Experience: 5 years
            Projects: Project_0_163, Project_1_163, Project_2_163
            Certifications: None"
RES_0164,Candidate_164,UX Designer,"['Agile', 'NumPy', 'Node.js', 'Git', 'GraphQL', 'Java', 'Pandas', 'AWS']",Bachelor's in Engineering,9,"['Project_0_164', 'Project_1_164', 'Project_2_164', 'Project_3_164', 'Project_4_164']","['Azure Certified', 'TensorFlow Developer', 'PMP']","Name: Candidate_164
            Target Position: UX Designer
            Summary: Experienced professional with 9 years in the tech industry.
            Skills: Agile, NumPy, Node.js, Git, GraphQL, Java, Pandas, AWS
            Education: Bachelor's in Engineering
            Experience: 9 years
            Projects: Project_0_164, Project_1_164, Project_2_164, Project_3_164, Project_4_164
            Certifications: Azure Certified, TensorFlow Developer, PMP"
RES_0165,Candidate_165,DevOps Engineer,"['SQL', 'CI/CD', 'Node.js']",Bachelor's in Statistics,7,"['Project_0_165', 'Project_1_165']",[],"Name: Candidate_165
            Target Position: DevOps Engineer
            Summary: Experienced professional with 7 years in the tech industry.
            Skills: SQL, CI/CD, Node.js
            Education: Bachelor's in Statistics
            Experience: 7 years
            Projects: Project_0_165, Project_1_165
            Certifications: None"
RES_0166,Candidate_166,Full Stack Developer,"['Node.js', 'Java', 'REST APIs', 'Docker']",Master's in Mathematics,13,"['Project_0_166', 'Project_1_166', 'Project_2_166', 'Project_3_166']",[],"Name: Candidate_166
            Target Position: Full Stack Developer
            Summary: Experienced professional with 13 years in the tech industry.
            Skills: Node.js, Java, REST APIs, Docker
            Education: Master's in Mathematics
            Experience: 13 years
            Projects: Project_0_166, Project_1_166, Project_2_166, Project_3_166
            Certifications: None"
RES_0167,Candidate_167,Machine Learning Engineer,"['Python', 'SQL', 'Java', 'Git']",Bachelor's in Computer Science,9,['Project_0_167'],"['PMP', 'Scrum Master', 'Google Cloud Certified']","Name: Candidate_167
            Target Position: Machine Learning Engineer
            Summary: Experienced professional with 9 years in the tech industry.
            Skills: Python, SQL, Java, Git
            Education: Bachelor's in Computer Science
            Experience: 9 years
            Projects: Project_0_167
            Certifications: PMP, Scrum Master, Google Cloud Certified"
RES_0168,Candidate_168,Frontend Developer,"['MongoDB', 'AWS', 'Git', 'React', 'SQL', 'Java', 'TensorFlow']",Master's in Computer Science,9,"['Project_0_168', 'Project_1_168']","['TensorFlow Developer', 'PMP']","Name: Candidate_168
            Target Position: Frontend Developer
            Summary: Experienced professional with 9 years in the tech industry.
            Skills: MongoDB, AWS, Git, React, SQL, Java, TensorFlow
            Education: Master's in Computer Science
            Experience: 9 years
            Projects: Project_0_168, Project_1_168
            Certifications: TensorFlow Developer, PMP"
RES_0169,Candidate_169,UX Designer,"['REST APIs', 'Kubernetes', 'Docker', 'GraphQL']",PhD in Computer Science,8,"['Project_0_169', 'Project_1_169', 'Project_2_169', 'Project_3_169', 'Project_4_169']",[],"Name: Candidate_169
            Target Position: UX Designer
            Summary: Experienced professional with 8 years in the tech industry.
            Skills: REST APIs, Kubernetes, Docker, GraphQL
            Education: PhD in Computer Science
            Experience: 8 years
            Projects: Project_0_169, Project_1_169, Project_2_169, Project_3_169, Project_4_169
            Certifications: None"
RES_0170,Candidate_170,Product Manager,"['Docker', 'Git', 'Python', 'Agile', 'AWS', 'REST APIs']",Master's in Statistics,11,['Project_0_170'],"['Azure Certified', 'Scrum Master']","Name: Candidate_170
            Target Position: Product Manager
            Summary: Experienced professional with 11 years in the tech industry.
            Skills: Docker, Git, Python, Agile, AWS, REST APIs
            Education: Master's in Statistics
            Experience: 11 years
            Projects: Project_0_170
            Certifications: Azure Certified, Scrum Master"
RES_0171,Candidate_171,Full Stack Developer,"['React', 'NumPy', 'Docker', 'Pandas']",Bachelor's in Physics,0,"['Project_0_171', 'Project_1_171', 'Project_2_171', 'Project_3_171']","['PMP', 'Scrum Master']","Name: Candidate_171
            Target Position: Full Stack Developer
            Summary: Experienced professional with 0 years in the tech industry.
            Skills: React, NumPy, Docker, Pandas
            Education: Bachelor's in Physics
            Experience: 0 years
            Projects: Project_0_171, Project_1_171, Project_2_171, Project_3_171
            Certifications: PMP, Scrum Master"
RES_0172,Candidate_172,DevOps Engineer,"['Pandas', 'Docker', 'SQL']",Master's in Computer Science,1,['Project_0_172'],[],"Name: Candidate_172
            Target Position: DevOps Engineer
            Summary: Experienced professional with 1 years in the tech industry.
            Skills: Pandas, Docker, SQL
            Education: Master's in Computer Science
            Experience: 1 years
            Projects: Project_0_172
            Certifications: None"
RES_0173,Candidate_173,Machine Learning Engineer,"['Agile', 'CI/CD', 'GraphQL', 'MongoDB']",PhD in Statistics,15,"['Project_0_173', 'Project_1_173']","['Google Cloud Certified', 'TensorFlow Developer']","Name: Candidate_173
            Target Position: Machine Learning Engineer
            Summary: Experienced professional with 15 years in the tech industry.
            Skills: Agile, CI/CD, GraphQL, MongoDB
            Education: PhD in Statistics
            Experience: 15 years
            Projects: Project_0_173, Project_1_173
            Certifications: Google Cloud Certified, TensorFlow Developer"
RES_0174,Candidate_174,Backend Developer,"['PyTorch', 'Docker', 'Git', 'Python']",Bachelor's in Mathematics,4,"['Project_0_174', 'Project_1_174', 'Project_2_174', 'Project_3_174']",['Google Cloud Certified'],"Name: Candidate_174
            Target Position: Backend Developer
            Summary: Experienced professional with 4 years in the tech industry.
            Skills: PyTorch, Docker, Git, Python
            Education: Bachelor's in Mathematics
            Experience: 4 years
            Projects: Project_0_174, Project_1_174, Project_2_174, Project_3_174
            Certifications: Google Cloud Certified"
RES_0175,Candidate_175,QA Engineer,"['Python', 'NumPy', 'GraphQL', 'TensorFlow']",Master's in Physics,10,"['Project_0_175', 'Project_1_175']","['Google Cloud Certified', 'TensorFlow Developer']","Name: Candidate_175
            Target Position: QA Engineer
            Summary: Experienced professional with 10 years in the tech industry.
            Skills: Python, NumPy, GraphQL, TensorFlow
            Education: Master's in Physics
            Experience: 10 years
            Projects: Project_0_175, Project_1_175
            Certifications: Google Cloud Certified, TensorFlow Developer"
RES_0176,Candidate_176,Frontend Developer,"['AWS', 'REST APIs', 'Pandas']",Bachelor's in Computer Science,14,"['Project_0_176', 'Project_1_176', 'Project_2_176', 'Project_3_176', 'Project_4_176']","['PMP', 'Azure Certified']","Name: Candidate_176
            Target Position: Frontend Developer
            Summary: Experienced professional with 14 years in the tech industry.
            Skills: AWS, REST APIs, Pandas
            Education: Bachelor's in Computer Science
            Experience: 14 years
            Projects: Project_0_176, Project_1_176, Project_2_176, Project_3_176, Project_4_176
            Certifications: PMP, Azure Certified"
RES_0177,Candidate_177,DevOps Engineer,"['Java', 'Python', 'Docker', 'GraphQL', 'Pandas', 'PyTorch', 'Kubernetes', 'Node.js']",Master's in Statistics,1,"['Project_0_177', 'Project_1_177', 'Project_2_177', 'Project_3_177', 'Project_4_177']","['Azure Certified', 'Scrum Master', 'PMP']","Name: Candidate_177
            Target Position: DevOps Engineer
            Summary: Experienced professional with 1 years in the tech industry.
            Skills: Java, Python, Docker, GraphQL, Pandas, PyTorch, Kubernetes, Node.js
            Education: Master's in Statistics
            Experience: 1 years
            Projects: Project_0_177, Project_1_177, Project_2_177, Project_3_177, Project_4_177
            Certifications: Azure Certified, Scrum Master, PMP"
RES_0178,Candidate_178,DevOps Engineer,"['Docker', 'AWS', 'REST APIs', 'TensorFlow', 'SQL']",Bachelor's in Engineering,0,"['Project_0_178', 'Project_1_178', 'Project_2_178']","['PMP', 'TensorFlow Developer']","Name: Candidate_178
            Target Position: DevOps Engineer
            Summary: Experienced professional with 0 years in the tech industry.
            Skills: Docker, AWS, REST APIs, TensorFlow, SQL
            Education: Bachelor's in Engineering
            Experience: 0 years
            Projects: Project_0_178, Project_1_178, Project_2_178
            Certifications: PMP, TensorFlow Developer"
RES_0179,Candidate_179,QA Engineer,"['Node.js', 'Java', 'PyTorch', 'Pandas', 'GraphQL', 'Python', 'SQL']",Master's in Engineering,11,"['Project_0_179', 'Project_1_179']",[],"Name: Candidate_179
            Target Position: QA Engineer
            Summary: Experienced professional with 11 years in the tech industry.
            Skills: Node.js, Java, PyTorch, Pandas, GraphQL, Python, SQL
            Education: Master's in Engineering
            Experience: 11 years
            Projects: Project_0_179, Project_1_179
            Certifications: None"
RES_0180,Candidate_180,Frontend Developer,"['AWS', 'Node.js', 'Kubernetes']",Bachelor's in Computer Science,0,"['Project_0_180', 'Project_1_180', 'Project_2_180']",['Scrum Master'],"Name: Candidate_180
            Target Position: Frontend Developer
            Summary: Experienced professional with 0 years in the tech industry.
            Skills: AWS, Node.js, Kubernetes
            Education: Bachelor's in Computer Science
            Experience: 0 years
            Projects: Project_0_180, Project_1_180, Project_2_180
            Certifications: Scrum Master"
RES_0181,Candidate_181,DevOps Engineer,"['Python', 'MongoDB', 'TensorFlow', 'Docker']",PhD in Mathematics,0,['Project_0_181'],"['PMP', 'Google Cloud Certified', 'Scrum Master']","Name: Candidate_181
            Target Position: DevOps Engineer
            Summary: Experienced professional with 0 years in the tech industry.
            Skills: Python, MongoDB, TensorFlow, Docker
            Education: PhD in Mathematics
            Experience: 0 years
            Projects: Project_0_181
            Certifications: PMP, Google Cloud Certified, Scrum Master"
RES_0182,Candidate_182,Product Manager,"['GraphQL', 'React', 'MongoDB', 'Agile', 'REST APIs', 'NumPy', 'Kubernetes', 'Python']",Bachelor's in Mathematics,7,"['Project_0_182', 'Project_1_182', 'Project_2_182', 'Project_3_182', 'Project_4_182']",[],"Name: Candidate_182
            Target Position: Product Manager
            Summary: Experienced professional with 7 years in the tech industry.
            Skills: GraphQL, React, MongoDB, Agile, REST APIs, NumPy, Kubernetes, Python
            Education: Bachelor's in Mathematics
            Experience: 7 years
            Projects: Project_0_182, Project_1_182, Project_2_182, Project_3_182, Project_4_182
            Certifications: None"
RES_0183,Candidate_183,UX Designer,"['TensorFlow', 'GraphQL', 'NumPy', 'Python', 'Agile', 'Kubernetes', 'Java', 'JavaScript']",PhD in Computer Science,7,['Project_0_183'],['PMP'],"Name: Candidate_183
            Target Position: UX Designer
            Summary: Experienced professional with 7 years in the tech industry.
            Skills: TensorFlow, GraphQL, NumPy, Python, Agile, Kubernetes, Java, JavaScript
            Education: PhD in Computer Science
            Experience: 7 years
            Projects: Project_0_183
            Certifications: PMP"
RES_0184,Candidate_184,Machine Learning Engineer,"['GraphQL', 'MongoDB', 'Pandas', 'Java', 'SQL']",PhD in Physics,3,"['Project_0_184', 'Project_1_184', 'Project_2_184', 'Project_3_184']","['PMP', 'Scrum Master']","Name: Candidate_184
            Target Position: Machine Learning Engineer
            Summary: Experienced professional with 3 years in the tech industry.
            Skills: GraphQL, MongoDB, Pandas, Java, SQL
            Education: PhD in Physics
            Experience: 3 years
            Projects: Project_0_184, Project_1_184, Project_2_184, Project_3_184
            Certifications: PMP, Scrum Master"
RES_0185,Candidate_185,UX Designer,"['GraphQL', 'Kubernetes', 'React', 'MongoDB', 'Agile', 'Python', 'PyTorch', 'TensorFlow']",PhD in Physics,13,['Project_0_185'],"['PMP', 'Google Cloud Certified']","Name: Candidate_185
            Target Position: UX Designer
            Summary: Experienced professional with 13 years in the tech industry.
            Skills: GraphQL, Kubernetes, React, MongoDB, Agile, Python, PyTorch, TensorFlow
            Education: PhD in Physics
            Experience: 13 years
            Projects: Project_0_185
            Certifications: PMP, Google Cloud Certified"
RES_0186,Candidate_186,Machine Learning Engineer,"['Kubernetes', 'Agile', 'REST APIs', 'Node.js']",Master's in Mathematics,4,"['Project_0_186', 'Project_1_186', 'Project_2_186', 'Project_3_186', 'Project_4_186']","['PMP', 'Azure Certified', 'Scrum Master']","Name: Candidate_186
            Target Position: Machine Learning Engineer
            Summary: Experienced professional with 4 years in the tech industry.
            Skills: Kubernetes, Agile, REST APIs, Node.js
            Education: Master's in Mathematics
            Experience: 4 years
            Projects: Project_0_186, Project_1_186, Project_2_186, Project_3_186, Project_4_186
            Certifications: PMP, Azure Certified, Scrum Master"
RES_0187,Candidate_187,Full Stack Developer,"['GraphQL', 'NumPy', 'CI/CD']",Bachelor's in Engineering,7,"['Project_0_187', 'Project_1_187', 'Project_2_187', 'Project_3_187', 'Project_4_187']",['Scrum Master'],"Name: Candidate_187
            Target Position: Full Stack Developer
            Summary: Experienced professional with 7 years in the tech industry.
            Skills: GraphQL, NumPy, CI/CD
            Education: Bachelor's in Engineering
            Experience: 7 years
            Projects: Project_0_187, Project_1_187, Project_2_187, Project_3_187, Project_4_187
            Certifications: Scrum Master"
RES_0188,Candidate_188,System Administrator,"['Node.js', 'JavaScript', 'Git', 'GraphQL']",Master's in Physics,3,"['Project_0_188', 'Project_1_188', 'Project_2_188']","['PMP', 'Azure Certified', 'Scrum Master']","Name: Candidate_188
            Target Position: System Administrator
            Summary: Experienced professional with 3 years in the tech industry.
            Skills: Node.js, JavaScript, Git, GraphQL
            Education: Master's in Physics
            Experience: 3 years
            Projects: Project_0_188, Project_1_188, Project_2_188
            Certifications: PMP, Azure Certified, Scrum Master"
RES_0189,Candidate_189,System Administrator,"['React', 'SQL', 'Git', 'JavaScript', 'Kubernetes']",PhD in Engineering,0,"['Project_0_189', 'Project_1_189', 'Project_2_189', 'Project_3_189', 'Project_4_189']",['Azure Certified'],"Name: Candidate_189
            Target Position: System Administrator
            Summary: Experienced professional with 0 years in the tech industry.
            Skills: React, SQL, Git, JavaScript, Kubernetes
            Education: PhD in Engineering
            Experience: 0 years
            Projects: Project_0_189, Project_1_189, Project_2_189, Project_3_189, Project_4_189
            Certifications: Azure Certified"
RES_0190,Candidate_190,Data Analyst,"['CI/CD', 'MongoDB', 'TensorFlow', 'React', 'Git', 'REST APIs']",Master's in Physics,15,['Project_0_190'],[],"Name: Candidate_190
            Target Position: Data Analyst
            Summary: Experienced professional with 15 years in the tech industry.
            Skills: CI/CD, MongoDB, TensorFlow, React, Git, REST APIs
            Education: Master's in Physics
            Experience: 15 years
            Projects: Project_0_190
            Certifications: None"
RES_0191,Candidate_191,Data Analyst,"['Git', 'PostgreSQL', 'Node.js', 'AWS', 'Python', 'Docker', 'NumPy', 'React']",Master's in Engineering,10,"['Project_0_191', 'Project_1_191', 'Project_2_191']","['Google Cloud Certified', 'PMP']","Name: Candidate_191
            Target Position: Data Analyst
            Summary: Experienced professional with 10 years in the tech industry.
            Skills: Git, PostgreSQL, Node.js, AWS, Python, Docker, NumPy, React
            Education: Master's in Engineering
            Experience: 10 years
            Projects: Project_0_191, Project_1_191, Project_2_191
            Certifications: Google Cloud Certified, PMP"
RES_0192,Candidate_192,Software Engineer,"['MongoDB', 'CI/CD', 'Kubernetes', 'JavaScript', 'GraphQL', 'PostgreSQL']",Bachelor's in Mathematics,8,"['Project_0_192', 'Project_1_192', 'Project_2_192', 'Project_3_192', 'Project_4_192']","['PMP', 'TensorFlow Developer']","Name: Candidate_192
            Target Position: Software Engineer
            Summary: Experienced professional with 8 years in the tech industry.
            Skills: MongoDB, CI/CD, Kubernetes, JavaScript, GraphQL, PostgreSQL
            Education: Bachelor's in Mathematics
            Experience: 8 years
            Projects: Project_0_192, Project_1_192, Project_2_192, Project_3_192, Project_4_192
            Certifications: PMP, TensorFlow Developer"
RES_0193,Candidate_193,QA Engineer,"['AWS', 'React', 'PyTorch', 'Pandas', 'NumPy', 'Python']",PhD in Computer Science,6,"['Project_0_193', 'Project_1_193', 'Project_2_193']",[],"Name: Candidate_193
            Target Position: QA Engineer
            Summary: Experienced professional with 6 years in the tech industry.
            Skills: AWS, React, PyTorch, Pandas, NumPy, Python
            Education: PhD in Computer Science
            Experience: 6 years
            Projects: Project_0_193, Project_1_193, Project_2_193
            Certifications: None"
RES_0194,Candidate_194,UX Designer,"['Node.js', 'NumPy', 'CI/CD', 'Agile', 'GraphQL', 'REST APIs', 'Java', 'MongoDB']",PhD in Physics,13,"['Project_0_194', 'Project_1_194', 'Project_2_194']",['PMP'],"Name: Candidate_194
            Target Position: UX Designer
            Summary: Experienced professional with 13 years in the tech industry.
            Skills: Node.js, NumPy, CI/CD, Agile, GraphQL, REST APIs, Java, MongoDB
            Education: PhD in Physics
            Experience: 13 years
            Projects: Project_0_194, Project_1_194, Project_2_194
            Certifications: PMP"
RES_0195,Candidate_195,Frontend Developer,"['REST APIs', 'AWS', 'MongoDB', 'JavaScript', 'Java', 'CI/CD', 'React']",Master's in Computer Science,10,"['Project_0_195', 'Project_1_195', 'Project_2_195']","['PMP', 'Scrum Master', 'Azure Certified']","Name: Candidate_195
            Target Position: Frontend Developer
            Summary: Experienced professional with 10 years in the tech industry.
            Skills: REST APIs, AWS, MongoDB, JavaScript, Java, CI/CD, React
            Education: Master's in Computer Science
            Experience: 10 years
            Projects: Project_0_195, Project_1_195, Project_2_195
            Certifications: PMP, Scrum Master, Azure Certified"
RES_0196,Candidate_196,Full Stack Developer,"['Java', 'SQL', 'TensorFlow', 'GraphQL']",PhD in Statistics,10,"['Project_0_196', 'Project_1_196', 'Project_2_196', 'Project_3_196']",[],"Name: Candidate_196
            Target Position: Full Stack Developer
            Summary: Experienced professional with 10 years in the tech industry.
            Skills: Java, SQL, TensorFlow, GraphQL
            Education: PhD in Statistics
            Experience: 10 years
            Projects: Project_0_196, Project_1_196, Project_2_196, Project_3_196
            Certifications: None"
RES_0197,Candidate_197,Machine Learning Engineer,"['Python', 'React', 'Docker']",Bachelor's in Computer Science,9,"['Project_0_197', 'Project_1_197']","['Google Cloud Certified', 'Scrum Master']","Name: Candidate_197
            Target Position: Machine Learning Engineer
            Summary: Experienced professional with 9 years in the tech industry.
            Skills: Python, React, Docker
            Education: Bachelor's in Computer Science
            Experience: 9 years
            Projects: Project_0_197, Project_1_197
            Certifications: Google Cloud Certified, Scrum Master"
RES_0198,Candidate_198,Software Engineer,"['MongoDB', 'Docker', 'Java', 'REST APIs']",Bachelor's in Engineering,6,"['Project_0_198', 'Project_1_198', 'Project_2_198', 'Project_3_198', 'Project_4_198']",['Google Cloud Certified'],"Name: Candidate_198
            Target Position: Software Engineer
            Summary: Experienced professional with 6 years in the tech industry.
            Skills: MongoDB, Docker, Java, REST APIs
            Education: Bachelor's in Engineering
            Experience: 6 years
            Projects: Project_0_198, Project_1_198, Project_2_198, Project_3_198, Project_4_198
            Certifications: Google Cloud Certified"
RES_0199,Candidate_199,Data Analyst,"['Docker', 'Python', 'Agile', 'MongoDB']",Master's in Physics,7,"['Project_0_199', 'Project_1_199']",[],"Name: Candidate_199
            Target Position: Data Analyst
            Summary: Experienced professional with 7 years in the tech industry.
            Skills: Docker, Python, Agile, MongoDB
            Education: Master's in Physics
            Experience: 7 years
            Projects: Project_0_199, Project_1_199
            Certifications: None"
RES_0200,Candidate_200,Product Manager,"['Agile', 'Pandas', 'TensorFlow', 'MongoDB', 'AWS', 'GraphQL', 'Python', 'SQL']",PhD in Statistics,15,"['Project_0_200', 'Project_1_200', 'Project_2_200', 'Project_3_200', 'Project_4_200']",['Scrum Master'],"Name: Candidate_200
            Target Position: Product Manager
            Summary: Experienced professional with 15 years in the tech industry.
            Skills: Agile, Pandas, TensorFlow, MongoDB, AWS, GraphQL, Python, SQL
            Education: PhD in Statistics
            Experience: 15 years
            Projects: Project_0_200, Project_1_200, Project_2_200, Project_3_200, Project_4_200
            Certifications: Scrum Master"
RES_0201,Candidate_201,Full Stack Developer,"['CI/CD', 'GraphQL', 'Pandas']",Master's in Engineering,8,['Project_0_201'],['PMP'],"Name: Candidate_201
            Target Position: Full Stack Developer
            Summary: Experienced professional with 8 years in the tech industry.
            Skills: CI/CD, GraphQL, Pandas
            Education: Master's in Engineering
            Experience: 8 years
            Projects: Project_0_201
            Certifications: PMP"
RES_0202,Candidate_202,Full Stack Developer,"['Pandas', 'NumPy', 'GraphQL']",Bachelor's in Engineering,1,"['Project_0_202', 'Project_1_202', 'Project_2_202', 'Project_3_202']",['Scrum Master'],"Name: Candidate_202
            Target Position: Full Stack Developer
            Summary: Experienced professional with 1 years in the tech industry.
            Skills: Pandas, NumPy, GraphQL
            Education: Bachelor's in Engineering
            Experience: 1 years
            Projects: Project_0_202, Project_1_202, Project_2_202, Project_3_202
            Certifications: Scrum Master"
RES_0203,Candidate_203,UX Designer,"['Java', 'TensorFlow', 'Python', 'NumPy', 'React']",Master's in Computer Science,3,"['Project_0_203', 'Project_1_203']","['TensorFlow Developer', 'Scrum Master', 'Azure Certified']","Name: Candidate_203
            Target Position: UX Designer
            Summary: Experienced professional with 3 years in the tech industry.
            Skills: Java, TensorFlow, Python, NumPy, React
            Education: Master's in Computer Science
            Experience: 3 years
            Projects: Project_0_203, Project_1_203
            Certifications: TensorFlow Developer, Scrum Master, Azure Certified"
RES_0204,Candidate_204,Business Analyst,"['GraphQL', 'Agile', 'JavaScript', 'Python', 'Docker', 'PyTorch', 'REST APIs', 'Kubernetes']",Master's in Statistics,8,"['Project_0_204', 'Project_1_204']",['TensorFlow Developer'],"Name: Candidate_204
            Target Position: Business Analyst
            Summary: Experienced professional with 8 years in the tech industry.
            Skills: GraphQL, Agile, JavaScript, Python, Docker, PyTorch, REST APIs, Kubernetes
            Education: Master's in Statistics
            Experience: 8 years
            Projects: Project_0_204, Project_1_204
            Certifications: TensorFlow Developer"
RES_0205,Candidate_205,Machine Learning Engineer,"['MongoDB', 'NumPy', 'GraphQL', 'PostgreSQL', 'React', 'SQL']",PhD in Physics,7,"['Project_0_205', 'Project_1_205', 'Project_2_205', 'Project_3_205', 'Project_4_205']","['PMP', 'AWS Certified', 'Azure Certified']","Name: Candidate_205
            Target Position: Machine Learning Engineer
            Summary: Experienced professional with 7 years in the tech industry.
            Skills: MongoDB, NumPy, GraphQL, PostgreSQL, React, SQL
            Education: PhD in Physics
            Experience: 7 years
            Projects: Project_0_205, Project_1_205, Project_2_205, Project_3_205, Project_4_205
            Certifications: PMP, AWS Certified, Azure Certified"
RES_0206,Candidate_206,System Administrator,"['PyTorch', 'MongoDB', 'Kubernetes', 'React', 'TensorFlow']",Bachelor's in Statistics,10,"['Project_0_206', 'Project_1_206']",[],"Name: Candidate_206
            Target Position: System Administrator
            Summary: Experienced professional with 10 years in the tech industry.
            Skills: PyTorch, MongoDB, Kubernetes, React, TensorFlow
            Education: Bachelor's in Statistics
            Experience: 10 years
            Projects: Project_0_206, Project_1_206
            Certifications: None"
RES_0207,Candidate_207,Data Scientist,"['Docker', 'Git', 'JavaScript', 'Node.js', 'PyTorch', 'Agile', 'CI/CD']",PhD in Computer Science,0,"['Project_0_207', 'Project_1_207', 'Project_2_207']",[],"Name: Candidate_207
            Target Position: Data Scientist
            Summary: Experienced professional with 0 years in the tech industry.
            Skills: Docker, Git, JavaScript, Node.js, PyTorch, Agile, CI/CD
            Education: PhD in Computer Science
            Experience: 0 years
            Projects: Project_0_207, Project_1_207, Project_2_207
            Certifications: None"
RES_0208,Candidate_208,Business Analyst,"['Pandas', 'REST APIs', 'TensorFlow', 'PyTorch', 'Python', 'JavaScript', 'Kubernetes', 'React']",Master's in Statistics,4,"['Project_0_208', 'Project_1_208', 'Project_2_208', 'Project_3_208']",['TensorFlow Developer'],"Name: Candidate_208
            Target Position: Business Analyst
            Summary: Experienced professional with 4 years in the tech industry.
            Skills: Pandas, REST APIs, TensorFlow, PyTorch, Python, JavaScript, Kubernetes, React
            Education: Master's in Statistics
            Experience: 4 years
            Projects: Project_0_208, Project_1_208, Project_2_208, Project_3_208
            Certifications: TensorFlow Developer"
RES_0209,Candidate_209,Product Manager,"['Git', 'CI/CD', 'React', 'Node.js', 'Docker', 'Agile', 'AWS', 'SQL']",Master's in Mathematics,13,"['Project_0_209', 'Project_1_209', 'Project_2_209', 'Project_3_209', 'Project_4_209']","['PMP', 'Azure Certified']","Name: Candidate_209
            Target Position: Product Manager
            Summary: Experienced professional with 13 years in the tech industry.
            Skills: Git, CI/CD, React, Node.js, Docker, Agile, AWS, SQL
            Education: Master's in Mathematics
            Experience: 13 years
            Projects: Project_0_209, Project_1_209, Project_2_209, Project_3_209, Project_4_209
            Certifications: PMP, Azure Certified"
RES_0210,Candidate_210,System Administrator,"['Agile', 'CI/CD', 'REST APIs']",PhD in Physics,10,"['Project_0_210', 'Project_1_210', 'Project_2_210', 'Project_3_210']",['AWS Certified'],"Name: Candidate_210
            Target Position: System Administrator
            Summary: Experienced professional with 10 years in the tech industry.
            Skills: Agile, CI/CD, REST APIs
            Education: PhD in Physics
            Experience: 10 years
            Projects: Project_0_210, Project_1_210, Project_2_210, Project_3_210
            Certifications: AWS Certified"
RES_0211,Candidate_211,Product Manager,"['TensorFlow', 'MongoDB', 'CI/CD', 'SQL', 'Agile']",PhD in Physics,1,"['Project_0_211', 'Project_1_211']",[],"Name: Candidate_211
            Target Position: Product Manager
            Summary: Experienced professional with 1 years in the tech industry.
            Skills: TensorFlow, MongoDB, CI/CD, SQL, Agile
            Education: PhD in Physics
            Experience: 1 years
            Projects: Project_0_211, Project_1_211
            Certifications: None"
RES_0212,Candidate_212,Frontend Developer,"['GraphQL', 'AWS', 'Docker', 'NumPy', 'TensorFlow', 'React', 'SQL', 'CI/CD']",Master's in Statistics,7,['Project_0_212'],"['Azure Certified', 'AWS Certified', 'PMP']","Name: Candidate_212
            Target Position: Frontend Developer
            Summary: Experienced professional with 7 years in the tech industry.
            Skills: GraphQL, AWS, Docker, NumPy, TensorFlow, React, SQL, CI/CD
            Education: Master's in Statistics
            Experience: 7 years
            Projects: Project_0_212
            Certifications: Azure Certified, AWS Certified, PMP"
RES_0213,Candidate_213,QA Engineer,"['CI/CD', 'NumPy', 'Agile', 'REST APIs', 'Python', 'PyTorch', 'Git', 'PostgreSQL']",Master's in Physics,15,['Project_0_213'],"['Google Cloud Certified', 'Scrum Master']","Name: Candidate_213
            Target Position: QA Engineer
            Summary: Experienced professional with 15 years in the tech industry.
            Skills: CI/CD, NumPy, Agile, REST APIs, Python, PyTorch, Git, PostgreSQL
            Education: Master's in Physics
            Experience: 15 years
            Projects: Project_0_213
            Certifications: Google Cloud Certified, Scrum Master"
RES_0214,Candidate_214,Full Stack Developer,"['Kubernetes', 'Pandas', 'SQL', 'GraphQL', 'Node.js', 'TensorFlow', 'MongoDB']",Bachelor's in Physics,15,['Project_0_214'],"['Scrum Master', 'PMP', 'Azure Certified']","Name: Candidate_214
            Target Position: Full Stack Developer
            Summary: Experienced professional with 15 years in the tech industry.
            Skills: Kubernetes, Pandas, SQL, GraphQL, Node.js, TensorFlow, MongoDB
            Education: Bachelor's in Physics
            Experience: 15 years
            Projects: Project_0_214
            Certifications: Scrum Master, PMP, Azure Certified"
RES_0215,Candidate_215,Business Analyst,"['Python', 'JavaScript', 'Agile', 'Docker', 'PyTorch']",Bachelor's in Statistics,1,"['Project_0_215', 'Project_1_215', 'Project_2_215']",['Google Cloud Certified'],"Name: Candidate_215
            Target Position: Business Analyst
            Summary: Experienced professional with 1 years in the tech industry.
            Skills: Python, JavaScript, Agile, Docker, PyTorch
            Education: Bachelor's in Statistics
            Experience: 1 years
            Projects: Project_0_215, Project_1_215, Project_2_215
            Certifications: Google Cloud Certified"
RES_0216,Candidate_216,Product Manager,"['Docker', 'Node.js', 'React']",PhD in Physics,12,['Project_0_216'],"['AWS Certified', 'PMP']","Name: Candidate_216
            Target Position: Product Manager
            Summary: Experienced professional with 12 years in the tech industry.
            Skills: Docker, Node.js, React
            Education: PhD in Physics
            Experience: 12 years
            Projects: Project_0_216
            Certifications: AWS Certified, PMP"
RES_0217,Candidate_217,Data Scientist,"['PostgreSQL', 'Java', 'Git', 'SQL']",PhD in Mathematics,3,"['Project_0_217', 'Project_1_217']",['TensorFlow Developer'],"Name: Candidate_217
            Target Position: Data Scientist
            Summary: Experienced professional with 3 years in the tech industry.
            Skills: PostgreSQL, Java, Git, SQL
            Education: PhD in Mathematics
            Experience: 3 years
            Projects: Project_0_217, Project_1_217
            Certifications: TensorFlow Developer"
RES_0218,Candidate_218,System Administrator,"['Node.js', 'Pandas', 'CI/CD', 'SQL']",PhD in Computer Science,14,"['Project_0_218', 'Project_1_218', 'Project_2_218', 'Project_3_218']",[],"Name: Candidate_218
            Target Position: System Administrator
            Summary: Experienced professional with 14 years in the tech industry.
            Skills: Node.js, Pandas, CI/CD, SQL
            Education: PhD in Computer Science
            Experience: 14 years
            Projects: Project_0_218, Project_1_218, Project_2_218, Project_3_218
            Certifications: None"
RES_0219,Candidate_219,Business Analyst,"['PostgreSQL', 'Agile', 'SQL', 'NumPy', 'Docker', 'React', 'GraphQL']",Master's in Statistics,13,"['Project_0_219', 'Project_1_219', 'Project_2_219', 'Project_3_219']","['Scrum Master', 'Azure Certified']","Name: Candidate_219
            Target Position: Business Analyst
            Summary: Experienced professional with 13 years in the tech industry.
            Skills: PostgreSQL, Agile, SQL, NumPy, Docker, React, GraphQL
            Education: Master's in Statistics
            Experience: 13 years
            Projects: Project_0_219, Project_1_219, Project_2_219, Project_3_219
            Certifications: Scrum Master, Azure Certified"
RES_0220,Candidate_220,QA Engineer,"['CI/CD', 'MongoDB', 'JavaScript', 'Docker', 'REST APIs', 'Pandas', 'SQL', 'TensorFlow']",Master's in Statistics,13,"['Project_0_220', 'Project_1_220', 'Project_2_220']","['AWS Certified', 'PMP', 'Azure Certified']","Name: Candidate_220
            Target Position: QA Engineer
            Summary: Experienced professional with 13 years in the tech industry.
            Skills: CI/CD, MongoDB, JavaScript, Docker, REST APIs, Pandas, SQL, TensorFlow
            Education: Master's in Statistics
            Experience: 13 years
            Projects: Project_0_220, Project_1_220, Project_2_220
            Certifications: AWS Certified, PMP, Azure Certified"
RES_0221,Candidate_221,QA Engineer,"['Docker', 'MongoDB', 'Python', 'React', 'PyTorch']",Master's in Statistics,9,"['Project_0_221', 'Project_1_221']",[],"Name: Candidate_221
            Target Position: QA Engineer
            Summary: Experienced professional with 9 years in the tech industry.
            Skills: Docker, MongoDB, Python, React, PyTorch
            Education: Master's in Statistics
            Experience: 9 years
            Projects: Project_0_221, Project_1_221
            Certifications: None"
RES_0222,Candidate_222,Data Scientist,"['Node.js', 'CI/CD', 'React']",Bachelor's in Statistics,2,['Project_0_222'],"['PMP', 'Azure Certified', 'Scrum Master']","Name: Candidate_222
            Target Position: Data Scientist
            Summary: Experienced professional with 2 years in the tech industry.
            Skills: Node.js, CI/CD, React
            Education: Bachelor's in Statistics
            Experience: 2 years
            Projects: Project_0_222
            Certifications: PMP, Azure Certified, Scrum Master"
RES_0223,Candidate_223,Data Analyst,"['Node.js', 'NumPy', 'REST APIs', 'TensorFlow', 'PyTorch', 'GraphQL', 'Git']",Bachelor's in Computer Science,6,['Project_0_223'],['Azure Certified'],"Name: Candidate_223
            Target Position: Data Analyst
            Summary: Experienced professional with 6 years in the tech industry.
            Skills: Node.js, NumPy, REST APIs, TensorFlow, PyTorch, GraphQL, Git
            Education: Bachelor's in Computer Science
            Experience: 6 years
            Projects: Project_0_223
            Certifications: Azure Certified"
RES_0224,Candidate_224,Machine Learning Engineer,"['Python', 'Pandas', 'MongoDB']",Master's in Computer Science,4,"['Project_0_224', 'Project_1_224', 'Project_2_224']","['Azure Certified', 'AWS Certified', 'TensorFlow Developer']","Name: Candidate_224
            Target Position: Machine Learning Engineer
            Summary: Experienced professional with 4 years in the tech industry.
            Skills: Python, Pandas, MongoDB
            Education: Master's in Computer Science
            Experience: 4 years
            Projects: Project_0_224, Project_1_224, Project_2_224
            Certifications: Azure Certified, AWS Certified, TensorFlow Developer"
RES_0225,Candidate_225,UX Designer,"['PostgreSQL', 'Pandas', 'REST APIs', 'JavaScript']",Master's in Mathematics,15,"['Project_0_225', 'Project_1_225', 'Project_2_225', 'Project_3_225', 'Project_4_225']",['Google Cloud Certified'],"Name: Candidate_225
            Target Position: UX Designer
            Summary: Experienced professional with 15 years in the tech industry.
            Skills: PostgreSQL, Pandas, REST APIs, JavaScript
            Education: Master's in Mathematics
            Experience: 15 years
            Projects: Project_0_225, Project_1_225, Project_2_225, Project_3_225, Project_4_225
            Certifications: Google Cloud Certified"
RES_0226,Candidate_226,Data Scientist,"['Python', 'Kubernetes', 'Agile']",Master's in Statistics,5,['Project_0_226'],"['PMP', 'TensorFlow Developer']","Name: Candidate_226
            Target Position: Data Scientist
            Summary: Experienced professional with 5 years in the tech industry.
            Skills: Python, Kubernetes, Agile
            Education: Master's in Statistics
            Experience: 5 years
            Projects: Project_0_226
            Certifications: PMP, TensorFlow Developer"
RES_0227,Candidate_227,Data Analyst,"['Git', 'Agile', 'MongoDB', 'TensorFlow', 'Docker', 'Java']",Bachelor's in Mathematics,9,['Project_0_227'],[],"Name: Candidate_227
            Target Position: Data Analyst
            Summary: Experienced professional with 9 years in the tech industry.
            Skills: Git, Agile, MongoDB, TensorFlow, Docker, Java
            Education: Bachelor's in Mathematics
            Experience: 9 years
            Projects: Project_0_227
            Certifications: None"
RES_0228,Candidate_228,Data Analyst,"['CI/CD', 'PostgreSQL', 'MongoDB', 'AWS', 'GraphQL', 'React', 'SQL']",Bachelor's in Statistics,5,"['Project_0_228', 'Project_1_228', 'Project_2_228']",[],"Name: Candidate_228
            Target Position: Data Analyst
            Summary: Experienced professional with 5 years in the tech industry.
            Skills: CI/CD, PostgreSQL, MongoDB, AWS, GraphQL, React, SQL
            Education: Bachelor's in Statistics
            Experience: 5 years
            Projects: Project_0_228, Project_1_228, Project_2_228
            Certifications: None"
RES_0229,Candidate_229,Machine Learning Engineer,"['Kubernetes', 'AWS', 'NumPy', 'CI/CD', 'MongoDB']",Master's in Statistics,11,"['Project_0_229', 'Project_1_229', 'Project_2_229', 'Project_3_229']","['AWS Certified', 'Azure Certified', 'TensorFlow Developer']","Name: Candidate_229
            Target Position: Machine Learning Engineer
            Summary: Experienced professional with 11 years in the tech industry.
            Skills: Kubernetes, AWS, NumPy, CI/CD, MongoDB
            Education: Master's in Statistics
            Experience: 11 years
            Projects: Project_0_229, Project_1_229, Project_2_229, Project_3_229
            Certifications: AWS Certified, Azure Certified, TensorFlow Developer"
RES_0230,Candidate_230,QA Engineer,"['Git', 'JavaScript', 'Python', 'TensorFlow', 'Java']",Bachelor's in Statistics,9,"['Project_0_230', 'Project_1_230', 'Project_2_230', 'Project_3_230']","['PMP', 'Google Cloud Certified', 'TensorFlow Developer']","Name: Candidate_230
            Target Position: QA Engineer
            Summary: Experienced professional with 9 years in the tech industry.
            Skills: Git, JavaScript, Python, TensorFlow, Java
            Education: Bachelor's in Statistics
            Experience: 9 years
            Projects: Project_0_230, Project_1_230, Project_2_230, Project_3_230
            Certifications: PMP, Google Cloud Certified, TensorFlow Developer"
RES_0231,Candidate_231,System Administrator,"['AWS', 'Agile', 'Kubernetes', 'GraphQL']",Master's in Mathematics,2,"['Project_0_231', 'Project_1_231', 'Project_2_231', 'Project_3_231', 'Project_4_231']",[],"Name: Candidate_231
            Target Position: System Administrator
            Summary: Experienced professional with 2 years in the tech industry.
            Skills: AWS, Agile, Kubernetes, GraphQL
            Education: Master's in Mathematics
            Experience: 2 years
            Projects: Project_0_231, Project_1_231, Project_2_231, Project_3_231, Project_4_231
            Certifications: None"
RES_0232,Candidate_232,Machine Learning Engineer,"['AWS', 'MongoDB', 'SQL']",Bachelor's in Computer Science,3,"['Project_0_232', 'Project_1_232']",[],"Name: Candidate_232
            Target Position: Machine Learning Engineer
            Summary: Experienced professional with 3 years in the tech industry.
            Skills: AWS, MongoDB, SQL
            Education: Bachelor's in Computer Science
            Experience: 3 years
            Projects: Project_0_232, Project_1_232
            Certifications: None"
RES_0233,Candidate_233,Data Analyst,"['React', 'PyTorch', 'AWS', 'CI/CD', 'Agile', 'REST APIs', 'GraphQL', 'Java']",Master's in Physics,5,['Project_0_233'],['TensorFlow Developer'],"Name: Candidate_233
            Target Position: Data Analyst
            Summary: Experienced professional with 5 years in the tech industry.
            Skills: React, PyTorch, AWS, CI/CD, Agile, REST APIs, GraphQL, Java
            Education: Master's in Physics
            Experience: 5 years
            Projects: Project_0_233
            Certifications: TensorFlow Developer"
RES_0234,Candidate_234,Machine Learning Engineer,"['Agile', 'REST APIs', 'TensorFlow', 'AWS', 'Java']",Bachelor's in Physics,2,"['Project_0_234', 'Project_1_234', 'Project_2_234', 'Project_3_234', 'Project_4_234']",[],"Name: Candidate_234
            Target Position: Machine Learning Engineer
            Summary: Experienced professional with 2 years in the tech industry.
            Skills: Agile, REST APIs, TensorFlow, AWS, Java
            Education: Bachelor's in Physics
            Experience: 2 years
            Projects: Project_0_234, Project_1_234, Project_2_234, Project_3_234, Project_4_234
            Certifications: None"
RES_0235,Candidate_235,Frontend Developer,"['Python', 'React', 'NumPy', 'Node.js']",Bachelor's in Physics,1,"['Project_0_235', 'Project_1_235', 'Project_2_235', 'Project_3_235', 'Project_4_235']","['AWS Certified', 'Scrum Master', 'Google Cloud Certified']","Name: Candidate_235
            Target Position: Frontend Developer
            Summary: Experienced professional with 1 years in the tech industry.
            Skills: Python, React, NumPy, Node.js
            Education: Bachelor's in Physics
            Experience: 1 years
            Projects: Project_0_235, Project_1_235, Project_2_235, Project_3_235, Project_4_235
            Certifications: AWS Certified, Scrum Master, Google Cloud Certified"
RES_0236,Candidate_236,UX Designer,"['PyTorch', 'Pandas', 'Kubernetes', 'SQL', 'MongoDB']",Bachelor's in Mathematics,8,"['Project_0_236', 'Project_1_236', 'Project_2_236', 'Project_3_236']",['AWS Certified'],"Name: Candidate_236
            Target Position: UX Designer
            Summary: Experienced professional with 8 years in the tech industry.
            Skills: PyTorch, Pandas, Kubernetes, SQL, MongoDB
            Education: Bachelor's in Mathematics
            Experience: 8 years
            Projects: Project_0_236, Project_1_236, Project_2_236, Project_3_236
            Certifications: AWS Certified"
RES_0237,Candidate_237,Frontend Developer,"['Git', 'Python', 'JavaScript', 'CI/CD', 'MongoDB', 'Kubernetes', 'React', 'AWS']",Master's in Statistics,9,"['Project_0_237', 'Project_1_237', 'Project_2_237']",[],"Name: Candidate_237
            Target Position: Frontend Developer
            Summary: Experienced professional with 9 years in the tech industry.
            Skills: Git, Python, JavaScript, CI/CD, MongoDB, Kubernetes, React, AWS
            Education: Master's in Statistics
            Experience: 9 years
            Projects: Project_0_237, Project_1_237, Project_2_237
            Certifications: None"
RES_0238,Candidate_238,DevOps Engineer,"['Node.js', 'NumPy', 'PyTorch', 'Git', 'JavaScript', 'MongoDB', 'Java', 'Kubernetes']",Master's in Mathematics,15,"['Project_0_238', 'Project_1_238', 'Project_2_238']",['PMP'],"Name: Candidate_238
            Target Position: DevOps Engineer
            Summary: Experienced professional with 15 years in the tech industry.
            Skills: Node.js, NumPy, PyTorch, Git, JavaScript, MongoDB, Java, Kubernetes
            Education: Master's in Mathematics
            Experience: 15 years
            Projects: Project_0_238, Project_1_238, Project_2_238
            Certifications: PMP"
RES_0239,Candidate_239,Data Scientist,"['CI/CD', 'REST APIs', 'Java', 'TensorFlow', 'React']",PhD in Mathematics,4,['Project_0_239'],['TensorFlow Developer'],"Name: Candidate_239
            Target Position: Data Scientist
            Summary: Experienced professional with 4 years in the tech industry.
            Skills: CI/CD, REST APIs, Java, TensorFlow, React
            Education: PhD in Mathematics
            Experience: 4 years
            Projects: Project_0_239
            Certifications: TensorFlow Developer"
RES_0240,Candidate_240,Frontend Developer,"['PyTorch', 'MongoDB', 'REST APIs', 'AWS', 'Java', 'TensorFlow', 'Pandas', 'PostgreSQL']",PhD in Computer Science,7,"['Project_0_240', 'Project_1_240']","['AWS Certified', 'PMP']","Name: Candidate_240
            Target Position: Frontend Developer
            Summary: Experienced professional with 7 years in the tech industry.
            Skills: PyTorch, MongoDB, REST APIs, AWS, Java, TensorFlow, Pandas, PostgreSQL
            Education: PhD in Computer Science
            Experience: 7 years
            Projects: Project_0_240, Project_1_240
            Certifications: AWS Certified, PMP"
RES_0241,Candidate_241,System Administrator,"['Agile', 'Docker', 'PyTorch', 'JavaScript', 'TensorFlow']",PhD in Physics,9,"['Project_0_241', 'Project_1_241', 'Project_2_241']",['Scrum Master'],"Name: Candidate_241
            Target Position: System Administrator
            Summary: Experienced professional with 9 years in the tech industry.
            Skills: Agile, Docker, PyTorch, JavaScript, TensorFlow
            Education: PhD in Physics
            Experience: 9 years
            Projects: Project_0_241, Project_1_241, Project_2_241
            Certifications: Scrum Master"
RES_0242,Candidate_242,Software Engineer,"['Kubernetes', 'Docker', 'AWS', 'PostgreSQL', 'JavaScript', 'Agile', 'Python']",Master's in Physics,9,"['Project_0_242', 'Project_1_242', 'Project_2_242', 'Project_3_242']","['Scrum Master', 'TensorFlow Developer', 'PMP']","Name: Candidate_242
            Target Position: Software Engineer
            Summary: Experienced professional with 9 years in the tech industry.
            Skills: Kubernetes, Docker, AWS, PostgreSQL, JavaScript, Agile, Python
            Education: Master's in Physics
            Experience: 9 years
            Projects: Project_0_242, Project_1_242, Project_2_242, Project_3_242
            Certifications: Scrum Master, TensorFlow Developer, PMP"
RES_0243,Candidate_243,Data Analyst,"['Pandas', 'JavaScript', 'Docker', 'Git', 'Python', 'Java']",PhD in Computer Science,1,['Project_0_243'],"['Scrum Master', 'TensorFlow Developer']","Name: Candidate_243
            Target Position: Data Analyst
            Summary: Experienced professional with 1 years in the tech industry.
            Skills: Pandas, JavaScript, Docker, Git, Python, Java
            Education: PhD in Computer Science
            Experience: 1 years
            Projects: Project_0_243
            Certifications: Scrum Master, TensorFlow Developer"
RES_0244,Candidate_244,System Administrator,"['REST APIs', 'SQL', 'JavaScript', 'GraphQL']",Bachelor's in Statistics,10,"['Project_0_244', 'Project_1_244', 'Project_2_244']","['Azure Certified', 'AWS Certified']","Name: Candidate_244
            Target Position: System Administrator
            Summary: Experienced professional with 10 years in the tech industry.
            Skills: REST APIs, SQL, JavaScript, GraphQL
            Education: Bachelor's in Statistics
            Experience: 10 years
            Projects: Project_0_244, Project_1_244, Project_2_244
            Certifications: Azure Certified, AWS Certified"
RES_0245,Candidate_245,QA Engineer,"['REST APIs', 'Docker', 'Git', 'CI/CD', 'Node.js']",Bachelor's in Engineering,0,"['Project_0_245', 'Project_1_245']",[],"Name: Candidate_245
            Target Position: QA Engineer
            Summary: Experienced professional with 0 years in the tech industry.
            Skills: REST APIs, Docker, Git, CI/CD, Node.js
            Education: Bachelor's in Engineering
            Experience: 0 years
            Projects: Project_0_245, Project_1_245
            Certifications: None"
RES_0246,Candidate_246,Software Engineer,"['PostgreSQL', 'Git', 'TensorFlow', 'CI/CD', 'React', 'REST APIs', 'Pandas']",Master's in Computer Science,3,"['Project_0_246', 'Project_1_246', 'Project_2_246', 'Project_3_246', 'Project_4_246']","['Scrum Master', 'TensorFlow Developer', 'PMP']","Name: Candidate_246
            Target Position: Software Engineer
            Summary: Experienced professional with 3 years in the tech industry.
            Skills: PostgreSQL, Git, TensorFlow, CI/CD, React, REST APIs, Pandas
            Education: Master's in Computer Science
            Experience: 3 years
            Projects: Project_0_246, Project_1_246, Project_2_246, Project_3_246, Project_4_246
            Certifications: Scrum Master, TensorFlow Developer, PMP"
RES_0247,Candidate_247,Backend Developer,"['JavaScript', 'PyTorch', 'Pandas', 'PostgreSQL', 'Docker', 'Kubernetes', 'Git', 'REST APIs']",Master's in Mathematics,2,"['Project_0_247', 'Project_1_247', 'Project_2_247']",[],"Name: Candidate_247
            Target Position: Backend Developer
            Summary: Experienced professional with 2 years in the tech industry.
            Skills: JavaScript, PyTorch, Pandas, PostgreSQL, Docker, Kubernetes, Git, REST APIs
            Education: Master's in Mathematics
            Experience: 2 years
            Projects: Project_0_247, Project_1_247, Project_2_247
            Certifications: None"
RES_0248,Candidate_248,Business Analyst,"['Agile', 'AWS', 'PostgreSQL', 'CI/CD', 'Java', 'Kubernetes', 'Docker', 'PyTorch']",PhD in Statistics,3,"['Project_0_248', 'Project_1_248', 'Project_2_248']","['PMP', 'Azure Certified']","Name: Candidate_248
            Target Position: Business Analyst
            Summary: Experienced professional with 3 years in the tech industry.
            Skills: Agile, AWS, PostgreSQL, CI/CD, Java, Kubernetes, Docker, PyTorch
            Education: PhD in Statistics
            Experience: 3 years
            Projects: Project_0_248, Project_1_248, Project_2_248
            Certifications: PMP, Azure Certified"
RES_0249,Candidate_249,Data Analyst,"['JavaScript', 'TensorFlow', 'SQL', 'MongoDB']",PhD in Mathematics,0,"['Project_0_249', 'Project_1_249', 'Project_2_249', 'Project_3_249', 'Project_4_249']","['TensorFlow Developer', 'PMP', 'Scrum Master']","Name: Candidate_249
            Target Position: Data Analyst
            Summary: Experienced professional with 0 years in the tech industry.
            Skills: JavaScript, TensorFlow, SQL, MongoDB
            Education: PhD in Mathematics
            Experience: 0 years
            Projects: Project_0_249, Project_1_249, Project_2_249, Project_3_249, Project_4_249
            Certifications: TensorFlow Developer, PMP, Scrum Master"
RES_0250,Candidate_250,Full Stack Developer,"['TensorFlow', 'Pandas', 'PyTorch', 'AWS', 'Git']",PhD in Computer Science,8,"['Project_0_250', 'Project_1_250', 'Project_2_250', 'Project_3_250', 'Project_4_250']","['Azure Certified', 'TensorFlow Developer']","Name: Candidate_250
            Target Position: Full Stack Developer
            Summary: Experienced professional with 8 years in the tech industry.
            Skills: TensorFlow, Pandas, PyTorch, AWS, Git
            Education: PhD in Computer Science
            Experience: 8 years
            Projects: Project_0_250, Project_1_250, Project_2_250, Project_3_250, Project_4_250
            Certifications: Azure Certified, TensorFlow Developer"
RES_0251,Candidate_251,Machine Learning Engineer,"['NumPy', 'PyTorch', 'Python', 'Pandas', 'MongoDB', 'JavaScript', 'CI/CD', 'Git']",Master's in Mathematics,1,"['Project_0_251', 'Project_1_251']",[],"Name: Candidate_251
            Target Position: Machine Learning Engineer
            Summary: Experienced professional with 1 years in the tech industry.
            Skills: NumPy, PyTorch, Python, Pandas, MongoDB, JavaScript, CI/CD, Git
            Education: Master's in Mathematics
            Experience: 1 years
            Projects: Project_0_251, Project_1_251
            Certifications: None"
RES_0252,Candidate_252,Backend Developer,"['NumPy', 'JavaScript', 'REST APIs']",Master's in Mathematics,1,"['Project_0_252', 'Project_1_252']","['Google Cloud Certified', 'PMP', 'AWS Certified']","Name: Candidate_252
            Target Position: Backend Developer
            Summary: Experienced professional with 1 years in the tech industry.
            Skills: NumPy, JavaScript, REST APIs
            Education: Master's in Mathematics
            Experience: 1 years
            Projects: Project_0_252, Project_1_252
            Certifications: Google Cloud Certified, PMP, AWS Certified"
RES_0253,Candidate_253,Data Scientist,"['GraphQL', 'CI/CD', 'PyTorch', 'PostgreSQL', 'Java']",Bachelor's in Engineering,5,"['Project_0_253', 'Project_1_253', 'Project_2_253', 'Project_3_253', 'Project_4_253']","['PMP', 'TensorFlow Developer', 'Azure Certified']","Name: Candidate_253
            Target Position: Data Scientist
            Summary: Experienced professional with 5 years in the tech industry.
            Skills: GraphQL, CI/CD, PyTorch, PostgreSQL, Java
            Education: Bachelor's in Engineering
            Experience: 5 years
            Projects: Project_0_253, Project_1_253, Project_2_253, Project_3_253, Project_4_253
            Certifications: PMP, TensorFlow Developer, Azure Certified"
RES_0254,Candidate_254,Data Analyst,"['NumPy', 'Java', 'Git']",Master's in Mathematics,13,['Project_0_254'],[],"Name: Candidate_254
            Target Position: Data Analyst
            Summary: Experienced professional with 13 years in the tech industry.
            Skills: NumPy, Java, Git
            Education: Master's in Mathematics
            Experience: 13 years
            Projects: Project_0_254
            Certifications: None"
RES_0255,Candidate_255,Machine Learning Engineer,"['JavaScript', 'NumPy', 'React', 'TensorFlow', 'PyTorch', 'Node.js', 'PostgreSQL']",Master's in Computer Science,8,"['Project_0_255', 'Project_1_255', 'Project_2_255']","['Scrum Master', 'TensorFlow Developer']","Name: Candidate_255
            Target Position: Machine Learning Engineer
            Summary: Experienced professional with 8 years in the tech industry.
            Skills: JavaScript, NumPy, React, TensorFlow, PyTorch, Node.js, PostgreSQL
            Education: Master's in Computer Science
            Experience: 8 years
            Projects: Project_0_255, Project_1_255, Project_2_255
            Certifications: Scrum Master, TensorFlow Developer"
RES_0256,Candidate_256,Product Manager,"['Node.js', 'PyTorch', 'CI/CD', 'Agile', 'Pandas']",Bachelor's in Engineering,4,"['Project_0_256', 'Project_1_256', 'Project_2_256', 'Project_3_256', 'Project_4_256']","['AWS Certified', 'Azure Certified']","Name: Candidate_256
            Target Position: Product Manager
            Summary: Experienced professional with 4 years in the tech industry.
            Skills: Node.js, PyTorch, CI/CD, Agile, Pandas
            Education: Bachelor's in Engineering
            Experience: 4 years
            Projects: Project_0_256, Project_1_256, Project_2_256, Project_3_256, Project_4_256
            Certifications: AWS Certified, Azure Certified"
RES_0257,Candidate_257,UX Designer,"['SQL', 'Docker', 'JavaScript', 'Kubernetes', 'Pandas']",PhD in Mathematics,15,"['Project_0_257', 'Project_1_257', 'Project_2_257']","['TensorFlow Developer', 'Google Cloud Certified', 'AWS Certified']","Name: Candidate_257
            Target Position: UX Designer
            Summary: Experienced professional with 15 years in the tech industry.
            Skills: SQL, Docker, JavaScript, Kubernetes, Pandas
            Education: PhD in Mathematics
            Experience: 15 years
            Projects: Project_0_257, Project_1_257, Project_2_257
            Certifications: TensorFlow Developer, Google Cloud Certified, AWS Certified"
RES_0258,Candidate_258,Product Manager,"['CI/CD', 'PostgreSQL', 'TensorFlow', 'Docker', 'Node.js']",PhD in Engineering,11,"['Project_0_258', 'Project_1_258', 'Project_2_258', 'Project_3_258', 'Project_4_258']",[],"Name: Candidate_258
            Target Position: Product Manager
            Summary: Experienced professional with 11 years in the tech industry.
            Skills: CI/CD, PostgreSQL, TensorFlow, Docker, Node.js
            Education: PhD in Engineering
            Experience: 11 years
            Projects: Project_0_258, Project_1_258, Project_2_258, Project_3_258, Project_4_258
            Certifications: None"
RES_0259,Candidate_259,System Administrator,"['Kubernetes', 'Pandas', 'SQL', 'NumPy', 'Agile']",Master's in Statistics,3,"['Project_0_259', 'Project_1_259']",[],"Name: Candidate_259
            Target Position: System Administrator
            Summary: Experienced professional with 3 years in the tech industry.
            Skills: Kubernetes, Pandas, SQL, NumPy, Agile
            Education: Master's in Statistics
            Experience: 3 years
            Projects: Project_0_259, Project_1_259
            Certifications: None"
RES_0260,Candidate_260,Software Engineer,"['Python', 'Kubernetes', 'SQL', 'Agile', 'MongoDB', 'PostgreSQL', 'GraphQL']",PhD in Computer Science,10,"['Project_0_260', 'Project_1_260', 'Project_2_260']",['Scrum Master'],"Name: Candidate_260
            Target Position: Software Engineer
            Summary: Experienced professional with 10 years in the tech industry.
            Skills: Python, Kubernetes, SQL, Agile, MongoDB, PostgreSQL, GraphQL
            Education: PhD in Computer Science
            Experience: 10 years
            Projects: Project_0_260, Project_1_260, Project_2_260
            Certifications: Scrum Master"
RES_0261,Candidate_261,DevOps Engineer,"['Kubernetes', 'React', 'Git', 'Python', 'PyTorch', 'CI/CD', 'Pandas', 'REST APIs']",Bachelor's in Statistics,12,"['Project_0_261', 'Project_1_261', 'Project_2_261', 'Project_3_261', 'Project_4_261']","['TensorFlow Developer', 'Google Cloud Certified']","Name: Candidate_261
            Target Position: DevOps Engineer
            Summary: Experienced professional with 12 years in the tech industry.
            Skills: Kubernetes, React, Git, Python, PyTorch, CI/CD, Pandas, REST APIs
            Education: Bachelor's in Statistics
            Experience: 12 years
            Projects: Project_0_261, Project_1_261, Project_2_261, Project_3_261, Project_4_261
            Certifications: TensorFlow Developer, Google Cloud Certified"
RES_0262,Candidate_262,UX Designer,"['Node.js', 'Git', 'CI/CD', 'Kubernetes']",PhD in Physics,12,"['Project_0_262', 'Project_1_262']",[],"Name: Candidate_262
            Target Position: UX Designer
            Summary: Experienced professional with 12 years in the tech industry.
            Skills: Node.js, Git, CI/CD, Kubernetes
            Education: PhD in Physics
            Experience: 12 years
            Projects: Project_0_262, Project_1_262
            Certifications: None"
RES_0263,Candidate_263,Full Stack Developer,"['NumPy', 'Pandas', 'CI/CD', 'JavaScript', 'PyTorch', 'Docker']",Master's in Computer Science,2,['Project_0_263'],"['AWS Certified', 'TensorFlow Developer']","Name: Candidate_263
            Target Position: Full Stack Developer
            Summary: Experienced professional with 2 years in the tech industry.
            Skills: NumPy, Pandas, CI/CD, JavaScript, PyTorch, Docker
            Education: Master's in Computer Science
            Experience: 2 years
            Projects: Project_0_263
            Certifications: AWS Certified, TensorFlow Developer"
RES_0264,Candidate_264,Data Analyst,"['Docker', 'AWS', 'React', 'PyTorch']",Master's in Physics,10,['Project_0_264'],"['PMP', 'Google Cloud Certified', 'TensorFlow Developer']","Name: Candidate_264
            Target Position: Data Analyst
            Summary: Experienced professional with 10 years in the tech industry.
            Skills: Docker, AWS, React, PyTorch
            Education: Master's in Physics
            Experience: 10 years
            Projects: Project_0_264
            Certifications: PMP, Google Cloud Certified, TensorFlow Developer"
RES_0265,Candidate_265,Business Analyst,"['JavaScript', 'GraphQL', 'NumPy', 'Java', 'MongoDB', 'TensorFlow', 'React', 'Git']",Bachelor's in Physics,1,['Project_0_265'],['Google Cloud Certified'],"Name: Candidate_265
            Target Position: Business Analyst
            Summary: Experienced professional with 1 years in the tech industry.
            Skills: JavaScript, GraphQL, NumPy, Java, MongoDB, TensorFlow, React, Git
            Education: Bachelor's in Physics
            Experience: 1 years
            Projects: Project_0_265
            Certifications: Google Cloud Certified"
RES_0266,Candidate_266,QA Engineer,"['Pandas', 'Kubernetes', 'PyTorch', 'Git', 'Node.js', 'React', 'Python']",PhD in Statistics,7,"['Project_0_266', 'Project_1_266', 'Project_2_266']",[],"Name: Candidate_266
            Target Position: QA Engineer
            Summary: Experienced professional with 7 years in the tech industry.
            Skills: Pandas, Kubernetes, PyTorch, Git, Node.js, React, Python
            Education: PhD in Statistics
            Experience: 7 years
            Projects: Project_0_266, Project_1_266, Project_2_266
            Certifications: None"
RES_0267,Candidate_267,Business Analyst,"['REST APIs', 'PostgreSQL', 'PyTorch', 'GraphQL']",PhD in Physics,12,"['Project_0_267', 'Project_1_267', 'Project_2_267', 'Project_3_267', 'Project_4_267']","['AWS Certified', 'PMP', 'Google Cloud Certified']","Name: Candidate_267
            Target Position: Business Analyst
            Summary: Experienced professional with 12 years in the tech industry.
            Skills: REST APIs, PostgreSQL, PyTorch, GraphQL
            Education: PhD in Physics
            Experience: 12 years
            Projects: Project_0_267, Project_1_267, Project_2_267, Project_3_267, Project_4_267
            Certifications: AWS Certified, PMP, Google Cloud Certified"
RES_0268,Candidate_268,Full Stack Developer,"['Pandas', 'Python', 'Node.js', 'Docker', 'SQL', 'TensorFlow', 'CI/CD', 'MongoDB']",PhD in Computer Science,6,"['Project_0_268', 'Project_1_268', 'Project_2_268']",['AWS Certified'],"Name: Candidate_268
            Target Position: Full Stack Developer
            Summary: Experienced professional with 6 years in the tech industry.
            Skills: Pandas, Python, Node.js, Docker, SQL, TensorFlow, CI/CD, MongoDB
            Education: PhD in Computer Science
            Experience: 6 years
            Projects: Project_0_268, Project_1_268, Project_2_268
            Certifications: AWS Certified"
RES_0269,Candidate_269,Business Analyst,"['Agile', 'JavaScript', 'Git', 'GraphQL', 'Kubernetes', 'NumPy']",PhD in Engineering,7,"['Project_0_269', 'Project_1_269', 'Project_2_269', 'Project_3_269']",[],"Name: Candidate_269
            Target Position: Business Analyst
            Summary: Experienced professional with 7 years in the tech industry.
            Skills: Agile, JavaScript, Git, GraphQL, Kubernetes, NumPy
            Education: PhD in Engineering
            Experience: 7 years
            Projects: Project_0_269, Project_1_269, Project_2_269, Project_3_269
            Certifications: None"
RES_0270,Candidate_270,Frontend Developer,"['Python', 'REST APIs', 'PyTorch', 'Agile', 'MongoDB', 'Pandas', 'Java']",PhD in Statistics,0,"['Project_0_270', 'Project_1_270', 'Project_2_270', 'Project_3_270', 'Project_4_270']",['TensorFlow Developer'],"Name: Candidate_270
            Target Position: Frontend Developer
            Summary: Experienced professional with 0 years in the tech industry.
            Skills: Python, REST APIs, PyTorch, Agile, MongoDB, Pandas, Java
            Education: PhD in Statistics
            Experience: 0 years
            Projects: Project_0_270, Project_1_270, Project_2_270, Project_3_270, Project_4_270
            Certifications: TensorFlow Developer"
RES_0271,Candidate_271,UX Designer,"['NumPy', 'Kubernetes', 'AWS', 'MongoDB', 'Python']",Bachelor's in Statistics,0,['Project_0_271'],"['Scrum Master', 'Azure Certified']","Name: Candidate_271
            Target Position: UX Designer
            Summary: Experienced professional with 0 years in the tech industry.
            Skills: NumPy, Kubernetes, AWS, MongoDB, Python
            Education: Bachelor's in Statistics
            Experience: 0 years
            Projects: Project_0_271
            Certifications: Scrum Master, Azure Certified"
RES_0272,Candidate_272,System Administrator,"['MongoDB', 'Docker', 'SQL']",PhD in Statistics,8,['Project_0_272'],"['PMP', 'Azure Certified', 'Google Cloud Certified']","Name: Candidate_272
            Target Position: System Administrator
            Summary: Experienced professional with 8 years in the tech industry.
            Skills: MongoDB, Docker, SQL
            Education: PhD in Statistics
            Experience: 8 years
            Projects: Project_0_272
            Certifications: PMP, Azure Certified, Google Cloud Certified"
RES_0273,Candidate_273,QA Engineer,"['GraphQL', 'Java', 'REST APIs', 'Pandas', 'NumPy', 'Git', 'PyTorch']",PhD in Computer Science,13,"['Project_0_273', 'Project_1_273', 'Project_2_273', 'Project_3_273']",[],"Name: Candidate_273
            Target Position: QA Engineer
            Summary: Experienced professional with 13 years in the tech industry.
            Skills: GraphQL, Java, REST APIs, Pandas, NumPy, Git, PyTorch
            Education: PhD in Computer Science
            Experience: 13 years
            Projects: Project_0_273, Project_1_273, Project_2_273, Project_3_273
            Certifications: None"
RES_0274,Candidate_274,Data Scientist,"['AWS', 'Agile', 'CI/CD']",Master's in Statistics,6,"['Project_0_274', 'Project_1_274', 'Project_2_274', 'Project_3_274']",[],"Name: Candidate_274
            Target Position: Data Scientist
            Summary: Experienced professional with 6 years in the tech industry.
            Skills: AWS, Agile, CI/CD
            Education: Master's in Statistics
            Experience: 6 years
            Projects: Project_0_274, Project_1_274, Project_2_274, Project_3_274
            Certifications: None"
RES_0275,Candidate_275,Machine Learning Engineer,"['JavaScript', 'Java', 'PostgreSQL', 'SQL', 'TensorFlow']",Master's in Statistics,3,"['Project_0_275', 'Project_1_275', 'Project_2_275']","['AWS Certified', 'TensorFlow Developer', 'Google Cloud Certified']","Name: Candidate_275
            Target Position: Machine Learning Engineer
            Summary: Experienced professional with 3 years in the tech industry.
            Skills: JavaScript, Java, PostgreSQL, SQL, TensorFlow
            Education: Master's in Statistics
            Experience: 3 years
            Projects: Project_0_275, Project_1_275, Project_2_275
            Certifications: AWS Certified, TensorFlow Developer, Google Cloud Certified"
RES_0276,Candidate_276,Data Analyst,"['GraphQL', 'Git', 'TensorFlow', 'Agile', 'PyTorch', 'CI/CD', 'Java']",Master's in Computer Science,1,"['Project_0_276', 'Project_1_276', 'Project_2_276', 'Project_3_276', 'Project_4_276']",[],"Name: Candidate_276
            Target Position: Data Analyst
            Summary: Experienced professional with 1 years in the tech industry.
            Skills: GraphQL, Git, TensorFlow, Agile, PyTorch, CI/CD, Java
            Education: Master's in Computer Science
            Experience: 1 years
            Projects: Project_0_276, Project_1_276, Project_2_276, Project_3_276, Project_4_276
            Certifications: None"
RES_0277,Candidate_277,QA Engineer,"['Agile', 'Java', 'NumPy', 'TensorFlow', 'AWS']",Bachelor's in Statistics,7,"['Project_0_277', 'Project_1_277']",[],"Name: Candidate_277
            Target Position: QA Engineer
            Summary: Experienced professional with 7 years in the tech industry.
            Skills: Agile, Java, NumPy, TensorFlow, AWS
            Education: Bachelor's in Statistics
            Experience: 7 years
            Projects: Project_0_277, Project_1_277
            Certifications: None"
RES_0278,Candidate_278,UX Designer,"['PyTorch', 'NumPy', 'GraphQL', 'JavaScript']",PhD in Engineering,2,"['Project_0_278', 'Project_1_278', 'Project_2_278', 'Project_3_278']",[],"Name: Candidate_278
            Target Position: UX Designer
            Summary: Experienced professional with 2 years in the tech industry.
            Skills: PyTorch, NumPy, GraphQL, JavaScript
            Education: PhD in Engineering
            Experience: 2 years
            Projects: Project_0_278, Project_1_278, Project_2_278, Project_3_278
            Certifications: None"
RES_0279,Candidate_279,Machine Learning Engineer,"['React', 'SQL', 'Git', 'PyTorch', 'JavaScript', 'CI/CD', 'MongoDB']",Master's in Physics,14,"['Project_0_279', 'Project_1_279']",[],"Name: Candidate_279
            Target Position: Machine Learning Engineer
            Summary: Experienced professional with 14 years in the tech industry.
            Skills: React, SQL, Git, PyTorch, JavaScript, CI/CD, MongoDB
            Education: Master's in Physics
            Experience: 14 years
            Projects: Project_0_279, Project_1_279
            Certifications: None"
RES_0280,Candidate_280,DevOps Engineer,"['REST APIs', 'JavaScript', 'Git', 'AWS', 'Docker', 'Kubernetes']",PhD in Engineering,7,['Project_0_280'],"['PMP', 'Scrum Master']","Name: Candidate_280
            Target Position: DevOps Engineer
            Summary: Experienced professional with 7 years in the tech industry.
            Skills: REST APIs, JavaScript, Git, AWS, Docker, Kubernetes
            Education: PhD in Engineering
            Experience: 7 years
            Projects: Project_0_280
            Certifications: PMP, Scrum Master"
RES_0281,Candidate_281,QA Engineer,"['Docker', 'Java', 'SQL', 'JavaScript', 'React', 'PostgreSQL', 'TensorFlow']",PhD in Mathematics,4,"['Project_0_281', 'Project_1_281', 'Project_2_281', 'Project_3_281', 'Project_4_281']","['Google Cloud Certified', 'PMP']","Name: Candidate_281
            Target Position: QA Engineer
            Summary: Experienced professional with 4 years in the tech industry.
            Skills: Docker, Java, SQL, JavaScript, React, PostgreSQL, TensorFlow
            Education: PhD in Mathematics
            Experience: 4 years
            Projects: Project_0_281, Project_1_281, Project_2_281, Project_3_281, Project_4_281
            Certifications: Google Cloud Certified, PMP"
RES_0282,Candidate_282,Frontend Developer,"['TensorFlow', 'Java', 'Pandas', 'Kubernetes']",Master's in Computer Science,12,"['Project_0_282', 'Project_1_282']","['TensorFlow Developer', 'Scrum Master']","Name: Candidate_282
            Target Position: Frontend Developer
            Summary: Experienced professional with 12 years in the tech industry.
            Skills: TensorFlow, Java, Pandas, Kubernetes
            Education: Master's in Computer Science
            Experience: 12 years
            Projects: Project_0_282, Project_1_282
            Certifications: TensorFlow Developer, Scrum Master"
RES_0283,Candidate_283,Frontend Developer,"['Java', 'Docker', 'Pandas', 'NumPy', 'Git', 'React', 'PostgreSQL']",Master's in Statistics,9,"['Project_0_283', 'Project_1_283']","['AWS Certified', 'Google Cloud Certified', 'TensorFlow Developer']","Name: Candidate_283
            Target Position: Frontend Developer
            Summary: Experienced professional with 9 years in the tech industry.
            Skills: Java, Docker, Pandas, NumPy, Git, React, PostgreSQL
            Education: Master's in Statistics
            Experience: 9 years
            Projects: Project_0_283, Project_1_283
            Certifications: AWS Certified, Google Cloud Certified, TensorFlow Developer"
RES_0284,Candidate_284,Full Stack Developer,"['AWS', 'MongoDB', 'SQL', 'REST APIs']",Master's in Physics,12,['Project_0_284'],"['Scrum Master', 'TensorFlow Developer']","Name: Candidate_284
            Target Position: Full Stack Developer
            Summary: Experienced professional with 12 years in the tech industry.
            Skills: AWS, MongoDB, SQL, REST APIs
            Education: Master's in Physics
            Experience: 12 years
            Projects: Project_0_284
            Certifications: Scrum Master, TensorFlow Developer"
RES_0285,Candidate_285,Software Engineer,"['MongoDB', 'TensorFlow', 'Pandas', 'SQL', 'REST APIs', 'NumPy', 'JavaScript', 'PyTorch']",PhD in Engineering,1,"['Project_0_285', 'Project_1_285', 'Project_2_285', 'Project_3_285']","['AWS Certified', 'PMP', 'Scrum Master']","Name: Candidate_285
            Target Position: Software Engineer
            Summary: Experienced professional with 1 years in the tech industry.
            Skills: MongoDB, TensorFlow, Pandas, SQL, REST APIs, NumPy, JavaScript, PyTorch
            Education: PhD in Engineering
            Experience: 1 years
            Projects: Project_0_285, Project_1_285, Project_2_285, Project_3_285
            Certifications: AWS Certified, PMP, Scrum Master"
RES_0286,Candidate_286,Machine Learning Engineer,"['React', 'REST APIs', 'TensorFlow', 'PostgreSQL', 'Kubernetes', 'PyTorch']",PhD in Physics,2,['Project_0_286'],['TensorFlow Developer'],"Name: Candidate_286
            Target Position: Machine Learning Engineer
            Summary: Experienced professional with 2 years in the tech industry.
            Skills: React, REST APIs, TensorFlow, PostgreSQL, Kubernetes, PyTorch
            Education: PhD in Physics
            Experience: 2 years
            Projects: Project_0_286
            Certifications: TensorFlow Developer"
RES_0287,Candidate_287,Product Manager,"['REST APIs', 'Git', 'GraphQL']",PhD in Engineering,4,"['Project_0_287', 'Project_1_287', 'Project_2_287']",[],"Name: Candidate_287
            Target Position: Product Manager
            Summary: Experienced professional with 4 years in the tech industry.
            Skills: REST APIs, Git, GraphQL
            Education: PhD in Engineering
            Experience: 4 years
            Projects: Project_0_287, Project_1_287, Project_2_287
            Certifications: None"
RES_0288,Candidate_288,QA Engineer,"['MongoDB', 'Docker', 'Node.js']",Master's in Computer Science,7,"['Project_0_288', 'Project_1_288', 'Project_2_288']","['Google Cloud Certified', 'Azure Certified']","Name: Candidate_288
            Target Position: QA Engineer
            Summary: Experienced professional with 7 years in the tech industry.
            Skills: MongoDB, Docker, Node.js
            Education: Master's in Computer Science
            Experience: 7 years
            Projects: Project_0_288, Project_1_288, Project_2_288
            Certifications: Google Cloud Certified, Azure Certified"
RES_0289,Candidate_289,Data Analyst,"['SQL', 'Kubernetes', 'Python']",Bachelor's in Engineering,9,"['Project_0_289', 'Project_1_289']",[],"Name: Candidate_289
            Target Position: Data Analyst
            Summary: Experienced professional with 9 years in the tech industry.
            Skills: SQL, Kubernetes, Python
            Education: Bachelor's in Engineering
            Experience: 9 years
            Projects: Project_0_289, Project_1_289
            Certifications: None"
RES_0290,Candidate_290,Data Analyst,"['Python', 'GraphQL', 'AWS', 'Node.js', 'Agile', 'Docker', 'PostgreSQL', 'Pandas']",PhD in Engineering,9,"['Project_0_290', 'Project_1_290', 'Project_2_290']","['AWS Certified', 'TensorFlow Developer', 'Azure Certified']","Name: Candidate_290
            Target Position: Data Analyst
            Summary: Experienced professional with 9 years in the tech industry.
            Skills: Python, GraphQL, AWS, Node.js, Agile, Docker, PostgreSQL, Pandas
            Education: PhD in Engineering
            Experience: 9 years
            Projects: Project_0_290, Project_1_290, Project_2_290
            Certifications: AWS Certified, TensorFlow Developer, Azure Certified"
RES_0291,Candidate_291,DevOps Engineer,"['REST APIs', 'AWS', 'Python', 'Git', 'Java']",PhD in Physics,4,"['Project_0_291', 'Project_1_291', 'Project_2_291', 'Project_3_291']",[],"Name: Candidate_291
            Target Position: DevOps Engineer
            Summary: Experienced professional with 4 years in the tech industry.
            Skills: REST APIs, AWS, Python, Git, Java
            Education: PhD in Physics
            Experience: 4 years
            Projects: Project_0_291, Project_1_291, Project_2_291, Project_3_291
            Certifications: None"
RES_0292,Candidate_292,System Administrator,"['React', 'Java', 'Kubernetes', 'REST APIs', 'Pandas']",Bachelor's in Mathematics,8,"['Project_0_292', 'Project_1_292', 'Project_2_292', 'Project_3_292', 'Project_4_292']",[],"Name: Candidate_292
            Target Position: System Administrator
            Summary: Experienced professional with 8 years in the tech industry.
            Skills: React, Java, Kubernetes, REST APIs, Pandas
            Education: Bachelor's in Mathematics
            Experience: 8 years
            Projects: Project_0_292, Project_1_292, Project_2_292, Project_3_292, Project_4_292
            Certifications: None"
RES_0293,Candidate_293,Data Analyst,"['Pandas', 'React', 'Kubernetes']",Bachelor's in Statistics,5,"['Project_0_293', 'Project_1_293']",[],"Name: Candidate_293
            Target Position: Data Analyst
            Summary: Experienced professional with 5 years in the tech industry.
            Skills: Pandas, React, Kubernetes
            Education: Bachelor's in Statistics
            Experience: 5 years
            Projects: Project_0_293, Project_1_293
            Certifications: None"
RES_0294,Candidate_294,UX Designer,"['Kubernetes', 'REST APIs', 'AWS', 'TensorFlow', 'GraphQL', 'MongoDB', 'SQL']",PhD in Computer Science,13,"['Project_0_294', 'Project_1_294', 'Project_2_294', 'Project_3_294', 'Project_4_294']",['Google Cloud Certified'],"Name: Candidate_294
            Target Position: UX Designer
            Summary: Experienced professional with 13 years in the tech industry.
            Skills: Kubernetes, REST APIs, AWS, TensorFlow, GraphQL, MongoDB, SQL
            Education: PhD in Computer Science
            Experience: 13 years
            Projects: Project_0_294, Project_1_294, Project_2_294, Project_3_294, Project_4_294
            Certifications: Google Cloud Certified"
RES_0295,Candidate_295,DevOps Engineer,"['PyTorch', 'Java', 'Node.js', 'PostgreSQL', 'Docker', 'Python']",Master's in Statistics,8,['Project_0_295'],['Google Cloud Certified'],"Name: Candidate_295
            Target Position: DevOps Engineer
            Summary: Experienced professional with 8 years in the tech industry.
            Skills: PyTorch, Java, Node.js, PostgreSQL, Docker, Python
            Education: Master's in Statistics
            Experience: 8 years
            Projects: Project_0_295
            Certifications: Google Cloud Certified"
RES_0296,Candidate_296,Machine Learning Engineer,"['SQL', 'AWS', 'Agile']",Master's in Computer Science,9,['Project_0_296'],[],"Name: Candidate_296
            Target Position: Machine Learning Engineer
            Summary: Experienced professional with 9 years in the tech industry.
            Skills: SQL, AWS, Agile
            Education: Master's in Computer Science
            Experience: 9 years
            Projects: Project_0_296
            Certifications: None"
RES_0297,Candidate_297,Product Manager,"['PostgreSQL', 'JavaScript', 'MongoDB']",Bachelor's in Engineering,9,['Project_0_297'],"['Scrum Master', 'AWS Certified']","Name: Candidate_297
            Target Position: Product Manager
            Summary: Experienced professional with 9 years in the tech industry.
            Skills: PostgreSQL, JavaScript, MongoDB
            Education: Bachelor's in Engineering
            Experience: 9 years
            Projects: Project_0_297
            Certifications: Scrum Master, AWS Certified"
RES_0298,Candidate_298,Frontend Developer,"['React', 'Git', 'Docker']",Bachelor's in Physics,10,"['Project_0_298', 'Project_1_298', 'Project_2_298', 'Project_3_298']",[],"Name: Candidate_298
            Target Position: Frontend Developer
            Summary: Experienced professional with 10 years in the tech industry.
            Skills: React, Git, Docker
            Education: Bachelor's in Physics
            Experience: 10 years
            Projects: Project_0_298, Project_1_298, Project_2_298, Project_3_298
            Certifications: None"
RES_0299,Candidate_299,Backend Developer,"['Git', 'Python', 'REST APIs', 'GraphQL', 'Java']",Bachelor's in Computer Science,7,"['Project_0_299', 'Project_1_299', 'Project_2_299', 'Project_3_299']",[],"Name: Candidate_299
            Target Position: Backend Developer
            Summary: Experienced professional with 7 years in the tech industry.
            Skills: Git, Python, REST APIs, GraphQL, Java
            Education: Bachelor's in Computer Science
            Experience: 7 years
            Projects: Project_0_299, Project_1_299, Project_2_299, Project_3_299
            Certifications: None"
RES_0300,Candidate_300,Backend Developer,"['MongoDB', 'PostgreSQL', 'Java', 'JavaScript', 'AWS']",Bachelor's in Computer Science,1,"['Project_0_300', 'Project_1_300']",['Azure Certified'],"Name: Candidate_300
            Target Position: Backend Developer
            Summary: Experienced professional with 1 years in the tech industry.
            Skills: MongoDB, PostgreSQL, Java, JavaScript, AWS
            Education: Bachelor's in Computer Science
            Experience: 1 years
            Projects: Project_0_300, Project_1_300
            Certifications: Azure Certified"
RES_0301,Candidate_301,DevOps Engineer,"['SQL', 'MongoDB', 'Node.js', 'TensorFlow']",Bachelor's in Statistics,1,"['Project_0_301', 'Project_1_301', 'Project_2_301', 'Project_3_301', 'Project_4_301']","['Scrum Master', 'PMP', 'Azure Certified']","Name: Candidate_301
            Target Position: DevOps Engineer
            Summary: Experienced professional with 1 years in the tech industry.
            Skills: SQL, MongoDB, Node.js, TensorFlow
            Education: Bachelor's in Statistics
            Experience: 1 years
            Projects: Project_0_301, Project_1_301, Project_2_301, Project_3_301, Project_4_301
            Certifications: Scrum Master, PMP, Azure Certified"
RES_0302,Candidate_302,QA Engineer,"['Agile', 'CI/CD', 'SQL', 'Kubernetes', 'MongoDB', 'Pandas']",PhD in Mathematics,4,"['Project_0_302', 'Project_1_302', 'Project_2_302']","['AWS Certified', 'Google Cloud Certified', 'Azure Certified']","Name: Candidate_302
            Target Position: QA Engineer
            Summary: Experienced professional with 4 years in the tech industry.
            Skills: Agile, CI/CD, SQL, Kubernetes, MongoDB, Pandas
            Education: PhD in Mathematics
            Experience: 4 years
            Projects: Project_0_302, Project_1_302, Project_2_302
            Certifications: AWS Certified, Google Cloud Certified, Azure Certified"
RES_0303,Candidate_303,UX Designer,"['Agile', 'Kubernetes', 'Node.js', 'Java', 'Git', 'NumPy']",PhD in Engineering,12,"['Project_0_303', 'Project_1_303', 'Project_2_303', 'Project_3_303']","['Google Cloud Certified', 'Azure Certified']","Name: Candidate_303
            Target Position: UX Designer
            Summary: Experienced professional with 12 years in the tech industry.
            Skills: Agile, Kubernetes, Node.js, Java, Git, NumPy
            Education: PhD in Engineering
            Experience: 12 years
            Projects: Project_0_303, Project_1_303, Project_2_303, Project_3_303
            Certifications: Google Cloud Certified, Azure Certified"
RES_0304,Candidate_304,Data Scientist,"['GraphQL', 'Pandas', 'JavaScript', 'NumPy', 'SQL', 'PostgreSQL', 'REST APIs', 'Java']",Bachelor's in Engineering,11,"['Project_0_304', 'Project_1_304', 'Project_2_304', 'Project_3_304']",['Scrum Master'],"Name: Candidate_304
            Target Position: Data Scientist
            Summary: Experienced professional with 11 years in the tech industry.
            Skills: GraphQL, Pandas, JavaScript, NumPy, SQL, PostgreSQL, REST APIs, Java
            Education: Bachelor's in Engineering
            Experience: 11 years
            Projects: Project_0_304, Project_1_304, Project_2_304, Project_3_304
            Certifications: Scrum Master"
RES_0305,Candidate_305,UX Designer,"['MongoDB', 'React', 'PyTorch', 'PostgreSQL', 'TensorFlow', 'JavaScript', 'Java']",Bachelor's in Physics,7,"['Project_0_305', 'Project_1_305', 'Project_2_305', 'Project_3_305', 'Project_4_305']","['Scrum Master', 'AWS Certified', 'Google Cloud Certified']","Name: Candidate_305
            Target Position: UX Designer
            Summary: Experienced professional with 7 years in the tech industry.
            Skills: MongoDB, React, PyTorch, PostgreSQL, TensorFlow, JavaScript, Java
            Education: Bachelor's in Physics
            Experience: 7 years
            Projects: Project_0_305, Project_1_305, Project_2_305, Project_3_305, Project_4_305
            Certifications: Scrum Master, AWS Certified, Google Cloud Certified"
RES_0306,Candidate_306,System Administrator,"['GraphQL', 'Agile', 'Docker', 'PyTorch', 'PostgreSQL', 'Node.js', 'Kubernetes']",PhD in Mathematics,14,"['Project_0_306', 'Project_1_306', 'Project_2_306', 'Project_3_306', 'Project_4_306']","['PMP', 'TensorFlow Developer']","Name: Candidate_306
            Target Position: System Administrator
            Summary: Experienced professional with 14 years in the tech industry.
            Skills: GraphQL, Agile, Docker, PyTorch, PostgreSQL, Node.js, Kubernetes
            Education: PhD in Mathematics
            Experience: 14 years
            Projects: Project_0_306, Project_1_306, Project_2_306, Project_3_306, Project_4_306
            Certifications: PMP, TensorFlow Developer"
RES_0307,Candidate_307,Product Manager,"['REST APIs', 'Python', 'GraphQL', 'React', 'MongoDB', 'Kubernetes', 'NumPy', 'Pandas']",PhD in Engineering,15,"['Project_0_307', 'Project_1_307']","['Scrum Master', 'PMP']","Name: Candidate_307
            Target Position: Product Manager
            Summary: Experienced professional with 15 years in the tech industry.
            Skills: REST APIs, Python, GraphQL, React, MongoDB, Kubernetes, NumPy, Pandas
            Education: PhD in Engineering
            Experience: 15 years
            Projects: Project_0_307, Project_1_307
            Certifications: Scrum Master, PMP"
RES_0308,Candidate_308,UX Designer,"['React', 'PyTorch', 'TensorFlow', 'CI/CD', 'Docker', 'JavaScript', 'REST APIs']",PhD in Engineering,1,"['Project_0_308', 'Project_1_308', 'Project_2_308', 'Project_3_308']","['TensorFlow Developer', 'Azure Certified', 'AWS Certified']","Name: Candidate_308
            Target Position: UX Designer
            Summary: Experienced professional with 1 years in the tech industry.
            Skills: React, PyTorch, TensorFlow, CI/CD, Docker, JavaScript, REST APIs
            Education: PhD in Engineering
            Experience: 1 years
            Projects: Project_0_308, Project_1_308, Project_2_308, Project_3_308
            Certifications: TensorFlow Developer, Azure Certified, AWS Certified"
RES_0309,Candidate_309,Business Analyst,"['AWS', 'Docker', 'CI/CD', 'Git', 'NumPy', 'TensorFlow', 'Java']",Bachelor's in Physics,10,"['Project_0_309', 'Project_1_309', 'Project_2_309', 'Project_3_309']","['Azure Certified', 'AWS Certified', 'Scrum Master']","Name: Candidate_309
            Target Position: Business Analyst
            Summary: Experienced professional with 10 years in the tech industry.
            Skills: AWS, Docker, CI/CD, Git, NumPy, TensorFlow, Java
            Education: Bachelor's in Physics
            Experience: 10 years
            Projects: Project_0_309, Project_1_309, Project_2_309, Project_3_309
            Certifications: Azure Certified, AWS Certified, Scrum Master"
RES_0310,Candidate_310,UX Designer,"['Pandas', 'SQL', 'MongoDB', 'PyTorch', 'Kubernetes', 'Java', 'CI/CD', 'Docker']",Master's in Computer Science,0,"['Project_0_310', 'Project_1_310']","['Azure Certified', 'TensorFlow Developer', 'Scrum Master']","Name: Candidate_310
            Target Position: UX Designer
            Summary: Experienced professional with 0 years in the tech industry.
            Skills: Pandas, SQL, MongoDB, PyTorch, Kubernetes, Java, CI/CD, Docker
            Education: Master's in Computer Science
            Experience: 0 years
            Projects: Project_0_310, Project_1_310
            Certifications: Azure Certified, TensorFlow Developer, Scrum Master"
RES_0311,Candidate_311,UX Designer,"['CI/CD', 'NumPy', 'React']",Bachelor's in Engineering,12,"['Project_0_311', 'Project_1_311', 'Project_2_311', 'Project_3_311', 'Project_4_311']","['TensorFlow Developer', 'Scrum Master', 'Azure Certified']","Name: Candidate_311
            Target Position: UX Designer
            Summary: Experienced professional with 12 years in the tech industry.
            Skills: CI/CD, NumPy, React
            Education: Bachelor's in Engineering
            Experience: 12 years
            Projects: Project_0_311, Project_1_311, Project_2_311, Project_3_311, Project_4_311
            Certifications: TensorFlow Developer, Scrum Master, Azure Certified"
RES_0312,Candidate_312,DevOps Engineer,"['Java', 'Git', 'SQL']",Bachelor's in Engineering,12,['Project_0_312'],"['Google Cloud Certified', 'Scrum Master', 'AWS Certified']","Name: Candidate_312
            Target Position: DevOps Engineer
            Summary: Experienced professional with 12 years in the tech industry.
            Skills: Java, Git, SQL
            Education: Bachelor's in Engineering
            Experience: 12 years
            Projects: Project_0_312
            Certifications: Google Cloud Certified, Scrum Master, AWS Certified"
RES_0313,Candidate_313,DevOps Engineer,"['Docker', 'GraphQL', 'PostgreSQL', 'Kubernetes', 'Node.js']",Bachelor's in Physics,9,"['Project_0_313', 'Project_1_313', 'Project_2_313', 'Project_3_313']",[],"Name: Candidate_313
            Target Position: DevOps Engineer
            Summary: Experienced professional with 9 years in the tech industry.
            Skills: Docker, GraphQL, PostgreSQL, Kubernetes, Node.js
            Education: Bachelor's in Physics
            Experience: 9 years
            Projects: Project_0_313, Project_1_313, Project_2_313, Project_3_313
            Certifications: None"
RES_0314,Candidate_314,DevOps Engineer,"['CI/CD', 'Java', 'GraphQL']",PhD in Mathematics,0,"['Project_0_314', 'Project_1_314', 'Project_2_314', 'Project_3_314', 'Project_4_314']",['Google Cloud Certified'],"Name: Candidate_314
            Target Position: DevOps Engineer
            Summary: Experienced professional with 0 years in the tech industry.
            Skills: CI/CD, Java, GraphQL
            Education: PhD in Mathematics
            Experience: 0 years
            Projects: Project_0_314, Project_1_314, Project_2_314, Project_3_314, Project_4_314
            Certifications: Google Cloud Certified"
RES_0315,Candidate_315,Product Manager,"['NumPy', 'AWS', 'Python', 'Kubernetes', 'TensorFlow', 'PostgreSQL']",Master's in Statistics,4,"['Project_0_315', 'Project_1_315']",['Scrum Master'],"Name: Candidate_315
            Target Position: Product Manager
            Summary: Experienced professional with 4 years in the tech industry.
            Skills: NumPy, AWS, Python, Kubernetes, TensorFlow, PostgreSQL
            Education: Master's in Statistics
            Experience: 4 years
            Projects: Project_0_315, Project_1_315
            Certifications: Scrum Master"
RES_0316,Candidate_316,Full Stack Developer,"['Kubernetes', 'REST APIs', 'JavaScript', 'Agile']",PhD in Engineering,10,"['Project_0_316', 'Project_1_316', 'Project_2_316', 'Project_3_316', 'Project_4_316']","['TensorFlow Developer', 'AWS Certified']","Name: Candidate_316
            Target Position: Full Stack Developer
            Summary: Experienced professional with 10 years in the tech industry.
            Skills: Kubernetes, REST APIs, JavaScript, Agile
            Education: PhD in Engineering
            Experience: 10 years
            Projects: Project_0_316, Project_1_316, Project_2_316, Project_3_316, Project_4_316
            Certifications: TensorFlow Developer, AWS Certified"
RES_0317,Candidate_317,Data Scientist,"['SQL', 'NumPy', 'Node.js', 'JavaScript', 'Pandas', 'Git', 'MongoDB']",PhD in Physics,0,"['Project_0_317', 'Project_1_317', 'Project_2_317', 'Project_3_317']",['PMP'],"Name: Candidate_317
            Target Position: Data Scientist
            Summary: Experienced professional with 0 years in the tech industry.
            Skills: SQL, NumPy, Node.js, JavaScript, Pandas, Git, MongoDB
            Education: PhD in Physics
            Experience: 0 years
            Projects: Project_0_317, Project_1_317, Project_2_317, Project_3_317
            Certifications: PMP"
RES_0318,Candidate_318,Software Engineer,"['Pandas', 'SQL', 'PostgreSQL', 'JavaScript', 'Docker']",Master's in Statistics,13,"['Project_0_318', 'Project_1_318', 'Project_2_318', 'Project_3_318']","['Google Cloud Certified', 'AWS Certified', 'Scrum Master']","Name: Candidate_318
            Target Position: Software Engineer
            Summary: Experienced professional with 13 years in the tech industry.
            Skills: Pandas, SQL, PostgreSQL, JavaScript, Docker
            Education: Master's in Statistics
            Experience: 13 years
            Projects: Project_0_318, Project_1_318, Project_2_318, Project_3_318
            Certifications: Google Cloud Certified, AWS Certified, Scrum Master"
RES_0319,Candidate_319,Business Analyst,"['Python', 'React', 'JavaScript', 'PostgreSQL', 'TensorFlow', 'Kubernetes', 'MongoDB']",Bachelor's in Mathematics,9,"['Project_0_319', 'Project_1_319', 'Project_2_319', 'Project_3_319', 'Project_4_319']",[],"Name: Candidate_319
            Target Position: Business Analyst
            Summary: Experienced professional with 9 years in the tech industry.
            Skills: Python, React, JavaScript, PostgreSQL, TensorFlow, Kubernetes, MongoDB
            Education: Bachelor's in Mathematics
            Experience: 9 years
            Projects: Project_0_319, Project_1_319, Project_2_319, Project_3_319, Project_4_319
            Certifications: None"
RES_0320,Candidate_320,Product Manager,"['MongoDB', 'Git', 'Node.js', 'PostgreSQL', 'REST APIs']",Master's in Physics,0,"['Project_0_320', 'Project_1_320', 'Project_2_320', 'Project_3_320']","['AWS Certified', 'PMP', 'Azure Certified']","Name: Candidate_320
            Target Position: Product Manager
            Summary: Experienced professional with 0 years in the tech industry.
            Skills: MongoDB, Git, Node.js, PostgreSQL, REST APIs
            Education: Master's in Physics
            Experience: 0 years
            Projects: Project_0_320, Project_1_320, Project_2_320, Project_3_320
            Certifications: AWS Certified, PMP, Azure Certified"
RES_0321,Candidate_321,DevOps Engineer,"['MongoDB', 'Java', 'JavaScript', 'Python', 'AWS', 'Agile', 'TensorFlow', 'SQL']",Master's in Computer Science,0,"['Project_0_321', 'Project_1_321', 'Project_2_321']","['Google Cloud Certified', 'AWS Certified', 'Scrum Master']","Name: Candidate_321
            Target Position: DevOps Engineer
            Summary: Experienced professional with 0 years in the tech industry.
            Skills: MongoDB, Java, JavaScript, Python, AWS, Agile, TensorFlow, SQL
            Education: Master's in Computer Science
            Experience: 0 years
            Projects: Project_0_321, Project_1_321, Project_2_321
            Certifications: Google Cloud Certified, AWS Certified, Scrum Master"
RES_0322,Candidate_322,Data Analyst,"['PyTorch', 'Node.js', 'Agile', 'CI/CD', 'AWS', 'MongoDB']",Bachelor's in Engineering,5,['Project_0_322'],[],"Name: Candidate_322
            Target Position: Data Analyst
            Summary: Experienced professional with 5 years in the tech industry.
            Skills: PyTorch, Node.js, Agile, CI/CD, AWS, MongoDB
            Education: Bachelor's in Engineering
            Experience: 5 years
            Projects: Project_0_322
            Certifications: None"
RES_0323,Candidate_323,QA Engineer,"['Git', 'Python', 'MongoDB', 'TensorFlow', 'AWS', 'CI/CD']",Master's in Engineering,10,"['Project_0_323', 'Project_1_323', 'Project_2_323', 'Project_3_323']",['Azure Certified'],"Name: Candidate_323
            Target Position: QA Engineer
            Summary: Experienced professional with 10 years in the tech industry.
            Skills: Git, Python, MongoDB, TensorFlow, AWS, CI/CD
            Education: Master's in Engineering
            Experience: 10 years
            Projects: Project_0_323, Project_1_323, Project_2_323, Project_3_323
            Certifications: Azure Certified"
RES_0324,Candidate_324,Backend Developer,"['Python', 'NumPy', 'TensorFlow']",Master's in Statistics,4,"['Project_0_324', 'Project_1_324', 'Project_2_324', 'Project_3_324', 'Project_4_324']","['PMP', 'AWS Certified']","Name: Candidate_324
            Target Position: Backend Developer
            Summary: Experienced professional with 4 years in the tech industry.
            Skills: Python, NumPy, TensorFlow
            Education: Master's in Statistics
            Experience: 4 years
            Projects: Project_0_324, Project_1_324, Project_2_324, Project_3_324, Project_4_324
            Certifications: PMP, AWS Certified"
RES_0325,Candidate_325,Business Analyst,"['GraphQL', 'TensorFlow', 'Pandas']",Master's in Mathematics,8,"['Project_0_325', 'Project_1_325', 'Project_2_325', 'Project_3_325']",[],"Name: Candidate_325
            Target Position: Business Analyst
            Summary: Experienced professional with 8 years in the tech industry.
            Skills: GraphQL, TensorFlow, Pandas
            Education: Master's in Mathematics
            Experience: 8 years
            Projects: Project_0_325, Project_1_325, Project_2_325, Project_3_325
            Certifications: None"
RES_0326,Candidate_326,DevOps Engineer,"['Python', 'PostgreSQL', 'MongoDB', 'SQL', 'Java', 'Agile']",Master's in Physics,5,"['Project_0_326', 'Project_1_326', 'Project_2_326']",[],"Name: Candidate_326
            Target Position: DevOps Engineer
            Summary: Experienced professional with 5 years in the tech industry.
            Skills: Python, PostgreSQL, MongoDB, SQL, Java, Agile
            Education: Master's in Physics
            Experience: 5 years
            Projects: Project_0_326, Project_1_326, Project_2_326
            Certifications: None"
RES_0327,Candidate_327,Machine Learning Engineer,"['Java', 'PostgreSQL', 'NumPy', 'Docker', 'Node.js', 'CI/CD', 'React', 'MongoDB']",Bachelor's in Computer Science,1,"['Project_0_327', 'Project_1_327']","['PMP', 'Azure Certified', 'TensorFlow Developer']","Name: Candidate_327
            Target Position: Machine Learning Engineer
            Summary: Experienced professional with 1 years in the tech industry.
            Skills: Java, PostgreSQL, NumPy, Docker, Node.js, CI/CD, React, MongoDB
            Education: Bachelor's in Computer Science
            Experience: 1 years
            Projects: Project_0_327, Project_1_327
            Certifications: PMP, Azure Certified, TensorFlow Developer"
RES_0328,Candidate_328,DevOps Engineer,"['CI/CD', 'NumPy', 'React', 'SQL', 'Node.js', 'MongoDB', 'Pandas', 'REST APIs']",Bachelor's in Mathematics,4,"['Project_0_328', 'Project_1_328', 'Project_2_328', 'Project_3_328', 'Project_4_328']","['Azure Certified', 'Google Cloud Certified', 'AWS Certified']","Name: Candidate_328
            Target Position: DevOps Engineer
            Summary: Experienced professional with 4 years in the tech industry.
            Skills: CI/CD, NumPy, React, SQL, Node.js, MongoDB, Pandas, REST APIs
            Education: Bachelor's in Mathematics
            Experience: 4 years
            Projects: Project_0_328, Project_1_328, Project_2_328, Project_3_328, Project_4_328
            Certifications: Azure Certified, Google Cloud Certified, AWS Certified"
RES_0329,Candidate_329,Software Engineer,"['PostgreSQL', 'AWS', 'GraphQL', 'NumPy', 'TensorFlow', 'Agile', 'React']",Master's in Physics,15,"['Project_0_329', 'Project_1_329', 'Project_2_329', 'Project_3_329', 'Project_4_329']",['Azure Certified'],"Name: Candidate_329
            Target Position: Software Engineer
            Summary: Experienced professional with 15 years in the tech industry.
            Skills: PostgreSQL, AWS, GraphQL, NumPy, TensorFlow, Agile, React
            Education: Master's in Physics
            Experience: 15 years
            Projects: Project_0_329, Project_1_329, Project_2_329, Project_3_329, Project_4_329
            Certifications: Azure Certified"
RES_0330,Candidate_330,Software Engineer,"['Agile', 'CI/CD', 'AWS', 'GraphQL']",Bachelor's in Mathematics,10,['Project_0_330'],['Google Cloud Certified'],"Name: Candidate_330
            Target Position: Software Engineer
            Summary: Experienced professional with 10 years in the tech industry.
            Skills: Agile, CI/CD, AWS, GraphQL
            Education: Bachelor's in Mathematics
            Experience: 10 years
            Projects: Project_0_330
            Certifications: Google Cloud Certified"
RES_0331,Candidate_331,Machine Learning Engineer,"['Git', 'Node.js', 'PyTorch', 'CI/CD', 'React', 'JavaScript', 'Java', 'TensorFlow']",PhD in Engineering,10,"['Project_0_331', 'Project_1_331', 'Project_2_331']","['TensorFlow Developer', 'Scrum Master', 'Azure Certified']","Name: Candidate_331
            Target Position: Machine Learning Engineer
            Summary: Experienced professional with 10 years in the tech industry.
            Skills: Git, Node.js, PyTorch, CI/CD, React, JavaScript, Java, TensorFlow
            Education: PhD in Engineering
            Experience: 10 years
            Projects: Project_0_331, Project_1_331, Project_2_331
            Certifications: TensorFlow Developer, Scrum Master, Azure Certified"
RES_0332,Candidate_332,Frontend Developer,"['React', 'CI/CD', 'TensorFlow', 'PostgreSQL', 'NumPy', 'Git', 'REST APIs', 'Agile']",Bachelor's in Mathematics,4,"['Project_0_332', 'Project_1_332', 'Project_2_332', 'Project_3_332']",[],"Name: Candidate_332
            Target Position: Frontend Developer
            Summary: Experienced professional with 4 years in the tech industry.
            Skills: React, CI/CD, TensorFlow, PostgreSQL, NumPy, Git, REST APIs, Agile
            Education: Bachelor's in Mathematics
            Experience: 4 years
            Projects: Project_0_332, Project_1_332, Project_2_332, Project_3_332
            Certifications: None"
RES_0333,Candidate_333,UX Designer,"['Kubernetes', 'MongoDB', 'Node.js']",Bachelor's in Statistics,4,"['Project_0_333', 'Project_1_333']","['PMP', 'Azure Certified']","Name: Candidate_333
            Target Position: UX Designer
            Summary: Experienced professional with 4 years in the tech industry.
            Skills: Kubernetes, MongoDB, Node.js
            Education: Bachelor's in Statistics
            Experience: 4 years
            Projects: Project_0_333, Project_1_333
            Certifications: PMP, Azure Certified"
RES_0334,Candidate_334,Full Stack Developer,"['NumPy', 'GraphQL', 'TensorFlow', 'AWS', 'Docker', 'Java', 'PostgreSQL']",Bachelor's in Computer Science,0,"['Project_0_334', 'Project_1_334', 'Project_2_334', 'Project_3_334']","['Google Cloud Certified', 'TensorFlow Developer']","Name: Candidate_334
            Target Position: Full Stack Developer
            Summary: Experienced professional with 0 years in the tech industry.
            Skills: NumPy, GraphQL, TensorFlow, AWS, Docker, Java, PostgreSQL
            Education: Bachelor's in Computer Science
            Experience: 0 years
            Projects: Project_0_334, Project_1_334, Project_2_334, Project_3_334
            Certifications: Google Cloud Certified, TensorFlow Developer"
RES_0335,Candidate_335,System Administrator,"['TensorFlow', 'MongoDB', 'CI/CD', 'Git', 'REST APIs']",Master's in Physics,11,"['Project_0_335', 'Project_1_335', 'Project_2_335']",[],"Name: Candidate_335
            Target Position: System Administrator
            Summary: Experienced professional with 11 years in the tech industry.
            Skills: TensorFlow, MongoDB, CI/CD, Git, REST APIs
            Education: Master's in Physics
            Experience: 11 years
            Projects: Project_0_335, Project_1_335, Project_2_335
            Certifications: None"
RES_0336,Candidate_336,QA Engineer,"['PyTorch', 'SQL', 'JavaScript', 'AWS', 'Docker', 'Kubernetes', 'React', 'Java']",PhD in Computer Science,5,"['Project_0_336', 'Project_1_336', 'Project_2_336']",[],"Name: Candidate_336
            Target Position: QA Engineer
            Summary: Experienced professional with 5 years in the tech industry.
            Skills: PyTorch, SQL, JavaScript, AWS, Docker, Kubernetes, React, Java
            Education: PhD in Computer Science
            Experience: 5 years
            Projects: Project_0_336, Project_1_336, Project_2_336
            Certifications: None"
RES_0337,Candidate_337,QA Engineer,"['AWS', 'Git', 'Java', 'PyTorch', 'Docker', 'REST APIs', 'React']",PhD in Statistics,10,"['Project_0_337', 'Project_1_337', 'Project_2_337', 'Project_3_337', 'Project_4_337']","['TensorFlow Developer', 'Scrum Master']","Name: Candidate_337
            Target Position: QA Engineer
            Summary: Experienced professional with 10 years in the tech industry.
            Skills: AWS, Git, Java, PyTorch, Docker, REST APIs, React
            Education: PhD in Statistics
            Experience: 10 years
            Projects: Project_0_337, Project_1_337, Project_2_337, Project_3_337, Project_4_337
            Certifications: TensorFlow Developer, Scrum Master"
RES_0338,Candidate_338,Business Analyst,"['Git', 'MongoDB', 'Kubernetes', 'Python']",PhD in Computer Science,3,"['Project_0_338', 'Project_1_338', 'Project_2_338', 'Project_3_338', 'Project_4_338']",[],"Name: Candidate_338
            Target Position: Business Analyst
            Summary: Experienced professional with 3 years in the tech industry.
            Skills: Git, MongoDB, Kubernetes, Python
            Education: PhD in Computer Science
            Experience: 3 years
            Projects: Project_0_338, Project_1_338, Project_2_338, Project_3_338, Project_4_338
            Certifications: None"
RES_0339,Candidate_339,Frontend Developer,"['MongoDB', 'Java', 'GraphQL', 'PyTorch', 'JavaScript']",PhD in Physics,9,['Project_0_339'],[],"Name: Candidate_339
            Target Position: Frontend Developer
            Summary: Experienced professional with 9 years in the tech industry.
            Skills: MongoDB, Java, GraphQL, PyTorch, JavaScript
            Education: PhD in Physics
            Experience: 9 years
            Projects: Project_0_339
            Certifications: None"
RES_0340,Candidate_340,Frontend Developer,"['Kubernetes', 'REST APIs', 'PostgreSQL', 'Pandas', 'SQL', 'MongoDB']",PhD in Statistics,9,['Project_0_340'],[],"Name: Candidate_340
            Target Position: Frontend Developer
            Summary: Experienced professional with 9 years in the tech industry.
            Skills: Kubernetes, REST APIs, PostgreSQL, Pandas, SQL, MongoDB
            Education: PhD in Statistics
            Experience: 9 years
            Projects: Project_0_340
            Certifications: None"
RES_0341,Candidate_341,Frontend Developer,"['AWS', 'SQL', 'REST APIs']",Master's in Statistics,14,"['Project_0_341', 'Project_1_341', 'Project_2_341', 'Project_3_341', 'Project_4_341']","['Azure Certified', 'PMP', 'TensorFlow Developer']","Name: Candidate_341
            Target Position: Frontend Developer
            Summary: Experienced professional with 14 years in the tech industry.
            Skills: AWS, SQL, REST APIs
            Education: Master's in Statistics
            Experience: 14 years
            Projects: Project_0_341, Project_1_341, Project_2_341, Project_3_341, Project_4_341
            Certifications: Azure Certified, PMP, TensorFlow Developer"
RES_0342,Candidate_342,Product Manager,"['PyTorch', 'SQL', 'GraphQL']",Bachelor's in Mathematics,4,['Project_0_342'],"['Scrum Master', 'Google Cloud Certified', 'AWS Certified']","Name: Candidate_342
            Target Position: Product Manager
            Summary: Experienced professional with 4 years in the tech industry.
            Skills: PyTorch, SQL, GraphQL
            Education: Bachelor's in Mathematics
            Experience: 4 years
            Projects: Project_0_342
            Certifications: Scrum Master, Google Cloud Certified, AWS Certified"
RES_0343,Candidate_343,System Administrator,"['Docker', 'AWS', 'CI/CD', 'MongoDB', 'NumPy', 'Git', 'React']",PhD in Statistics,11,['Project_0_343'],"['PMP', 'TensorFlow Developer']","Name: Candidate_343
            Target Position: System Administrator
            Summary: Experienced professional with 11 years in the tech industry.
            Skills: Docker, AWS, CI/CD, MongoDB, NumPy, Git, React
            Education: PhD in Statistics
            Experience: 11 years
            Projects: Project_0_343
            Certifications: PMP, TensorFlow Developer"
RES_0344,Candidate_344,Data Analyst,"['JavaScript', 'Docker', 'Git', 'AWS', 'React', 'Node.js']",Bachelor's in Statistics,5,"['Project_0_344', 'Project_1_344']","['Scrum Master', 'Azure Certified']","Name: Candidate_344
            Target Position: Data Analyst
            Summary: Experienced professional with 5 years in the tech industry.
            Skills: JavaScript, Docker, Git, AWS, React, Node.js
            Education: Bachelor's in Statistics
            Experience: 5 years
            Projects: Project_0_344, Project_1_344
            Certifications: Scrum Master, Azure Certified"
RES_0345,Candidate_345,Frontend Developer,"['JavaScript', 'React', 'Python', 'Kubernetes']",PhD in Computer Science,1,"['Project_0_345', 'Project_1_345', 'Project_2_345', 'Project_3_345', 'Project_4_345']","['PMP', 'TensorFlow Developer']","Name: Candidate_345
            Target Position: Frontend Developer
            Summary: Experienced professional with 1 years in the tech industry.
            Skills: JavaScript, React, Python, Kubernetes
            Education: PhD in Computer Science
            Experience: 1 years
            Projects: Project_0_345, Project_1_345, Project_2_345, Project_3_345, Project_4_345
            Certifications: PMP, TensorFlow Developer"
RES_0346,Candidate_346,Full Stack Developer,"['JavaScript', 'PostgreSQL', 'MongoDB', 'PyTorch']",PhD in Computer Science,7,"['Project_0_346', 'Project_1_346', 'Project_2_346', 'Project_3_346', 'Project_4_346']",[],"Name: Candidate_346
            Target Position: Full Stack Developer
            Summary: Experienced professional with 7 years in the tech industry.
            Skills: JavaScript, PostgreSQL, MongoDB, PyTorch
            Education: PhD in Computer Science
            Experience: 7 years
            Projects: Project_0_346, Project_1_346, Project_2_346, Project_3_346, Project_4_346
            Certifications: None"
RES_0347,Candidate_347,Frontend Developer,"['NumPy', 'PyTorch', 'Node.js', 'PostgreSQL', 'Kubernetes', 'Docker', 'Java', 'Pandas']",PhD in Computer Science,3,"['Project_0_347', 'Project_1_347', 'Project_2_347', 'Project_3_347', 'Project_4_347']","['TensorFlow Developer', 'PMP', 'Scrum Master']","Name: Candidate_347
            Target Position: Frontend Developer
            Summary: Experienced professional with 3 years in the tech industry.
            Skills: NumPy, PyTorch, Node.js, PostgreSQL, Kubernetes, Docker, Java, Pandas
            Education: PhD in Computer Science
            Experience: 3 years
            Projects: Project_0_347, Project_1_347, Project_2_347, Project_3_347, Project_4_347
            Certifications: TensorFlow Developer, PMP, Scrum Master"
RES_0348,Candidate_348,Backend Developer,"['Docker', 'REST APIs', 'NumPy']",PhD in Engineering,4,"['Project_0_348', 'Project_1_348', 'Project_2_348', 'Project_3_348', 'Project_4_348']","['Scrum Master', 'TensorFlow Developer']","Name: Candidate_348
            Target Position: Backend Developer
            Summary: Experienced professional with 4 years in the tech industry.
            Skills: Docker, REST APIs, NumPy
            Education: PhD in Engineering
            Experience: 4 years
            Projects: Project_0_348, Project_1_348, Project_2_348, Project_3_348, Project_4_348
            Certifications: Scrum Master, TensorFlow Developer"
RES_0349,Candidate_349,Software Engineer,"['React', 'Kubernetes', 'Python', 'AWS', 'Node.js', 'Agile', 'PyTorch']",PhD in Engineering,14,"['Project_0_349', 'Project_1_349', 'Project_2_349']","['PMP', 'Google Cloud Certified']","Name: Candidate_349
            Target Position: Software Engineer
            Summary: Experienced professional with 14 years in the tech industry.
            Skills: React, Kubernetes, Python, AWS, Node.js, Agile, PyTorch
            Education: PhD in Engineering
            Experience: 14 years
            Projects: Project_0_349, Project_1_349, Project_2_349
            Certifications: PMP, Google Cloud Certified"
RES_0350,Candidate_350,Data Analyst,"['Pandas', 'JavaScript', 'Agile']",PhD in Engineering,13,"['Project_0_350', 'Project_1_350', 'Project_2_350']","['TensorFlow Developer', 'AWS Certified']","Name: Candidate_350
            Target Position: Data Analyst
            Summary: Experienced professional with 13 years in the tech industry.
            Skills: Pandas, JavaScript, Agile
            Education: PhD in Engineering
            Experience: 13 years
            Projects: Project_0_350, Project_1_350, Project_2_350
            Certifications: TensorFlow Developer, AWS Certified"
RES_0351,Candidate_351,Frontend Developer,"['TensorFlow', 'React', 'JavaScript', 'PostgreSQL']",PhD in Statistics,2,"['Project_0_351', 'Project_1_351', 'Project_2_351', 'Project_3_351']","['Azure Certified', 'TensorFlow Developer', 'Google Cloud Certified']","Name: Candidate_351
            Target Position: Frontend Developer
            Summary: Experienced professional with 2 years in the tech industry.
            Skills: TensorFlow, React, JavaScript, PostgreSQL
            Education: PhD in Statistics
            Experience: 2 years
            Projects: Project_0_351, Project_1_351, Project_2_351, Project_3_351
            Certifications: Azure Certified, TensorFlow Developer, Google Cloud Certified"
RES_0352,Candidate_352,Full Stack Developer,"['PostgreSQL', 'PyTorch', 'Agile', 'Docker', 'REST APIs']",Master's in Statistics,2,"['Project_0_352', 'Project_1_352', 'Project_2_352', 'Project_3_352', 'Project_4_352']",[],"Name: Candidate_352
            Target Position: Full Stack Developer
            Summary: Experienced professional with 2 years in the tech industry.
            Skills: PostgreSQL, PyTorch, Agile, Docker, REST APIs
            Education: Master's in Statistics
            Experience: 2 years
            Projects: Project_0_352, Project_1_352, Project_2_352, Project_3_352, Project_4_352
            Certifications: None"
RES_0353,Candidate_353,Product Manager,"['CI/CD', 'REST APIs', 'PyTorch', 'React', 'Docker', 'JavaScript']",Bachelor's in Statistics,13,"['Project_0_353', 'Project_1_353']",['Azure Certified'],"Name: Candidate_353
            Target Position: Product Manager
            Summary: Experienced professional with 13 years in the tech industry.
            Skills: CI/CD, REST APIs, PyTorch, React, Docker, JavaScript
            Education: Bachelor's in Statistics
            Experience: 13 years
            Projects: Project_0_353, Project_1_353
            Certifications: Azure Certified"
RES_0354,Candidate_354,System Administrator,"['NumPy', 'PyTorch', 'Node.js', 'AWS']",PhD in Physics,2,"['Project_0_354', 'Project_1_354', 'Project_2_354', 'Project_3_354', 'Project_4_354']",[],"Name: Candidate_354
            Target Position: System Administrator
            Summary: Experienced professional with 2 years in the tech industry.
            Skills: NumPy, PyTorch, Node.js, AWS
            Education: PhD in Physics
            Experience: 2 years
            Projects: Project_0_354, Project_1_354, Project_2_354, Project_3_354, Project_4_354
            Certifications: None"
RES_0355,Candidate_355,DevOps Engineer,"['AWS', 'MongoDB', 'Docker']",Master's in Physics,3,"['Project_0_355', 'Project_1_355', 'Project_2_355', 'Project_3_355', 'Project_4_355']","['Azure Certified', 'TensorFlow Developer', 'Google Cloud Certified']","Name: Candidate_355
            Target Position: DevOps Engineer
            Summary: Experienced professional with 3 years in the tech industry.
            Skills: AWS, MongoDB, Docker
            Education: Master's in Physics
            Experience: 3 years
            Projects: Project_0_355, Project_1_355, Project_2_355, Project_3_355, Project_4_355
            Certifications: Azure Certified, TensorFlow Developer, Google Cloud Certified"
RES_0356,Candidate_356,DevOps Engineer,"['Python', 'CI/CD', 'PyTorch', 'Kubernetes', 'REST APIs', 'TensorFlow', 'AWS']",Master's in Engineering,8,"['Project_0_356', 'Project_1_356', 'Project_2_356']",['Scrum Master'],"Name: Candidate_356
            Target Position: DevOps Engineer
            Summary: Experienced professional with 8 years in the tech industry.
            Skills: Python, CI/CD, PyTorch, Kubernetes, REST APIs, TensorFlow, AWS
            Education: Master's in Engineering
            Experience: 8 years
            Projects: Project_0_356, Project_1_356, Project_2_356
            Certifications: Scrum Master"
RES_0357,Candidate_357,Data Analyst,"['MongoDB', 'TensorFlow', 'NumPy', 'Pandas']",Bachelor's in Computer Science,15,"['Project_0_357', 'Project_1_357', 'Project_2_357', 'Project_3_357']",['Scrum Master'],"Name: Candidate_357
            Target Position: Data Analyst
            Summary: Experienced professional with 15 years in the tech industry.
            Skills: MongoDB, TensorFlow, NumPy, Pandas
            Education: Bachelor's in Computer Science
            Experience: 15 years
            Projects: Project_0_357, Project_1_357, Project_2_357, Project_3_357
            Certifications: Scrum Master"
RES_0358,Candidate_358,Full Stack Developer,"['PyTorch', 'REST APIs', 'Kubernetes']",Master's in Statistics,1,"['Project_0_358', 'Project_1_358', 'Project_2_358']","['Google Cloud Certified', 'TensorFlow Developer']","Name: Candidate_358
            Target Position: Full Stack Developer
            Summary: Experienced professional with 1 years in the tech industry.
            Skills: PyTorch, REST APIs, Kubernetes
            Education: Master's in Statistics
            Experience: 1 years
            Projects: Project_0_358, Project_1_358, Project_2_358
            Certifications: Google Cloud Certified, TensorFlow Developer"
RES_0359,Candidate_359,Business Analyst,"['Git', 'Java', 'PostgreSQL', 'TensorFlow', 'Agile', 'Docker']",Master's in Mathematics,15,"['Project_0_359', 'Project_1_359', 'Project_2_359', 'Project_3_359']","['Google Cloud Certified', 'Azure Certified', 'PMP']","Name: Candidate_359
            Target Position: Business Analyst
            Summary: Experienced professional with 15 years in the tech industry.
            Skills: Git, Java, PostgreSQL, TensorFlow, Agile, Docker
            Education: Master's in Mathematics
            Experience: 15 years
            Projects: Project_0_359, Project_1_359, Project_2_359, Project_3_359
            Certifications: Google Cloud Certified, Azure Certified, PMP"
RES_0360,Candidate_360,Data Analyst,"['Python', 'PostgreSQL', 'Kubernetes']",Master's in Computer Science,12,['Project_0_360'],['Scrum Master'],"Name: Candidate_360
            Target Position: Data Analyst
            Summary: Experienced professional with 12 years in the tech industry.
            Skills: Python, PostgreSQL, Kubernetes
            Education: Master's in Computer Science
            Experience: 12 years
            Projects: Project_0_360
            Certifications: Scrum Master"
RES_0361,Candidate_361,System Administrator,"['Agile', 'AWS', 'JavaScript']",PhD in Statistics,6,"['Project_0_361', 'Project_1_361', 'Project_2_361', 'Project_3_361', 'Project_4_361']","['AWS Certified', 'Azure Certified']","Name: Candidate_361
            Target Position: System Administrator
            Summary: Experienced professional with 6 years in the tech industry.
            Skills: Agile, AWS, JavaScript
            Education: PhD in Statistics
            Experience: 6 years
            Projects: Project_0_361, Project_1_361, Project_2_361, Project_3_361, Project_4_361
            Certifications: AWS Certified, Azure Certified"
RES_0362,Candidate_362,Business Analyst,"['Agile', 'NumPy', 'REST APIs', 'SQL', 'Git']",Master's in Physics,1,['Project_0_362'],[],"Name: Candidate_362
            Target Position: Business Analyst
            Summary: Experienced professional with 1 years in the tech industry.
            Skills: Agile, NumPy, REST APIs, SQL, Git
            Education: Master's in Physics
            Experience: 1 years
            Projects: Project_0_362
            Certifications: None"
RES_0363,Candidate_363,UX Designer,"['Git', 'Docker', 'Kubernetes', 'GraphQL', 'Agile']",Master's in Computer Science,4,"['Project_0_363', 'Project_1_363', 'Project_2_363']",['Azure Certified'],"Name: Candidate_363
            Target Position: UX Designer
            Summary: Experienced professional with 4 years in the tech industry.
            Skills: Git, Docker, Kubernetes, GraphQL, Agile
            Education: Master's in Computer Science
            Experience: 4 years
            Projects: Project_0_363, Project_1_363, Project_2_363
            Certifications: Azure Certified"
RES_0364,Candidate_364,Machine Learning Engineer,"['Git', 'PyTorch', 'SQL', 'Pandas', 'NumPy', 'Python', 'Kubernetes', 'Java']",Bachelor's in Physics,6,"['Project_0_364', 'Project_1_364', 'Project_2_364', 'Project_3_364']","['Azure Certified', 'AWS Certified']","Name: Candidate_364
            Target Position: Machine Learning Engineer
            Summary: Experienced professional with 6 years in the tech industry.
            Skills: Git, PyTorch, SQL, Pandas, NumPy, Python, Kubernetes, Java
            Education: Bachelor's in Physics
            Experience: 6 years
            Projects: Project_0_364, Project_1_364, Project_2_364, Project_3_364
            Certifications: Azure Certified, AWS Certified"
RES_0365,Candidate_365,Full Stack Developer,"['Node.js', 'MongoDB', 'CI/CD', 'GraphQL']",Master's in Physics,4,"['Project_0_365', 'Project_1_365', 'Project_2_365', 'Project_3_365']","['TensorFlow Developer', 'Scrum Master']","Name: Candidate_365
            Target Position: Full Stack Developer
            Summary: Experienced professional with 4 years in the tech industry.
            Skills: Node.js, MongoDB, CI/CD, GraphQL
            Education: Master's in Physics
            Experience: 4 years
            Projects: Project_0_365, Project_1_365, Project_2_365, Project_3_365
            Certifications: TensorFlow Developer, Scrum Master"
RES_0366,Candidate_366,Business Analyst,"['CI/CD', 'PostgreSQL', 'MongoDB', 'Agile', 'Docker', 'Python', 'GraphQL']",PhD in Physics,13,"['Project_0_366', 'Project_1_366', 'Project_2_366', 'Project_3_366']",[],"Name: Candidate_366
            Target Position: Business Analyst
            Summary: Experienced professional with 13 years in the tech industry.
            Skills: CI/CD, PostgreSQL, MongoDB, Agile, Docker, Python, GraphQL
            Education: PhD in Physics
            Experience: 13 years
            Projects: Project_0_366, Project_1_366, Project_2_366, Project_3_366
            Certifications: None"
RES_0367,Candidate_367,System Administrator,"['TensorFlow', 'REST APIs', 'Agile', 'Docker']",Bachelor's in Computer Science,10,"['Project_0_367', 'Project_1_367', 'Project_2_367', 'Project_3_367']","['Azure Certified', 'Scrum Master']","Name: Candidate_367
            Target Position: System Administrator
            Summary: Experienced professional with 10 years in the tech industry.
            Skills: TensorFlow, REST APIs, Agile, Docker
            Education: Bachelor's in Computer Science
            Experience: 10 years
            Projects: Project_0_367, Project_1_367, Project_2_367, Project_3_367
            Certifications: Azure Certified, Scrum Master"
RES_0368,Candidate_368,Full Stack Developer,"['SQL', 'Git', 'NumPy', 'MongoDB']",Master's in Computer Science,9,['Project_0_368'],"['TensorFlow Developer', 'AWS Certified']","Name: Candidate_368
            Target Position: Full Stack Developer
            Summary: Experienced professional with 9 years in the tech industry.
            Skills: SQL, Git, NumPy, MongoDB
            Education: Master's in Computer Science
            Experience: 9 years
            Projects: Project_0_368
            Certifications: TensorFlow Developer, AWS Certified"
RES_0369,Candidate_369,System Administrator,"['TensorFlow', 'SQL', 'PostgreSQL', 'Git', 'MongoDB']",PhD in Computer Science,2,"['Project_0_369', 'Project_1_369', 'Project_2_369']",['Azure Certified'],"Name: Candidate_369
            Target Position: System Administrator
            Summary: Experienced professional with 2 years in the tech industry.
            Skills: TensorFlow, SQL, PostgreSQL, Git, MongoDB
            Education: PhD in Computer Science
            Experience: 2 years
            Projects: Project_0_369, Project_1_369, Project_2_369
            Certifications: Azure Certified"
RES_0370,Candidate_370,Product Manager,"['GraphQL', 'REST APIs', 'AWS']",Master's in Physics,14,"['Project_0_370', 'Project_1_370', 'Project_2_370', 'Project_3_370']",['Scrum Master'],"Name: Candidate_370
            Target Position: Product Manager
            Summary: Experienced professional with 14 years in the tech industry.
            Skills: GraphQL, REST APIs, AWS
            Education: Master's in Physics
            Experience: 14 years
            Projects: Project_0_370, Project_1_370, Project_2_370, Project_3_370
            Certifications: Scrum Master"
RES_0371,Candidate_371,Full Stack Developer,"['Java', 'MongoDB', 'React', 'Docker', 'TensorFlow', 'NumPy', 'Python', 'Node.js']",Master's in Computer Science,12,"['Project_0_371', 'Project_1_371', 'Project_2_371', 'Project_3_371', 'Project_4_371']",['PMP'],"Name: Candidate_371
            Target Position: Full Stack Developer
            Summary: Experienced professional with 12 years in the tech industry.
            Skills: Java, MongoDB, React, Docker, TensorFlow, NumPy, Python, Node.js
            Education: Master's in Computer Science
            Experience: 12 years
            Projects: Project_0_371, Project_1_371, Project_2_371, Project_3_371, Project_4_371
            Certifications: PMP"
RES_0372,Candidate_372,Software Engineer,"['MongoDB', 'Python', 'AWS', 'Git', 'Kubernetes']",PhD in Computer Science,0,"['Project_0_372', 'Project_1_372', 'Project_2_372', 'Project_3_372', 'Project_4_372']",[],"Name: Candidate_372
            Target Position: Software Engineer
            Summary: Experienced professional with 0 years in the tech industry.
            Skills: MongoDB, Python, AWS, Git, Kubernetes
            Education: PhD in Computer Science
            Experience: 0 years
            Projects: Project_0_372, Project_1_372, Project_2_372, Project_3_372, Project_4_372
            Certifications: None"
RES_0373,Candidate_373,Data Scientist,"['PyTorch', 'JavaScript', 'Node.js', 'React', 'Kubernetes', 'Agile', 'PostgreSQL']",Master's in Mathematics,14,"['Project_0_373', 'Project_1_373']",['Azure Certified'],"Name: Candidate_373
            Target Position: Data Scientist
            Summary: Experienced professional with 14 years in the tech industry.
            Skills: PyTorch, JavaScript, Node.js, React, Kubernetes, Agile, PostgreSQL
            Education: Master's in Mathematics
            Experience: 14 years
            Projects: Project_0_373, Project_1_373
            Certifications: Azure Certified"
RES_0374,Candidate_374,System Administrator,"['AWS', 'Python', 'Docker', 'Agile', 'NumPy', 'React', 'Pandas', 'Git']",PhD in Physics,2,"['Project_0_374', 'Project_1_374']","['PMP', 'Scrum Master', 'Google Cloud Certified']","Name: Candidate_374
            Target Position: System Administrator
            Summary: Experienced professional with 2 years in the tech industry.
            Skills: AWS, Python, Docker, Agile, NumPy, React, Pandas, Git
            Education: PhD in Physics
            Experience: 2 years
            Projects: Project_0_374, Project_1_374
            Certifications: PMP, Scrum Master, Google Cloud Certified"
RES_0375,Candidate_375,Frontend Developer,"['Git', 'Python', 'Node.js', 'SQL']",PhD in Computer Science,13,"['Project_0_375', 'Project_1_375']","['TensorFlow Developer', 'PMP']","Name: Candidate_375
            Target Position: Frontend Developer
            Summary: Experienced professional with 13 years in the tech industry.
            Skills: Git, Python, Node.js, SQL
            Education: PhD in Computer Science
            Experience: 13 years
            Projects: Project_0_375, Project_1_375
            Certifications: TensorFlow Developer, PMP"
RES_0376,Candidate_376,Software Engineer,"['Agile', 'AWS', 'Kubernetes', 'PyTorch', 'CI/CD', 'Java', 'JavaScript', 'Docker']",Master's in Physics,15,"['Project_0_376', 'Project_1_376', 'Project_2_376', 'Project_3_376']","['TensorFlow Developer', 'PMP']","Name: Candidate_376
            Target Position: Software Engineer
            Summary: Experienced professional with 15 years in the tech industry.
            Skills: Agile, AWS, Kubernetes, PyTorch, CI/CD, Java, JavaScript, Docker
            Education: Master's in Physics
            Experience: 15 years
            Projects: Project_0_376, Project_1_376, Project_2_376, Project_3_376
            Certifications: TensorFlow Developer, PMP"
RES_0377,Candidate_377,UX Designer,"['TensorFlow', 'SQL', 'Git']",PhD in Engineering,15,"['Project_0_377', 'Project_1_377']","['AWS Certified', 'Scrum Master', 'PMP']","Name: Candidate_377
            Target Position: UX Designer
            Summary: Experienced professional with 15 years in the tech industry.
            Skills: TensorFlow, SQL, Git
            Education: PhD in Engineering
            Experience: 15 years
            Projects: Project_0_377, Project_1_377
            Certifications: AWS Certified, Scrum Master, PMP"
RES_0378,Candidate_378,Product Manager,"['PyTorch', 'Node.js', 'GraphQL', 'Kubernetes', 'REST APIs', 'Java']",Master's in Statistics,8,"['Project_0_378', 'Project_1_378', 'Project_2_378']",[],"Name: Candidate_378
            Target Position: Product Manager
            Summary: Experienced professional with 8 years in the tech industry.
            Skills: PyTorch, Node.js, GraphQL, Kubernetes, REST APIs, Java
            Education: Master's in Statistics
            Experience: 8 years
            Projects: Project_0_378, Project_1_378, Project_2_378
            Certifications: None"
RES_0379,Candidate_379,Full Stack Developer,"['Kubernetes', 'NumPy', 'Git']",Bachelor's in Physics,12,['Project_0_379'],[],"Name: Candidate_379
            Target Position: Full Stack Developer
            Summary: Experienced professional with 12 years in the tech industry.
            Skills: Kubernetes, NumPy, Git
            Education: Bachelor's in Physics
            Experience: 12 years
            Projects: Project_0_379
            Certifications: None"
RES_0380,Candidate_380,UX Designer,"['REST APIs', 'NumPy', 'Java', 'GraphQL', 'PostgreSQL']",PhD in Engineering,13,"['Project_0_380', 'Project_1_380', 'Project_2_380']","['TensorFlow Developer', 'Azure Certified']","Name: Candidate_380
            Target Position: UX Designer
            Summary: Experienced professional with 13 years in the tech industry.
            Skills: REST APIs, NumPy, Java, GraphQL, PostgreSQL
            Education: PhD in Engineering
            Experience: 13 years
            Projects: Project_0_380, Project_1_380, Project_2_380
            Certifications: TensorFlow Developer, Azure Certified"
RES_0381,Candidate_381,Data Analyst,"['TensorFlow', 'JavaScript', 'NumPy', 'CI/CD']",Bachelor's in Statistics,1,"['Project_0_381', 'Project_1_381', 'Project_2_381', 'Project_3_381', 'Project_4_381']",[],"Name: Candidate_381
            Target Position: Data Analyst
            Summary: Experienced professional with 1 years in the tech industry.
            Skills: TensorFlow, JavaScript, NumPy, CI/CD
            Education: Bachelor's in Statistics
            Experience: 1 years
            Projects: Project_0_381, Project_1_381, Project_2_381, Project_3_381, Project_4_381
            Certifications: None"
RES_0382,Candidate_382,Machine Learning Engineer,"['NumPy', 'AWS', 'REST APIs']",Bachelor's in Physics,11,"['Project_0_382', 'Project_1_382', 'Project_2_382', 'Project_3_382', 'Project_4_382']",[],"Name: Candidate_382
            Target Position: Machine Learning Engineer
            Summary: Experienced professional with 11 years in the tech industry.
            Skills: NumPy, AWS, REST APIs
            Education: Bachelor's in Physics
            Experience: 11 years
            Projects: Project_0_382, Project_1_382, Project_2_382, Project_3_382, Project_4_382
            Certifications: None"
RES_0383,Candidate_383,Backend Developer,"['Node.js', 'Agile', 'SQL', 'REST APIs', 'Docker']",Master's in Mathematics,7,"['Project_0_383', 'Project_1_383']",['TensorFlow Developer'],"Name: Candidate_383
            Target Position: Backend Developer
            Summary: Experienced professional with 7 years in the tech industry.
            Skills: Node.js, Agile, SQL, REST APIs, Docker
            Education: Master's in Mathematics
            Experience: 7 years
            Projects: Project_0_383, Project_1_383
            Certifications: TensorFlow Developer"
RES_0384,Candidate_384,Business Analyst,"['SQL', 'REST APIs', 'React', 'TensorFlow', 'Agile', 'Pandas', 'Python', 'PyTorch']",PhD in Physics,13,['Project_0_384'],"['PMP', 'Scrum Master', 'Azure Certified']","Name: Candidate_384
            Target Position: Business Analyst
            Summary: Experienced professional with 13 years in the tech industry.
            Skills: SQL, REST APIs, React, TensorFlow, Agile, Pandas, Python, PyTorch
            Education: PhD in Physics
            Experience: 13 years
            Projects: Project_0_384
            Certifications: PMP, Scrum Master, Azure Certified"
RES_0385,Candidate_385,Business Analyst,"['JavaScript', 'React', 'PostgreSQL', 'TensorFlow', 'NumPy', 'CI/CD', 'GraphQL', 'Pandas']",Bachelor's in Engineering,7,"['Project_0_385', 'Project_1_385', 'Project_2_385', 'Project_3_385', 'Project_4_385']","['Scrum Master', 'Azure Certified', 'TensorFlow Developer']","Name: Candidate_385
            Target Position: Business Analyst
            Summary: Experienced professional with 7 years in the tech industry.
            Skills: JavaScript, React, PostgreSQL, TensorFlow, NumPy, CI/CD, GraphQL, Pandas
            Education: Bachelor's in Engineering
            Experience: 7 years
            Projects: Project_0_385, Project_1_385, Project_2_385, Project_3_385, Project_4_385
            Certifications: Scrum Master, Azure Certified, TensorFlow Developer"
RES_0386,Candidate_386,System Administrator,"['Java', 'GraphQL', 'CI/CD', 'Python']",Bachelor's in Engineering,6,"['Project_0_386', 'Project_1_386', 'Project_2_386', 'Project_3_386']","['Scrum Master', 'AWS Certified']","Name: Candidate_386
            Target Position: System Administrator
            Summary: Experienced professional with 6 years in the tech industry.
            Skills: Java, GraphQL, CI/CD, Python
            Education: Bachelor's in Engineering
            Experience: 6 years
            Projects: Project_0_386, Project_1_386, Project_2_386, Project_3_386
            Certifications: Scrum Master, AWS Certified"
RES_0387,Candidate_387,Product Manager,"['CI/CD', 'PostgreSQL', 'Git']",Bachelor's in Physics,6,"['Project_0_387', 'Project_1_387', 'Project_2_387', 'Project_3_387']","['TensorFlow Developer', 'Azure Certified', 'PMP']","Name: Candidate_387
            Target Position: Product Manager
            Summary: Experienced professional with 6 years in the tech industry.
            Skills: CI/CD, PostgreSQL, Git
            Education: Bachelor's in Physics
            Experience: 6 years
            Projects: Project_0_387, Project_1_387, Project_2_387, Project_3_387
            Certifications: TensorFlow Developer, Azure Certified, PMP"
RES_0388,Candidate_388,Product Manager,"['Kubernetes', 'Git', 'Java', 'Node.js', 'JavaScript']",PhD in Computer Science,10,"['Project_0_388', 'Project_1_388', 'Project_2_388', 'Project_3_388']","['Google Cloud Certified', 'Scrum Master', 'TensorFlow Developer']","Name: Candidate_388
            Target Position: Product Manager
            Summary: Experienced professional with 10 years in the tech industry.
            Skills: Kubernetes, Git, Java, Node.js, JavaScript
            Education: PhD in Computer Science
            Experience: 10 years
            Projects: Project_0_388, Project_1_388, Project_2_388, Project_3_388
            Certifications: Google Cloud Certified, Scrum Master, TensorFlow Developer"
RES_0389,Candidate_389,Product Manager,"['React', 'AWS', 'TensorFlow', 'NumPy', 'Docker', 'Node.js', 'MongoDB']",Bachelor's in Computer Science,14,"['Project_0_389', 'Project_1_389', 'Project_2_389', 'Project_3_389', 'Project_4_389']",['TensorFlow Developer'],"Name: Candidate_389
            Target Position: Product Manager
            Summary: Experienced professional with 14 years in the tech industry.
            Skills: React, AWS, TensorFlow, NumPy, Docker, Node.js, MongoDB
            Education: Bachelor's in Computer Science
            Experience: 14 years
            Projects: Project_0_389, Project_1_389, Project_2_389, Project_3_389, Project_4_389
            Certifications: TensorFlow Developer"
RES_0390,Candidate_390,Machine Learning Engineer,"['MongoDB', 'GraphQL', 'Pandas', 'Docker']",Bachelor's in Statistics,1,"['Project_0_390', 'Project_1_390']",[],"Name: Candidate_390
            Target Position: Machine Learning Engineer
            Summary: Experienced professional with 1 years in the tech industry.
            Skills: MongoDB, GraphQL, Pandas, Docker
            Education: Bachelor's in Statistics
            Experience: 1 years
            Projects: Project_0_390, Project_1_390
            Certifications: None"
RES_0391,Candidate_391,Machine Learning Engineer,"['SQL', 'REST APIs', 'GraphQL', 'TensorFlow', 'PostgreSQL', 'Docker', 'React']",PhD in Mathematics,5,"['Project_0_391', 'Project_1_391', 'Project_2_391', 'Project_3_391', 'Project_4_391']",[],"Name: Candidate_391
            Target Position: Machine Learning Engineer
            Summary: Experienced professional with 5 years in the tech industry.
            Skills: SQL, REST APIs, GraphQL, TensorFlow, PostgreSQL, Docker, React
            Education: PhD in Mathematics
            Experience: 5 years
            Projects: Project_0_391, Project_1_391, Project_2_391, Project_3_391, Project_4_391
            Certifications: None"
RES_0392,Candidate_392,Machine Learning Engineer,"['Java', 'Node.js', 'REST APIs', 'Git', 'Kubernetes', 'Agile']",Master's in Mathematics,15,"['Project_0_392', 'Project_1_392', 'Project_2_392', 'Project_3_392']","['AWS Certified', 'PMP']","Name: Candidate_392
            Target Position: Machine Learning Engineer
            Summary: Experienced professional with 15 years in the tech industry.
            Skills: Java, Node.js, REST APIs, Git, Kubernetes, Agile
            Education: Master's in Mathematics
            Experience: 15 years
            Projects: Project_0_392, Project_1_392, Project_2_392, Project_3_392
            Certifications: AWS Certified, PMP"
RES_0393,Candidate_393,Data Analyst,"['Pandas', 'REST APIs', 'CI/CD']",Master's in Mathematics,11,"['Project_0_393', 'Project_1_393', 'Project_2_393', 'Project_3_393', 'Project_4_393']","['PMP', 'AWS Certified', 'Azure Certified']","Name: Candidate_393
            Target Position: Data Analyst
            Summary: Experienced professional with 11 years in the tech industry.
            Skills: Pandas, REST APIs, CI/CD
            Education: Master's in Mathematics
            Experience: 11 years
            Projects: Project_0_393, Project_1_393, Project_2_393, Project_3_393, Project_4_393
            Certifications: PMP, AWS Certified, Azure Certified"
RES_0394,Candidate_394,Software Engineer,"['PostgreSQL', 'Docker', 'JavaScript', 'Node.js', 'Agile', 'PyTorch', 'MongoDB']",Master's in Physics,15,"['Project_0_394', 'Project_1_394', 'Project_2_394', 'Project_3_394', 'Project_4_394']",['PMP'],"Name: Candidate_394
            Target Position: Software Engineer
            Summary: Experienced professional with 15 years in the tech industry.
            Skills: PostgreSQL, Docker, JavaScript, Node.js, Agile, PyTorch, MongoDB
            Education: Master's in Physics
            Experience: 15 years
            Projects: Project_0_394, Project_1_394, Project_2_394, Project_3_394, Project_4_394
            Certifications: PMP"
RES_0395,Candidate_395,Full Stack Developer,"['PostgreSQL', 'REST APIs', 'Node.js', 'Java', 'Agile', 'AWS', 'TensorFlow']",Master's in Engineering,13,"['Project_0_395', 'Project_1_395', 'Project_2_395', 'Project_3_395']","['Scrum Master', 'AWS Certified']","Name: Candidate_395
            Target Position: Full Stack Developer
            Summary: Experienced professional with 13 years in the tech industry.
            Skills: PostgreSQL, REST APIs, Node.js, Java, Agile, AWS, TensorFlow
            Education: Master's in Engineering
            Experience: 13 years
            Projects: Project_0_395, Project_1_395, Project_2_395, Project_3_395
            Certifications: Scrum Master, AWS Certified"
RES_0396,Candidate_396,Data Analyst,"['AWS', 'React', 'JavaScript', 'SQL']",Master's in Mathematics,14,['Project_0_396'],[],"Name: Candidate_396
            Target Position: Data Analyst
            Summary: Experienced professional with 14 years in the tech industry.
            Skills: AWS, React, JavaScript, SQL
            Education: Master's in Mathematics
            Experience: 14 years
            Projects: Project_0_396
            Certifications: None"
RES_0397,Candidate_397,Data Analyst,"['Kubernetes', 'Java', 'NumPy', 'Node.js', 'CI/CD', 'React', 'SQL', 'AWS']",Master's in Physics,2,"['Project_0_397', 'Project_1_397', 'Project_2_397', 'Project_3_397']",[],"Name: Candidate_397
            Target Position: Data Analyst
            Summary: Experienced professional with 2 years in the tech industry.
            Skills: Kubernetes, Java, NumPy, Node.js, CI/CD, React, SQL, AWS
            Education: Master's in Physics
            Experience: 2 years
            Projects: Project_0_397, Project_1_397, Project_2_397, Project_3_397
            Certifications: None"
RES_0398,Candidate_398,Data Analyst,"['Agile', 'React', 'REST APIs', 'JavaScript', 'PostgreSQL', 'Git', 'Node.js', 'MongoDB']",Bachelor's in Statistics,15,"['Project_0_398', 'Project_1_398', 'Project_2_398']","['AWS Certified', 'TensorFlow Developer']","Name: Candidate_398
            Target Position: Data Analyst
            Summary: Experienced professional with 15 years in the tech industry.
            Skills: Agile, React, REST APIs, JavaScript, PostgreSQL, Git, Node.js, MongoDB
            Education: Bachelor's in Statistics
            Experience: 15 years
            Projects: Project_0_398, Project_1_398, Project_2_398
            Certifications: AWS Certified, TensorFlow Developer"
RES_0399,Candidate_399,Frontend Developer,"['PostgreSQL', 'Docker', 'NumPy']",PhD in Statistics,14,['Project_0_399'],['Google Cloud Certified'],"Name: Candidate_399
            Target Position: Frontend Developer
            Summary: Experienced professional with 14 years in the tech industry.
            Skills: PostgreSQL, Docker, NumPy
            Education: PhD in Statistics
            Experience: 14 years
            Projects: Project_0_399
            Certifications: Google Cloud Certified"
RES_0400,Candidate_400,DevOps Engineer,"['PostgreSQL', 'PyTorch', 'SQL']",Bachelor's in Engineering,15,"['Project_0_400', 'Project_1_400', 'Project_2_400', 'Project_3_400']","['Google Cloud Certified', 'PMP']","Name: Candidate_400
            Target Position: DevOps Engineer
            Summary: Experienced professional with 15 years in the tech industry.
            Skills: PostgreSQL, PyTorch, SQL
            Education: Bachelor's in Engineering
            Experience: 15 years
            Projects: Project_0_400, Project_1_400, Project_2_400, Project_3_400
            Certifications: Google Cloud Certified, PMP"
RES_0401,Candidate_401,Frontend Developer,"['Pandas', 'Kubernetes', 'Git', 'TensorFlow', 'JavaScript']",Master's in Statistics,7,"['Project_0_401', 'Project_1_401', 'Project_2_401']","['TensorFlow Developer', 'Azure Certified', 'Scrum Master']","Name: Candidate_401
            Target Position: Frontend Developer
            Summary: Experienced professional with 7 years in the tech industry.
            Skills: Pandas, Kubernetes, Git, TensorFlow, JavaScript
            Education: Master's in Statistics
            Experience: 7 years
            Projects: Project_0_401, Project_1_401, Project_2_401
            Certifications: TensorFlow Developer, Azure Certified, Scrum Master"
RES_0402,Candidate_402,Data Analyst,"['MongoDB', 'Git', 'Java', 'Node.js']",PhD in Statistics,11,"['Project_0_402', 'Project_1_402', 'Project_2_402']","['AWS Certified', 'TensorFlow Developer']","Name: Candidate_402
            Target Position: Data Analyst
            Summary: Experienced professional with 11 years in the tech industry.
            Skills: MongoDB, Git, Java, Node.js
            Education: PhD in Statistics
            Experience: 11 years
            Projects: Project_0_402, Project_1_402, Project_2_402
            Certifications: AWS Certified, TensorFlow Developer"
RES_0403,Candidate_403,Data Scientist,"['Git', 'SQL', 'PyTorch', 'Kubernetes', 'NumPy', 'Node.js']",Bachelor's in Physics,5,"['Project_0_403', 'Project_1_403', 'Project_2_403', 'Project_3_403']","['TensorFlow Developer', 'Google Cloud Certified', 'Scrum Master']","Name: Candidate_403
            Target Position: Data Scientist
            Summary: Experienced professional with 5 years in the tech industry.
            Skills: Git, SQL, PyTorch, Kubernetes, NumPy, Node.js
            Education: Bachelor's in Physics
            Experience: 5 years
            Projects: Project_0_403, Project_1_403, Project_2_403, Project_3_403
            Certifications: TensorFlow Developer, Google Cloud Certified, Scrum Master"
RES_0404,Candidate_404,System Administrator,"['TensorFlow', 'NumPy', 'Agile', 'JavaScript', 'MongoDB', 'Python']",Bachelor's in Computer Science,12,"['Project_0_404', 'Project_1_404', 'Project_2_404', 'Project_3_404', 'Project_4_404']","['AWS Certified', 'Azure Certified']","Name: Candidate_404
            Target Position: System Administrator
            Summary: Experienced professional with 12 years in the tech industry.
            Skills: TensorFlow, NumPy, Agile, JavaScript, MongoDB, Python
            Education: Bachelor's in Computer Science
            Experience: 12 years
            Projects: Project_0_404, Project_1_404, Project_2_404, Project_3_404, Project_4_404
            Certifications: AWS Certified, Azure Certified"
RES_0405,Candidate_405,System Administrator,"['PyTorch', 'PostgreSQL', 'Pandas', 'Kubernetes']",Bachelor's in Physics,6,"['Project_0_405', 'Project_1_405', 'Project_2_405', 'Project_3_405', 'Project_4_405']",[],"Name: Candidate_405
            Target Position: System Administrator
            Summary: Experienced professional with 6 years in the tech industry.
            Skills: PyTorch, PostgreSQL, Pandas, Kubernetes
            Education: Bachelor's in Physics
            Experience: 6 years
            Projects: Project_0_405, Project_1_405, Project_2_405, Project_3_405, Project_4_405
            Certifications: None"
RES_0406,Candidate_406,Data Analyst,"['Python', 'Docker', 'AWS']",PhD in Statistics,10,"['Project_0_406', 'Project_1_406', 'Project_2_406', 'Project_3_406', 'Project_4_406']","['Azure Certified', 'PMP', 'TensorFlow Developer']","Name: Candidate_406
            Target Position: Data Analyst
            Summary: Experienced professional with 10 years in the tech industry.
            Skills: Python, Docker, AWS
            Education: PhD in Statistics
            Experience: 10 years
            Projects: Project_0_406, Project_1_406, Project_2_406, Project_3_406, Project_4_406
            Certifications: Azure Certified, PMP, TensorFlow Developer"
RES_0407,Candidate_407,Frontend Developer,"['Git', 'Pandas', 'PostgreSQL', 'REST APIs', 'SQL']",Bachelor's in Mathematics,14,"['Project_0_407', 'Project_1_407', 'Project_2_407']",['AWS Certified'],"Name: Candidate_407
            Target Position: Frontend Developer
            Summary: Experienced professional with 14 years in the tech industry.
            Skills: Git, Pandas, PostgreSQL, REST APIs, SQL
            Education: Bachelor's in Mathematics
            Experience: 14 years
            Projects: Project_0_407, Project_1_407, Project_2_407
            Certifications: AWS Certified"
RES_0408,Candidate_408,Data Analyst,"['TensorFlow', 'PostgreSQL', 'Node.js', 'NumPy', 'Python', 'Kubernetes', 'GraphQL', 'SQL']",Bachelor's in Statistics,4,"['Project_0_408', 'Project_1_408', 'Project_2_408']","['TensorFlow Developer', 'PMP', 'Google Cloud Certified']","Name: Candidate_408
            Target Position: Data Analyst
            Summary: Experienced professional with 4 years in the tech industry.
            Skills: TensorFlow, PostgreSQL, Node.js, NumPy, Python, Kubernetes, GraphQL, SQL
            Education: Bachelor's in Statistics
            Experience: 4 years
            Projects: Project_0_408, Project_1_408, Project_2_408
            Certifications: TensorFlow Developer, PMP, Google Cloud Certified"
RES_0409,Candidate_409,Frontend Developer,"['Git', 'CI/CD', 'Pandas', 'REST APIs', 'Java']",Bachelor's in Computer Science,0,"['Project_0_409', 'Project_1_409', 'Project_2_409']","['TensorFlow Developer', 'AWS Certified']","Name: Candidate_409
            Target Position: Frontend Developer
            Summary: Experienced professional with 0 years in the tech industry.
            Skills: Git, CI/CD, Pandas, REST APIs, Java
            Education: Bachelor's in Computer Science
            Experience: 0 years
            Projects: Project_0_409, Project_1_409, Project_2_409
            Certifications: TensorFlow Developer, AWS Certified"
RES_0410,Candidate_410,Backend Developer,"['GraphQL', 'JavaScript', 'REST APIs', 'NumPy']",Master's in Physics,1,"['Project_0_410', 'Project_1_410']","['TensorFlow Developer', 'Google Cloud Certified']","Name: Candidate_410
            Target Position: Backend Developer
            Summary: Experienced professional with 1 years in the tech industry.
            Skills: GraphQL, JavaScript, REST APIs, NumPy
            Education: Master's in Physics
            Experience: 1 years
            Projects: Project_0_410, Project_1_410
            Certifications: TensorFlow Developer, Google Cloud Certified"
RES_0411,Candidate_411,System Administrator,"['Java', 'JavaScript', 'Git']",Master's in Computer Science,11,"['Project_0_411', 'Project_1_411', 'Project_2_411']",['AWS Certified'],"Name: Candidate_411
            Target Position: System Administrator
            Summary: Experienced professional with 11 years in the tech industry.
            Skills: Java, JavaScript, Git
            Education: Master's in Computer Science
            Experience: 11 years
            Projects: Project_0_411, Project_1_411, Project_2_411
            Certifications: AWS Certified"
RES_0412,Candidate_412,Product Manager,"['Kubernetes', 'NumPy', 'AWS']",Bachelor's in Statistics,5,"['Project_0_412', 'Project_1_412', 'Project_2_412', 'Project_3_412']",[],"Name: Candidate_412
            Target Position: Product Manager
            Summary: Experienced professional with 5 years in the tech industry.
            Skills: Kubernetes, NumPy, AWS
            Education: Bachelor's in Statistics
            Experience: 5 years
            Projects: Project_0_412, Project_1_412, Project_2_412, Project_3_412
            Certifications: None"
RES_0413,Candidate_413,Frontend Developer,"['Python', 'CI/CD', 'SQL', 'REST APIs', 'PyTorch', 'TensorFlow']",Bachelor's in Physics,6,"['Project_0_413', 'Project_1_413']",[],"Name: Candidate_413
            Target Position: Frontend Developer
            Summary: Experienced professional with 6 years in the tech industry.
            Skills: Python, CI/CD, SQL, REST APIs, PyTorch, TensorFlow
            Education: Bachelor's in Physics
            Experience: 6 years
            Projects: Project_0_413, Project_1_413
            Certifications: None"
RES_0414,Candidate_414,Full Stack Developer,"['Docker', 'React', 'SQL']",Bachelor's in Physics,3,['Project_0_414'],['Azure Certified'],"Name: Candidate_414
            Target Position: Full Stack Developer
            Summary: Experienced professional with 3 years in the tech industry.
            Skills: Docker, React, SQL
            Education: Bachelor's in Physics
            Experience: 3 years
            Projects: Project_0_414
            Certifications: Azure Certified"
RES_0415,Candidate_415,Product Manager,"['NumPy', 'REST APIs', 'Kubernetes', 'PyTorch', 'TensorFlow', 'Docker', 'Node.js']",Master's in Mathematics,12,['Project_0_415'],"['Google Cloud Certified', 'TensorFlow Developer', 'PMP']","Name: Candidate_415
            Target Position: Product Manager
            Summary: Experienced professional with 12 years in the tech industry.
            Skills: NumPy, REST APIs, Kubernetes, PyTorch, TensorFlow, Docker, Node.js
            Education: Master's in Mathematics
            Experience: 12 years
            Projects: Project_0_415
            Certifications: Google Cloud Certified, TensorFlow Developer, PMP"
RES_0416,Candidate_416,Product Manager,"['Python', 'GraphQL', 'Git', 'REST APIs', 'Pandas', 'TensorFlow', 'PostgreSQL']",Master's in Statistics,11,"['Project_0_416', 'Project_1_416', 'Project_2_416', 'Project_3_416', 'Project_4_416']",[],"Name: Candidate_416
            Target Position: Product Manager
            Summary: Experienced professional with 11 years in the tech industry.
            Skills: Python, GraphQL, Git, REST APIs, Pandas, TensorFlow, PostgreSQL
            Education: Master's in Statistics
            Experience: 11 years
            Projects: Project_0_416, Project_1_416, Project_2_416, Project_3_416, Project_4_416
            Certifications: None"
RES_0417,Candidate_417,Data Scientist,"['MongoDB', 'SQL', 'Git', 'REST APIs', 'Java', 'React']",PhD in Computer Science,14,"['Project_0_417', 'Project_1_417']","['Scrum Master', 'Azure Certified', 'Google Cloud Certified']","Name: Candidate_417
            Target Position: Data Scientist
            Summary: Experienced professional with 14 years in the tech industry.
            Skills: MongoDB, SQL, Git, REST APIs, Java, React
            Education: PhD in Computer Science
            Experience: 14 years
            Projects: Project_0_417, Project_1_417
            Certifications: Scrum Master, Azure Certified, Google Cloud Certified"
RES_0418,Candidate_418,Backend Developer,"['GraphQL', 'MongoDB', 'PostgreSQL', 'Docker', 'Node.js', 'AWS']",Bachelor's in Computer Science,12,"['Project_0_418', 'Project_1_418', 'Project_2_418', 'Project_3_418', 'Project_4_418']",[],"Name: Candidate_418
            Target Position: Backend Developer
            Summary: Experienced professional with 12 years in the tech industry.
            Skills: GraphQL, MongoDB, PostgreSQL, Docker, Node.js, AWS
            Education: Bachelor's in Computer Science
            Experience: 12 years
            Projects: Project_0_418, Project_1_418, Project_2_418, Project_3_418, Project_4_418
            Certifications: None"
RES_0419,Candidate_419,Data Analyst,"['MongoDB', 'React', 'REST APIs']",Master's in Physics,8,['Project_0_419'],"['Azure Certified', 'PMP']","Name: Candidate_419
            Target Position: Data Analyst
            Summary: Experienced professional with 8 years in the tech industry.
            Skills: MongoDB, React, REST APIs
            Education: Master's in Physics
            Experience: 8 years
            Projects: Project_0_419
            Certifications: Azure Certified, PMP"
RES_0420,Candidate_420,Backend Developer,"['Docker', 'JavaScript', 'MongoDB', 'GraphQL', 'SQL', 'TensorFlow']",Bachelor's in Mathematics,7,"['Project_0_420', 'Project_1_420', 'Project_2_420']",['AWS Certified'],"Name: Candidate_420
            Target Position: Backend Developer
            Summary: Experienced professional with 7 years in the tech industry.
            Skills: Docker, JavaScript, MongoDB, GraphQL, SQL, TensorFlow
            Education: Bachelor's in Mathematics
            Experience: 7 years
            Projects: Project_0_420, Project_1_420, Project_2_420
            Certifications: AWS Certified"
RES_0421,Candidate_421,Product Manager,"['Pandas', 'CI/CD', 'React', 'AWS', 'PostgreSQL', 'NumPy', 'MongoDB', 'Agile']",PhD in Computer Science,2,"['Project_0_421', 'Project_1_421', 'Project_2_421', 'Project_3_421', 'Project_4_421']",[],"Name: Candidate_421
            Target Position: Product Manager
            Summary: Experienced professional with 2 years in the tech industry.
            Skills: Pandas, CI/CD, React, AWS, PostgreSQL, NumPy, MongoDB, Agile
            Education: PhD in Computer Science
            Experience: 2 years
            Projects: Project_0_421, Project_1_421, Project_2_421, Project_3_421, Project_4_421
            Certifications: None"
RES_0422,Candidate_422,System Administrator,"['Node.js', 'PyTorch', 'Agile', 'SQL']",Bachelor's in Mathematics,14,"['Project_0_422', 'Project_1_422', 'Project_2_422', 'Project_3_422', 'Project_4_422']",[],"Name: Candidate_422
            Target Position: System Administrator
            Summary: Experienced professional with 14 years in the tech industry.
            Skills: Node.js, PyTorch, Agile, SQL
            Education: Bachelor's in Mathematics
            Experience: 14 years
            Projects: Project_0_422, Project_1_422, Project_2_422, Project_3_422, Project_4_422
            Certifications: None"
RES_0423,Candidate_423,Full Stack Developer,"['NumPy', 'Agile', 'Docker', 'CI/CD', 'React', 'GraphQL']",Master's in Physics,5,['Project_0_423'],['TensorFlow Developer'],"Name: Candidate_423
            Target Position: Full Stack Developer
            Summary: Experienced professional with 5 years in the tech industry.
            Skills: NumPy, Agile, Docker, CI/CD, React, GraphQL
            Education: Master's in Physics
            Experience: 5 years
            Projects: Project_0_423
            Certifications: TensorFlow Developer"
RES_0424,Candidate_424,Full Stack Developer,"['JavaScript', 'Java', 'CI/CD', 'MongoDB', 'AWS']",PhD in Computer Science,0,"['Project_0_424', 'Project_1_424', 'Project_2_424', 'Project_3_424']",[],"Name: Candidate_424
            Target Position: Full Stack Developer
            Summary: Experienced professional with 0 years in the tech industry.
            Skills: JavaScript, Java, CI/CD, MongoDB, AWS
            Education: PhD in Computer Science
            Experience: 0 years
            Projects: Project_0_424, Project_1_424, Project_2_424, Project_3_424
            Certifications: None"
RES_0425,Candidate_425,Product Manager,"['Docker', 'REST APIs', 'Python']",Bachelor's in Statistics,14,"['Project_0_425', 'Project_1_425', 'Project_2_425', 'Project_3_425']",[],"Name: Candidate_425
            Target Position: Product Manager
            Summary: Experienced professional with 14 years in the tech industry.
            Skills: Docker, REST APIs, Python
            Education: Bachelor's in Statistics
            Experience: 14 years
            Projects: Project_0_425, Project_1_425, Project_2_425, Project_3_425
            Certifications: None"
RES_0426,Candidate_426,UX Designer,"['PyTorch', 'JavaScript', 'Python', 'NumPy', 'GraphQL', 'CI/CD', 'Agile']",Bachelor's in Statistics,2,['Project_0_426'],"['AWS Certified', 'PMP']","Name: Candidate_426
            Target Position: UX Designer
            Summary: Experienced professional with 2 years in the tech industry.
            Skills: PyTorch, JavaScript, Python, NumPy, GraphQL, CI/CD, Agile
            Education: Bachelor's in Statistics
            Experience: 2 years
            Projects: Project_0_426
            Certifications: AWS Certified, PMP"
RES_0427,Candidate_427,Frontend Developer,"['Kubernetes', 'REST APIs', 'Git', 'Docker', 'TensorFlow', 'React', 'CI/CD']",PhD in Physics,13,"['Project_0_427', 'Project_1_427', 'Project_2_427', 'Project_3_427', 'Project_4_427']","['TensorFlow Developer', 'Scrum Master', 'PMP']","Name: Candidate_427
            Target Position: Frontend Developer
            Summary: Experienced professional with 13 years in the tech industry.
            Skills: Kubernetes, REST APIs, Git, Docker, TensorFlow, React, CI/CD
            Education: PhD in Physics
            Experience: 13 years
            Projects: Project_0_427, Project_1_427, Project_2_427, Project_3_427, Project_4_427
            Certifications: TensorFlow Developer, Scrum Master, PMP"
RES_0428,Candidate_428,Machine Learning Engineer,"['Docker', 'AWS', 'Node.js']",Master's in Engineering,1,"['Project_0_428', 'Project_1_428', 'Project_2_428', 'Project_3_428', 'Project_4_428']",[],"Name: Candidate_428
            Target Position: Machine Learning Engineer
            Summary: Experienced professional with 1 years in the tech industry.
            Skills: Docker, AWS, Node.js
            Education: Master's in Engineering
            Experience: 1 years
            Projects: Project_0_428, Project_1_428, Project_2_428, Project_3_428, Project_4_428
            Certifications: None"
RES_0429,Candidate_429,Data Scientist,"['Pandas', 'JavaScript', 'AWS', 'Agile', 'SQL', 'NumPy', 'Node.js', 'Kubernetes']",Master's in Engineering,6,"['Project_0_429', 'Project_1_429', 'Project_2_429']",[],"Name: Candidate_429
            Target Position: Data Scientist
            Summary: Experienced professional with 6 years in the tech industry.
            Skills: Pandas, JavaScript, AWS, Agile, SQL, NumPy, Node.js, Kubernetes
            Education: Master's in Engineering
            Experience: 6 years
            Projects: Project_0_429, Project_1_429, Project_2_429
            Certifications: None"
RES_0430,Candidate_430,QA Engineer,"['Git', 'SQL', 'Agile', 'MongoDB', 'PostgreSQL', 'TensorFlow', 'Node.js', 'CI/CD']",Master's in Mathematics,14,"['Project_0_430', 'Project_1_430', 'Project_2_430', 'Project_3_430', 'Project_4_430']",[],"Name: Candidate_430
            Target Position: QA Engineer
            Summary: Experienced professional with 14 years in the tech industry.
            Skills: Git, SQL, Agile, MongoDB, PostgreSQL, TensorFlow, Node.js, CI/CD
            Education: Master's in Mathematics
            Experience: 14 years
            Projects: Project_0_430, Project_1_430, Project_2_430, Project_3_430, Project_4_430
            Certifications: None"
RES_0431,Candidate_431,Business Analyst,"['TensorFlow', 'Kubernetes', 'JavaScript', 'Agile', 'Node.js', 'SQL', 'PostgreSQL', 'Git']",PhD in Computer Science,11,"['Project_0_431', 'Project_1_431', 'Project_2_431', 'Project_3_431', 'Project_4_431']",[],"Name: Candidate_431
            Target Position: Business Analyst
            Summary: Experienced professional with 11 years in the tech industry.
            Skills: TensorFlow, Kubernetes, JavaScript, Agile, Node.js, SQL, PostgreSQL, Git
            Education: PhD in Computer Science
            Experience: 11 years
            Projects: Project_0_431, Project_1_431, Project_2_431, Project_3_431, Project_4_431
            Certifications: None"
RES_0432,Candidate_432,QA Engineer,"['Node.js', 'NumPy', 'Java', 'CI/CD', 'Python']",Master's in Computer Science,8,"['Project_0_432', 'Project_1_432']","['TensorFlow Developer', 'Azure Certified']","Name: Candidate_432
            Target Position: QA Engineer
            Summary: Experienced professional with 8 years in the tech industry.
            Skills: Node.js, NumPy, Java, CI/CD, Python
            Education: Master's in Computer Science
            Experience: 8 years
            Projects: Project_0_432, Project_1_432
            Certifications: TensorFlow Developer, Azure Certified"
RES_0433,Candidate_433,Full Stack Developer,"['PostgreSQL', 'Python', 'AWS', 'Node.js']",Bachelor's in Engineering,15,"['Project_0_433', 'Project_1_433', 'Project_2_433', 'Project_3_433']","['Scrum Master', 'Azure Certified', 'PMP']","Name: Candidate_433
            Target Position: Full Stack Developer
            Summary: Experienced professional with 15 years in the tech industry.
            Skills: PostgreSQL, Python, AWS, Node.js
            Education: Bachelor's in Engineering
            Experience: 15 years
            Projects: Project_0_433, Project_1_433, Project_2_433, Project_3_433
            Certifications: Scrum Master, Azure Certified, PMP"
RES_0434,Candidate_434,UX Designer,"['SQL', 'Git', 'REST APIs', 'Java', 'React', 'TensorFlow', 'PyTorch', 'Node.js']",Master's in Mathematics,3,"['Project_0_434', 'Project_1_434', 'Project_2_434', 'Project_3_434']",['AWS Certified'],"Name: Candidate_434
            Target Position: UX Designer
            Summary: Experienced professional with 3 years in the tech industry.
            Skills: SQL, Git, REST APIs, Java, React, TensorFlow, PyTorch, Node.js
            Education: Master's in Mathematics
            Experience: 3 years
            Projects: Project_0_434, Project_1_434, Project_2_434, Project_3_434
            Certifications: AWS Certified"
RES_0435,Candidate_435,Data Scientist,"['REST APIs', 'Docker', 'NumPy', 'Java', 'SQL']",Master's in Computer Science,3,['Project_0_435'],[],"Name: Candidate_435
            Target Position: Data Scientist
            Summary: Experienced professional with 3 years in the tech industry.
            Skills: REST APIs, Docker, NumPy, Java, SQL
            Education: Master's in Computer Science
            Experience: 3 years
            Projects: Project_0_435
            Certifications: None"
RES_0436,Candidate_436,Backend Developer,"['AWS', 'CI/CD', 'React', 'Python', 'Pandas']",Bachelor's in Mathematics,4,"['Project_0_436', 'Project_1_436', 'Project_2_436', 'Project_3_436', 'Project_4_436']",[],"Name: Candidate_436
            Target Position: Backend Developer
            Summary: Experienced professional with 4 years in the tech industry.
            Skills: AWS, CI/CD, React, Python, Pandas
            Education: Bachelor's in Mathematics
            Experience: 4 years
            Projects: Project_0_436, Project_1_436, Project_2_436, Project_3_436, Project_4_436
            Certifications: None"
RES_0437,Candidate_437,Software Engineer,"['PostgreSQL', 'MongoDB', 'REST APIs', 'Java', 'Python', 'React', 'JavaScript']",Master's in Engineering,0,"['Project_0_437', 'Project_1_437', 'Project_2_437', 'Project_3_437']","['Scrum Master', 'Azure Certified', 'AWS Certified']","Name: Candidate_437
            Target Position: Software Engineer
            Summary: Experienced professional with 0 years in the tech industry.
            Skills: PostgreSQL, MongoDB, REST APIs, Java, Python, React, JavaScript
            Education: Master's in Engineering
            Experience: 0 years
            Projects: Project_0_437, Project_1_437, Project_2_437, Project_3_437
            Certifications: Scrum Master, Azure Certified, AWS Certified"
RES_0438,Candidate_438,Software Engineer,"['GraphQL', 'REST APIs', 'Python', 'TensorFlow', 'Git', 'Java', 'Kubernetes', 'Pandas']",Master's in Physics,3,['Project_0_438'],"['Scrum Master', 'Azure Certified', 'TensorFlow Developer']","Name: Candidate_438
            Target Position: Software Engineer
            Summary: Experienced professional with 3 years in the tech industry.
            Skills: GraphQL, REST APIs, Python, TensorFlow, Git, Java, Kubernetes, Pandas
            Education: Master's in Physics
            Experience: 3 years
            Projects: Project_0_438
            Certifications: Scrum Master, Azure Certified, TensorFlow Developer"
RES_0439,Candidate_439,DevOps Engineer,"['GraphQL', 'Docker', 'TensorFlow', 'Kubernetes']",Bachelor's in Engineering,4,"['Project_0_439', 'Project_1_439']","['Google Cloud Certified', 'TensorFlow Developer']","Name: Candidate_439
            Target Position: DevOps Engineer
            Summary: Experienced professional with 4 years in the tech industry.
            Skills: GraphQL, Docker, TensorFlow, Kubernetes
            Education: Bachelor's in Engineering
            Experience: 4 years
            Projects: Project_0_439, Project_1_439
            Certifications: Google Cloud Certified, TensorFlow Developer"
RES_0440,Candidate_440,DevOps Engineer,"['Kubernetes', 'Java', 'NumPy', 'PostgreSQL']",PhD in Mathematics,0,"['Project_0_440', 'Project_1_440']",[],"Name: Candidate_440
            Target Position: DevOps Engineer
            Summary: Experienced professional with 0 years in the tech industry.
            Skills: Kubernetes, Java, NumPy, PostgreSQL
            Education: PhD in Mathematics
            Experience: 0 years
            Projects: Project_0_440, Project_1_440
            Certifications: None"
RES_0441,Candidate_441,UX Designer,"['PyTorch', 'AWS', 'React', 'Pandas', 'Git']",PhD in Physics,1,"['Project_0_441', 'Project_1_441', 'Project_2_441']",['AWS Certified'],"Name: Candidate_441
            Target Position: UX Designer
            Summary: Experienced professional with 1 years in the tech industry.
            Skills: PyTorch, AWS, React, Pandas, Git
            Education: PhD in Physics
            Experience: 1 years
            Projects: Project_0_441, Project_1_441, Project_2_441
            Certifications: AWS Certified"
RES_0442,Candidate_442,DevOps Engineer,"['MongoDB', 'PostgreSQL', 'JavaScript', 'Pandas', 'Docker', 'Git', 'Kubernetes', 'Node.js']",Bachelor's in Mathematics,2,"['Project_0_442', 'Project_1_442', 'Project_2_442', 'Project_3_442', 'Project_4_442']","['Scrum Master', 'Azure Certified']","Name: Candidate_442
            Target Position: DevOps Engineer
            Summary: Experienced professional with 2 years in the tech industry.
            Skills: MongoDB, PostgreSQL, JavaScript, Pandas, Docker, Git, Kubernetes, Node.js
            Education: Bachelor's in Mathematics
            Experience: 2 years
            Projects: Project_0_442, Project_1_442, Project_2_442, Project_3_442, Project_4_442
            Certifications: Scrum Master, Azure Certified"
RES_0443,Candidate_443,Software Engineer,"['JavaScript', 'GraphQL', 'TensorFlow', 'Git', 'AWS', 'REST APIs', 'Python']",PhD in Engineering,11,"['Project_0_443', 'Project_1_443']",['PMP'],"Name: Candidate_443
            Target Position: Software Engineer
            Summary: Experienced professional with 11 years in the tech industry.
            Skills: JavaScript, GraphQL, TensorFlow, Git, AWS, REST APIs, Python
            Education: PhD in Engineering
            Experience: 11 years
            Projects: Project_0_443, Project_1_443
            Certifications: PMP"
RES_0444,Candidate_444,Software Engineer,"['Kubernetes', 'Docker', 'SQL', 'JavaScript', 'NumPy', 'Node.js', 'React', 'Agile']",Bachelor's in Physics,9,"['Project_0_444', 'Project_1_444', 'Project_2_444', 'Project_3_444']","['AWS Certified', 'TensorFlow Developer']","Name: Candidate_444
            Target Position: Software Engineer
            Summary: Experienced professional with 9 years in the tech industry.
            Skills: Kubernetes, Docker, SQL, JavaScript, NumPy, Node.js, React, Agile
            Education: Bachelor's in Physics
            Experience: 9 years
            Projects: Project_0_444, Project_1_444, Project_2_444, Project_3_444
            Certifications: AWS Certified, TensorFlow Developer"
RES_0445,Candidate_445,Machine Learning Engineer,"['Agile', 'PyTorch', 'Java']",Master's in Statistics,14,"['Project_0_445', 'Project_1_445', 'Project_2_445']",['Scrum Master'],"Name: Candidate_445
            Target Position: Machine Learning Engineer
            Summary: Experienced professional with 14 years in the tech industry.
            Skills: Agile, PyTorch, Java
            Education: Master's in Statistics
            Experience: 14 years
            Projects: Project_0_445, Project_1_445, Project_2_445
            Certifications: Scrum Master"
RES_0446,Candidate_446,UX Designer,"['TensorFlow', 'NumPy', 'Pandas', 'React', 'Python', 'CI/CD', 'Agile', 'Node.js']",PhD in Computer Science,0,"['Project_0_446', 'Project_1_446']","['AWS Certified', 'Google Cloud Certified']","Name: Candidate_446
            Target Position: UX Designer
            Summary: Experienced professional with 0 years in the tech industry.
            Skills: TensorFlow, NumPy, Pandas, React, Python, CI/CD, Agile, Node.js
            Education: PhD in Computer Science
            Experience: 0 years
            Projects: Project_0_446, Project_1_446
            Certifications: AWS Certified, Google Cloud Certified"
RES_0447,Candidate_447,DevOps Engineer,"['Agile', 'GraphQL', 'NumPy', 'JavaScript', 'Kubernetes', 'Node.js', 'Java', 'TensorFlow']",PhD in Statistics,15,"['Project_0_447', 'Project_1_447']","['TensorFlow Developer', 'Azure Certified', 'AWS Certified']","Name: Candidate_447
            Target Position: DevOps Engineer
            Summary: Experienced professional with 15 years in the tech industry.
            Skills: Agile, GraphQL, NumPy, JavaScript, Kubernetes, Node.js, Java, TensorFlow
            Education: PhD in Statistics
            Experience: 15 years
            Projects: Project_0_447, Project_1_447
            Certifications: TensorFlow Developer, Azure Certified, AWS Certified"
RES_0448,Candidate_448,Full Stack Developer,"['PostgreSQL', 'GraphQL', 'TensorFlow', 'MongoDB', 'Python', 'Git', 'SQL', 'CI/CD']",Bachelor's in Engineering,14,"['Project_0_448', 'Project_1_448', 'Project_2_448', 'Project_3_448']",[],"Name: Candidate_448
            Target Position: Full Stack Developer
            Summary: Experienced professional with 14 years in the tech industry.
            Skills: PostgreSQL, GraphQL, TensorFlow, MongoDB, Python, Git, SQL, CI/CD
            Education: Bachelor's in Engineering
            Experience: 14 years
            Projects: Project_0_448, Project_1_448, Project_2_448, Project_3_448
            Certifications: None"
RES_0449,Candidate_449,System Administrator,"['PyTorch', 'Docker', 'GraphQL', 'REST APIs', 'NumPy', 'Kubernetes']",PhD in Computer Science,5,"['Project_0_449', 'Project_1_449', 'Project_2_449', 'Project_3_449']",[],"Name: Candidate_449
            Target Position: System Administrator
            Summary: Experienced professional with 5 years in the tech industry.
            Skills: PyTorch, Docker, GraphQL, REST APIs, NumPy, Kubernetes
            Education: PhD in Computer Science
            Experience: 5 years
            Projects: Project_0_449, Project_1_449, Project_2_449, Project_3_449
            Certifications: None"
RES_0450,Candidate_450,Full Stack Developer,"['GraphQL', 'REST APIs', 'PyTorch', 'PostgreSQL', 'AWS', 'TensorFlow', 'MongoDB']",Master's in Computer Science,11,"['Project_0_450', 'Project_1_450', 'Project_2_450']","['AWS Certified', 'Google Cloud Certified', 'Scrum Master']","Name: Candidate_450
            Target Position: Full Stack Developer
            Summary: Experienced professional with 11 years in the tech industry.
            Skills: GraphQL, REST APIs, PyTorch, PostgreSQL, AWS, TensorFlow, MongoDB
            Education: Master's in Computer Science
            Experience: 11 years
            Projects: Project_0_450, Project_1_450, Project_2_450
            Certifications: AWS Certified, Google Cloud Certified, Scrum Master"
RES_0451,Candidate_451,Frontend Developer,"['Node.js', 'REST APIs', 'PyTorch', 'Java', 'TensorFlow', 'CI/CD', 'Kubernetes', 'Python']",Bachelor's in Engineering,8,"['Project_0_451', 'Project_1_451', 'Project_2_451', 'Project_3_451']","['Azure Certified', 'Google Cloud Certified', 'Scrum Master']","Name: Candidate_451
            Target Position: Frontend Developer
            Summary: Experienced professional with 8 years in the tech industry.
            Skills: Node.js, REST APIs, PyTorch, Java, TensorFlow, CI/CD, Kubernetes, Python
            Education: Bachelor's in Engineering
            Experience: 8 years
            Projects: Project_0_451, Project_1_451, Project_2_451, Project_3_451
            Certifications: Azure Certified, Google Cloud Certified, Scrum Master"
RES_0452,Candidate_452,Backend Developer,"['GraphQL', 'Node.js', 'Git', 'Agile', 'REST APIs']",Bachelor's in Physics,8,['Project_0_452'],"['PMP', 'AWS Certified']","Name: Candidate_452
            Target Position: Backend Developer
            Summary: Experienced professional with 8 years in the tech industry.
            Skills: GraphQL, Node.js, Git, Agile, REST APIs
            Education: Bachelor's in Physics
            Experience: 8 years
            Projects: Project_0_452
            Certifications: PMP, AWS Certified"
RES_0453,Candidate_453,Frontend Developer,"['Git', 'JavaScript', 'AWS', 'React', 'SQL', 'Python']",PhD in Mathematics,12,"['Project_0_453', 'Project_1_453', 'Project_2_453', 'Project_3_453', 'Project_4_453']","['Azure Certified', 'Scrum Master']","Name: Candidate_453
            Target Position: Frontend Developer
            Summary: Experienced professional with 12 years in the tech industry.
            Skills: Git, JavaScript, AWS, React, SQL, Python
            Education: PhD in Mathematics
            Experience: 12 years
            Projects: Project_0_453, Project_1_453, Project_2_453, Project_3_453, Project_4_453
            Certifications: Azure Certified, Scrum Master"
RES_0454,Candidate_454,DevOps Engineer,"['AWS', 'Python', 'Node.js']",PhD in Statistics,2,['Project_0_454'],"['Google Cloud Certified', 'TensorFlow Developer']","Name: Candidate_454
            Target Position: DevOps Engineer
            Summary: Experienced professional with 2 years in the tech industry.
            Skills: AWS, Python, Node.js
            Education: PhD in Statistics
            Experience: 2 years
            Projects: Project_0_454
            Certifications: Google Cloud Certified, TensorFlow Developer"
RES_0455,Candidate_455,Data Analyst,"['SQL', 'Python', 'TensorFlow', 'CI/CD', 'MongoDB', 'Agile']",Bachelor's in Computer Science,3,"['Project_0_455', 'Project_1_455', 'Project_2_455']",[],"Name: Candidate_455
            Target Position: Data Analyst
            Summary: Experienced professional with 3 years in the tech industry.
            Skills: SQL, Python, TensorFlow, CI/CD, MongoDB, Agile
            Education: Bachelor's in Computer Science
            Experience: 3 years
            Projects: Project_0_455, Project_1_455, Project_2_455
            Certifications: None"
RES_0456,Candidate_456,Data Scientist,"['Python', 'AWS', 'Node.js', 'React']",Master's in Mathematics,14,"['Project_0_456', 'Project_1_456', 'Project_2_456', 'Project_3_456', 'Project_4_456']",['Google Cloud Certified'],"Name: Candidate_456
            Target Position: Data Scientist
            Summary: Experienced professional with 14 years in the tech industry.
            Skills: Python, AWS, Node.js, React
            Education: Master's in Mathematics
            Experience: 14 years
            Projects: Project_0_456, Project_1_456, Project_2_456, Project_3_456, Project_4_456
            Certifications: Google Cloud Certified"
RES_0457,Candidate_457,UX Designer,"['TensorFlow', 'Java', 'React', 'AWS', 'Pandas']",PhD in Statistics,1,"['Project_0_457', 'Project_1_457', 'Project_2_457']",['Scrum Master'],"Name: Candidate_457
            Target Position: UX Designer
            Summary: Experienced professional with 1 years in the tech industry.
            Skills: TensorFlow, Java, React, AWS, Pandas
            Education: PhD in Statistics
            Experience: 1 years
            Projects: Project_0_457, Project_1_457, Project_2_457
            Certifications: Scrum Master"
RES_0458,Candidate_458,System Administrator,"['GraphQL', 'PyTorch', 'PostgreSQL', 'React']",PhD in Physics,12,"['Project_0_458', 'Project_1_458', 'Project_2_458', 'Project_3_458', 'Project_4_458']","['TensorFlow Developer', 'Scrum Master']","Name: Candidate_458
            Target Position: System Administrator
            Summary: Experienced professional with 12 years in the tech industry.
            Skills: GraphQL, PyTorch, PostgreSQL, React
            Education: PhD in Physics
            Experience: 12 years
            Projects: Project_0_458, Project_1_458, Project_2_458, Project_3_458, Project_4_458
            Certifications: TensorFlow Developer, Scrum Master"
RES_0459,Candidate_459,Frontend Developer,"['MongoDB', 'Git', 'SQL']",PhD in Mathematics,11,"['Project_0_459', 'Project_1_459', 'Project_2_459', 'Project_3_459']","['TensorFlow Developer', 'Google Cloud Certified']","Name: Candidate_459
            Target Position: Frontend Developer
            Summary: Experienced professional with 11 years in the tech industry.
            Skills: MongoDB, Git, SQL
            Education: PhD in Mathematics
            Experience: 11 years
            Projects: Project_0_459, Project_1_459, Project_2_459, Project_3_459
            Certifications: TensorFlow Developer, Google Cloud Certified"
RES_0460,Candidate_460,Software Engineer,"['React', 'Docker', 'Pandas', 'PyTorch', 'Java']",Bachelor's in Physics,13,['Project_0_460'],"['Scrum Master', 'Google Cloud Certified']","Name: Candidate_460
            Target Position: Software Engineer
            Summary: Experienced professional with 13 years in the tech industry.
            Skills: React, Docker, Pandas, PyTorch, Java
            Education: Bachelor's in Physics
            Experience: 13 years
            Projects: Project_0_460
            Certifications: Scrum Master, Google Cloud Certified"
RES_0461,Candidate_461,Backend Developer,"['PostgreSQL', 'Java', 'Pandas', 'MongoDB', 'NumPy']",Bachelor's in Engineering,9,"['Project_0_461', 'Project_1_461', 'Project_2_461', 'Project_3_461']",[],"Name: Candidate_461
            Target Position: Backend Developer
            Summary: Experienced professional with 9 years in the tech industry.
            Skills: PostgreSQL, Java, Pandas, MongoDB, NumPy
            Education: Bachelor's in Engineering
            Experience: 9 years
            Projects: Project_0_461, Project_1_461, Project_2_461, Project_3_461
            Certifications: None"
RES_0462,Candidate_462,Backend Developer,"['Node.js', 'SQL', 'GraphQL', 'Python', 'REST APIs', 'TensorFlow', 'JavaScript', 'NumPy']",Bachelor's in Physics,3,"['Project_0_462', 'Project_1_462', 'Project_2_462', 'Project_3_462', 'Project_4_462']","['TensorFlow Developer', 'Google Cloud Certified']","Name: Candidate_462
            Target Position: Backend Developer
            Summary: Experienced professional with 3 years in the tech industry.
            Skills: Node.js, SQL, GraphQL, Python, REST APIs, TensorFlow, JavaScript, NumPy
            Education: Bachelor's in Physics
            Experience: 3 years
            Projects: Project_0_462, Project_1_462, Project_2_462, Project_3_462, Project_4_462
            Certifications: TensorFlow Developer, Google Cloud Certified"
RES_0463,Candidate_463,Product Manager,"['SQL', 'Docker', 'TensorFlow', 'AWS', 'NumPy', 'Agile']",Master's in Engineering,11,"['Project_0_463', 'Project_1_463', 'Project_2_463', 'Project_3_463', 'Project_4_463']","['Google Cloud Certified', 'AWS Certified', 'PMP']","Name: Candidate_463
            Target Position: Product Manager
            Summary: Experienced professional with 11 years in the tech industry.
            Skills: SQL, Docker, TensorFlow, AWS, NumPy, Agile
            Education: Master's in Engineering
            Experience: 11 years
            Projects: Project_0_463, Project_1_463, Project_2_463, Project_3_463, Project_4_463
            Certifications: Google Cloud Certified, AWS Certified, PMP"
RES_0464,Candidate_464,Data Analyst,"['Pandas', 'Kubernetes', 'MongoDB', 'JavaScript', 'NumPy', 'GraphQL', 'SQL']",Bachelor's in Engineering,11,"['Project_0_464', 'Project_1_464', 'Project_2_464']",[],"Name: Candidate_464
            Target Position: Data Analyst
            Summary: Experienced professional with 11 years in the tech industry.
            Skills: Pandas, Kubernetes, MongoDB, JavaScript, NumPy, GraphQL, SQL
            Education: Bachelor's in Engineering
            Experience: 11 years
            Projects: Project_0_464, Project_1_464, Project_2_464
            Certifications: None"
RES_0465,Candidate_465,Frontend Developer,"['Agile', 'Python', 'NumPy', 'GraphQL', 'PyTorch', 'AWS', 'Kubernetes', 'CI/CD']",Master's in Physics,15,['Project_0_465'],[],"Name: Candidate_465
            Target Position: Frontend Developer
            Summary: Experienced professional with 15 years in the tech industry.
            Skills: Agile, Python, NumPy, GraphQL, PyTorch, AWS, Kubernetes, CI/CD
            Education: Master's in Physics
            Experience: 15 years
            Projects: Project_0_465
            Certifications: None"
RES_0466,Candidate_466,UX Designer,"['GraphQL', 'TensorFlow', 'React', 'Kubernetes', 'Git', 'Node.js']",Master's in Engineering,1,"['Project_0_466', 'Project_1_466']","['Google Cloud Certified', 'PMP']","Name: Candidate_466
            Target Position: UX Designer
            Summary: Experienced professional with 1 years in the tech industry.
            Skills: GraphQL, TensorFlow, React, Kubernetes, Git, Node.js
            Education: Master's in Engineering
            Experience: 1 years
            Projects: Project_0_466, Project_1_466
            Certifications: Google Cloud Certified, PMP"
RES_0467,Candidate_467,Frontend Developer,"['Pandas', 'MongoDB', 'Node.js', 'Java', 'NumPy', 'Git', 'JavaScript', 'PostgreSQL']",Bachelor's in Statistics,1,['Project_0_467'],"['AWS Certified', 'TensorFlow Developer', 'Scrum Master']","Name: Candidate_467
            Target Position: Frontend Developer
            Summary: Experienced professional with 1 years in the tech industry.
            Skills: Pandas, MongoDB, Node.js, Java, NumPy, Git, JavaScript, PostgreSQL
            Education: Bachelor's in Statistics
            Experience: 1 years
            Projects: Project_0_467
            Certifications: AWS Certified, TensorFlow Developer, Scrum Master"
RES_0468,Candidate_468,Data Scientist,"['JavaScript', 'TensorFlow', 'PyTorch']",Bachelor's in Statistics,9,['Project_0_468'],"['Azure Certified', 'AWS Certified']","Name: Candidate_468
            Target Position: Data Scientist
            Summary: Experienced professional with 9 years in the tech industry.
            Skills: JavaScript, TensorFlow, PyTorch
            Education: Bachelor's in Statistics
            Experience: 9 years
            Projects: Project_0_468
            Certifications: Azure Certified, AWS Certified"
RES_0469,Candidate_469,Backend Developer,"['PyTorch', 'REST APIs', 'AWS', 'Python', 'NumPy', 'Agile', 'CI/CD']",Bachelor's in Physics,14,"['Project_0_469', 'Project_1_469', 'Project_2_469']","['TensorFlow Developer', 'Google Cloud Certified']","Name: Candidate_469
            Target Position: Backend Developer
            Summary: Experienced professional with 14 years in the tech industry.
            Skills: PyTorch, REST APIs, AWS, Python, NumPy, Agile, CI/CD
            Education: Bachelor's in Physics
            Experience: 14 years
            Projects: Project_0_469, Project_1_469, Project_2_469
            Certifications: TensorFlow Developer, Google Cloud Certified"
RES_0470,Candidate_470,QA Engineer,"['Git', 'Java', 'Python']",Bachelor's in Statistics,9,['Project_0_470'],"['PMP', 'Google Cloud Certified', 'TensorFlow Developer']","Name: Candidate_470
            Target Position: QA Engineer
            Summary: Experienced professional with 9 years in the tech industry.
            Skills: Git, Java, Python
            Education: Bachelor's in Statistics
            Experience: 9 years
            Projects: Project_0_470
            Certifications: PMP, Google Cloud Certified, TensorFlow Developer"
RES_0471,Candidate_471,Product Manager,"['Java', 'Agile', 'Git', 'Pandas', 'React']",Master's in Engineering,7,"['Project_0_471', 'Project_1_471']",[],"Name: Candidate_471
            Target Position: Product Manager
            Summary: Experienced professional with 7 years in the tech industry.
            Skills: Java, Agile, Git, Pandas, React
            Education: Master's in Engineering
            Experience: 7 years
            Projects: Project_0_471, Project_1_471
            Certifications: None"
RES_0472,Candidate_472,Data Analyst,"['Pandas', 'GraphQL', 'Git', 'Docker', 'Agile', 'MongoDB']",Master's in Mathematics,10,['Project_0_472'],"['PMP', 'AWS Certified']","Name: Candidate_472
            Target Position: Data Analyst
            Summary: Experienced professional with 10 years in the tech industry.
            Skills: Pandas, GraphQL, Git, Docker, Agile, MongoDB
            Education: Master's in Mathematics
            Experience: 10 years
            Projects: Project_0_472
            Certifications: PMP, AWS Certified"
RES_0473,Candidate_473,Business Analyst,"['AWS', 'MongoDB', 'SQL', 'Kubernetes', 'Docker', 'Java', 'PostgreSQL']",Master's in Statistics,0,"['Project_0_473', 'Project_1_473']",[],"Name: Candidate_473
            Target Position: Business Analyst
            Summary: Experienced professional with 0 years in the tech industry.
            Skills: AWS, MongoDB, SQL, Kubernetes, Docker, Java, PostgreSQL
            Education: Master's in Statistics
            Experience: 0 years
            Projects: Project_0_473, Project_1_473
            Certifications: None"
RES_0474,Candidate_474,Data Scientist,"['Kubernetes', 'Pandas', 'Agile', 'Java']",PhD in Physics,4,"['Project_0_474', 'Project_1_474', 'Project_2_474']",[],"Name: Candidate_474
            Target Position: Data Scientist
            Summary: Experienced professional with 4 years in the tech industry.
            Skills: Kubernetes, Pandas, Agile, Java
            Education: PhD in Physics
            Experience: 4 years
            Projects: Project_0_474, Project_1_474, Project_2_474
            Certifications: None"
RES_0475,Candidate_475,System Administrator,"['NumPy', 'REST APIs', 'PyTorch', 'Python', 'Docker']",PhD in Engineering,2,"['Project_0_475', 'Project_1_475', 'Project_2_475', 'Project_3_475']",['Azure Certified'],"Name: Candidate_475
            Target Position: System Administrator
            Summary: Experienced professional with 2 years in the tech industry.
            Skills: NumPy, REST APIs, PyTorch, Python, Docker
            Education: PhD in Engineering
            Experience: 2 years
            Projects: Project_0_475, Project_1_475, Project_2_475, Project_3_475
            Certifications: Azure Certified"
RES_0476,Candidate_476,Data Scientist,"['REST APIs', 'Python', 'React', 'MongoDB', 'JavaScript']",PhD in Statistics,7,"['Project_0_476', 'Project_1_476', 'Project_2_476']",[],"Name: Candidate_476
            Target Position: Data Scientist
            Summary: Experienced professional with 7 years in the tech industry.
            Skills: REST APIs, Python, React, MongoDB, JavaScript
            Education: PhD in Statistics
            Experience: 7 years
            Projects: Project_0_476, Project_1_476, Project_2_476
            Certifications: None"
RES_0477,Candidate_477,Full Stack Developer,"['GraphQL', 'SQL', 'Pandas', 'Agile', 'Python', 'Git', 'CI/CD', 'PostgreSQL']",Bachelor's in Mathematics,0,"['Project_0_477', 'Project_1_477', 'Project_2_477']",[],"Name: Candidate_477
            Target Position: Full Stack Developer
            Summary: Experienced professional with 0 years in the tech industry.
            Skills: GraphQL, SQL, Pandas, Agile, Python, Git, CI/CD, PostgreSQL
            Education: Bachelor's in Mathematics
            Experience: 0 years
            Projects: Project_0_477, Project_1_477, Project_2_477
            Certifications: None"
RES_0478,Candidate_478,Data Scientist,"['Node.js', 'Git', 'Pandas', 'Python', 'Docker', 'React', 'Java']",Bachelor's in Computer Science,0,"['Project_0_478', 'Project_1_478', 'Project_2_478', 'Project_3_478']",['AWS Certified'],"Name: Candidate_478
            Target Position: Data Scientist
            Summary: Experienced professional with 0 years in the tech industry.
            Skills: Node.js, Git, Pandas, Python, Docker, React, Java
            Education: Bachelor's in Computer Science
            Experience: 0 years
            Projects: Project_0_478, Project_1_478, Project_2_478, Project_3_478
            Certifications: AWS Certified"
RES_0479,Candidate_479,UX Designer,"['Java', 'SQL', 'AWS']",Bachelor's in Mathematics,6,"['Project_0_479', 'Project_1_479']","['Azure Certified', 'Google Cloud Certified', 'PMP']","Name: Candidate_479
            Target Position: UX Designer
            Summary: Experienced professional with 6 years in the tech industry.
            Skills: Java, SQL, AWS
            Education: Bachelor's in Mathematics
            Experience: 6 years
            Projects: Project_0_479, Project_1_479
            Certifications: Azure Certified, Google Cloud Certified, PMP"
RES_0480,Candidate_480,Frontend Developer,"['PyTorch', 'Git', 'Kubernetes', 'TensorFlow']",Master's in Statistics,5,"['Project_0_480', 'Project_1_480', 'Project_2_480', 'Project_3_480', 'Project_4_480']","['Azure Certified', 'Scrum Master', 'Google Cloud Certified']","Name: Candidate_480
            Target Position: Frontend Developer
            Summary: Experienced professional with 5 years in the tech industry.
            Skills: PyTorch, Git, Kubernetes, TensorFlow
            Education: Master's in Statistics
            Experience: 5 years
            Projects: Project_0_480, Project_1_480, Project_2_480, Project_3_480, Project_4_480
            Certifications: Azure Certified, Scrum Master, Google Cloud Certified"
RES_0481,Candidate_481,Full Stack Developer,"['JavaScript', 'MongoDB', 'Agile', 'SQL', 'Kubernetes', 'NumPy', 'TensorFlow']",Bachelor's in Mathematics,13,"['Project_0_481', 'Project_1_481']","['Azure Certified', 'Scrum Master', 'TensorFlow Developer']","Name: Candidate_481
            Target Position: Full Stack Developer
            Summary: Experienced professional with 13 years in the tech industry.
            Skills: JavaScript, MongoDB, Agile, SQL, Kubernetes, NumPy, TensorFlow
            Education: Bachelor's in Mathematics
            Experience: 13 years
            Projects: Project_0_481, Project_1_481
            Certifications: Azure Certified, Scrum Master, TensorFlow Developer"
RES_0482,Candidate_482,Data Scientist,"['NumPy', 'PostgreSQL', 'REST APIs', 'Java']",Master's in Engineering,0,"['Project_0_482', 'Project_1_482']",['AWS Certified'],"Name: Candidate_482
            Target Position: Data Scientist
            Summary: Experienced professional with 0 years in the tech industry.
            Skills: NumPy, PostgreSQL, REST APIs, Java
            Education: Master's in Engineering
            Experience: 0 years
            Projects: Project_0_482, Project_1_482
            Certifications: AWS Certified"
RES_0483,Candidate_483,Machine Learning Engineer,"['SQL', 'TensorFlow', 'Pandas', 'GraphQL', 'Java', 'PostgreSQL', 'REST APIs']",Bachelor's in Computer Science,3,"['Project_0_483', 'Project_1_483', 'Project_2_483', 'Project_3_483']",['TensorFlow Developer'],"Name: Candidate_483
            Target Position: Machine Learning Engineer
            Summary: Experienced professional with 3 years in the tech industry.
            Skills: SQL, TensorFlow, Pandas, GraphQL, Java, PostgreSQL, REST APIs
            Education: Bachelor's in Computer Science
            Experience: 3 years
            Projects: Project_0_483, Project_1_483, Project_2_483, Project_3_483
            Certifications: TensorFlow Developer"
RES_0484,Candidate_484,Data Analyst,"['REST APIs', 'Python', 'Agile', 'AWS', 'JavaScript']",Master's in Statistics,11,['Project_0_484'],[],"Name: Candidate_484
            Target Position: Data Analyst
            Summary: Experienced professional with 11 years in the tech industry.
            Skills: REST APIs, Python, Agile, AWS, JavaScript
            Education: Master's in Statistics
            Experience: 11 years
            Projects: Project_0_484
            Certifications: None"
RES_0485,Candidate_485,DevOps Engineer,"['TensorFlow', 'AWS', 'CI/CD', 'Git', 'MongoDB', 'REST APIs']",Master's in Statistics,5,['Project_0_485'],['PMP'],"Name: Candidate_485
            Target Position: DevOps Engineer
            Summary: Experienced professional with 5 years in the tech industry.
            Skills: TensorFlow, AWS, CI/CD, Git, MongoDB, REST APIs
            Education: Master's in Statistics
            Experience: 5 years
            Projects: Project_0_485
            Certifications: PMP"
RES_0486,Candidate_486,Software Engineer,"['GraphQL', 'PyTorch', 'SQL', 'JavaScript', 'Git', 'REST APIs']",PhD in Computer Science,6,"['Project_0_486', 'Project_1_486', 'Project_2_486', 'Project_3_486', 'Project_4_486']","['TensorFlow Developer', 'AWS Certified']","Name: Candidate_486
            Target Position: Software Engineer
            Summary: Experienced professional with 6 years in the tech industry.
            Skills: GraphQL, PyTorch, SQL, JavaScript, Git, REST APIs
            Education: PhD in Computer Science
            Experience: 6 years
            Projects: Project_0_486, Project_1_486, Project_2_486, Project_3_486, Project_4_486
            Certifications: TensorFlow Developer, AWS Certified"
RES_0487,Candidate_487,Full Stack Developer,"['REST APIs', 'JavaScript', 'GraphQL', 'CI/CD', 'Git', 'Kubernetes', 'Python', 'MongoDB']",PhD in Computer Science,4,"['Project_0_487', 'Project_1_487', 'Project_2_487', 'Project_3_487']",['AWS Certified'],"Name: Candidate_487
            Target Position: Full Stack Developer
            Summary: Experienced professional with 4 years in the tech industry.
            Skills: REST APIs, JavaScript, GraphQL, CI/CD, Git, Kubernetes, Python, MongoDB
            Education: PhD in Computer Science
            Experience: 4 years
            Projects: Project_0_487, Project_1_487, Project_2_487, Project_3_487
            Certifications: AWS Certified"
RES_0488,Candidate_488,Product Manager,"['MongoDB', 'REST APIs', 'Git', 'CI/CD', 'PyTorch', 'Node.js']",PhD in Computer Science,11,"['Project_0_488', 'Project_1_488', 'Project_2_488', 'Project_3_488']","['AWS Certified', 'TensorFlow Developer']","Name: Candidate_488
            Target Position: Product Manager
            Summary: Experienced professional with 11 years in the tech industry.
            Skills: MongoDB, REST APIs, Git, CI/CD, PyTorch, Node.js
            Education: PhD in Computer Science
            Experience: 11 years
            Projects: Project_0_488, Project_1_488, Project_2_488, Project_3_488
            Certifications: AWS Certified, TensorFlow Developer"
RES_0489,Candidate_489,Business Analyst,"['TensorFlow', 'Node.js', 'SQL', 'Java', 'Agile']",PhD in Physics,12,"['Project_0_489', 'Project_1_489', 'Project_2_489']","['TensorFlow Developer', 'Scrum Master', 'AWS Certified']","Name: Candidate_489
            Target Position: Business Analyst
            Summary: Experienced professional with 12 years in the tech industry.
            Skills: TensorFlow, Node.js, SQL, Java, Agile
            Education: PhD in Physics
            Experience: 12 years
            Projects: Project_0_489, Project_1_489, Project_2_489
            Certifications: TensorFlow Developer, Scrum Master, AWS Certified"
RES_0490,Candidate_490,Product Manager,"['Node.js', 'TensorFlow', 'REST APIs', 'PyTorch', 'GraphQL', 'Pandas']",Master's in Statistics,2,"['Project_0_490', 'Project_1_490', 'Project_2_490', 'Project_3_490', 'Project_4_490']","['TensorFlow Developer', 'Google Cloud Certified']","Name: Candidate_490
            Target Position: Product Manager
            Summary: Experienced professional with 2 years in the tech industry.
            Skills: Node.js, TensorFlow, REST APIs, PyTorch, GraphQL, Pandas
            Education: Master's in Statistics
            Experience: 2 years
            Projects: Project_0_490, Project_1_490, Project_2_490, Project_3_490, Project_4_490
            Certifications: TensorFlow Developer, Google Cloud Certified"
RES_0491,Candidate_491,Frontend Developer,"['GraphQL', 'Docker', 'REST APIs', 'CI/CD', 'Pandas', 'NumPy', 'PostgreSQL', 'Node.js']",Master's in Mathematics,8,"['Project_0_491', 'Project_1_491', 'Project_2_491']","['TensorFlow Developer', 'AWS Certified', 'Scrum Master']","Name: Candidate_491
            Target Position: Frontend Developer
            Summary: Experienced professional with 8 years in the tech industry.
            Skills: GraphQL, Docker, REST APIs, CI/CD, Pandas, NumPy, PostgreSQL, Node.js
            Education: Master's in Mathematics
            Experience: 8 years
            Projects: Project_0_491, Project_1_491, Project_2_491
            Certifications: TensorFlow Developer, AWS Certified, Scrum Master"
RES_0492,Candidate_492,Software Engineer,"['Python', 'PostgreSQL', 'NumPy', 'MongoDB', 'Node.js']",Master's in Mathematics,12,"['Project_0_492', 'Project_1_492', 'Project_2_492']",['Azure Certified'],"Name: Candidate_492
            Target Position: Software Engineer
            Summary: Experienced professional with 12 years in the tech industry.
            Skills: Python, PostgreSQL, NumPy, MongoDB, Node.js
            Education: Master's in Mathematics
            Experience: 12 years
            Projects: Project_0_492, Project_1_492, Project_2_492
            Certifications: Azure Certified"
RES_0493,Candidate_493,Data Scientist,"['TensorFlow', 'Pandas', 'Node.js', 'AWS', 'CI/CD', 'JavaScript', 'Git']",PhD in Mathematics,2,"['Project_0_493', 'Project_1_493', 'Project_2_493']",[],"Name: Candidate_493
            Target Position: Data Scientist
            Summary: Experienced professional with 2 years in the tech industry.
            Skills: TensorFlow, Pandas, Node.js, AWS, CI/CD, JavaScript, Git
            Education: PhD in Mathematics
            Experience: 2 years
            Projects: Project_0_493, Project_1_493, Project_2_493
            Certifications: None"
RES_0494,Candidate_494,QA Engineer,"['GraphQL', 'SQL', 'Git', 'REST APIs']",Bachelor's in Statistics,5,"['Project_0_494', 'Project_1_494', 'Project_2_494', 'Project_3_494', 'Project_4_494']","['Scrum Master', 'TensorFlow Developer']","Name: Candidate_494
            Target Position: QA Engineer
            Summary: Experienced professional with 5 years in the tech industry.
            Skills: GraphQL, SQL, Git, REST APIs
            Education: Bachelor's in Statistics
            Experience: 5 years
            Projects: Project_0_494, Project_1_494, Project_2_494, Project_3_494, Project_4_494
            Certifications: Scrum Master, TensorFlow Developer"
RES_0495,Candidate_495,DevOps Engineer,"['JavaScript', 'CI/CD', 'PyTorch']",Bachelor's in Statistics,0,"['Project_0_495', 'Project_1_495', 'Project_2_495', 'Project_3_495', 'Project_4_495']",[],"Name: Candidate_495
            Target Position: DevOps Engineer
            Summary: Experienced professional with 0 years in the tech industry.
            Skills: JavaScript, CI/CD, PyTorch
            Education: Bachelor's in Statistics
            Experience: 0 years
            Projects: Project_0_495, Project_1_495, Project_2_495, Project_3_495, Project_4_495
            Certifications: None"
RES_0496,Candidate_496,Backend Developer,"['Docker', 'Agile', 'Kubernetes', 'SQL', 'REST APIs', 'Pandas', 'React']",Bachelor's in Physics,12,"['Project_0_496', 'Project_1_496']","['TensorFlow Developer', 'AWS Certified', 'Scrum Master']","Name: Candidate_496
            Target Position: Backend Developer
            Summary: Experienced professional with 12 years in the tech industry.
            Skills: Docker, Agile, Kubernetes, SQL, REST APIs, Pandas, React
            Education: Bachelor's in Physics
            Experience: 12 years
            Projects: Project_0_496, Project_1_496
            Certifications: TensorFlow Developer, AWS Certified, Scrum Master"
RES_0497,Candidate_497,System Administrator,"['REST APIs', 'AWS', 'Agile', 'Python', 'Pandas', 'PyTorch', 'NumPy']",Master's in Mathematics,4,"['Project_0_497', 'Project_1_497', 'Project_2_497', 'Project_3_497', 'Project_4_497']","['TensorFlow Developer', 'Scrum Master']","Name: Candidate_497
            Target Position: System Administrator
            Summary: Experienced professional with 4 years in the tech industry.
            Skills: REST APIs, AWS, Agile, Python, Pandas, PyTorch, NumPy
            Education: Master's in Mathematics
            Experience: 4 years
            Projects: Project_0_497, Project_1_497, Project_2_497, Project_3_497, Project_4_497
            Certifications: TensorFlow Developer, Scrum Master"
RES_0498,Candidate_498,Full Stack Developer,"['MongoDB', 'SQL', 'TensorFlow', 'PyTorch', 'AWS', 'Pandas', 'Git', 'CI/CD']",PhD in Engineering,1,"['Project_0_498', 'Project_1_498', 'Project_2_498', 'Project_3_498', 'Project_4_498']","['PMP', 'AWS Certified', 'TensorFlow Developer']","Name: Candidate_498
            Target Position: Full Stack Developer
            Summary: Experienced professional with 1 years in the tech industry.
            Skills: MongoDB, SQL, TensorFlow, PyTorch, AWS, Pandas, Git, CI/CD
            Education: PhD in Engineering
            Experience: 1 years
            Projects: Project_0_498, Project_1_498, Project_2_498, Project_3_498, Project_4_498
            Certifications: PMP, AWS Certified, TensorFlow Developer"
RES_0499,Candidate_499,Backend Developer,"['GraphQL', 'Docker', 'CI/CD', 'REST APIs', 'Python']",PhD in Computer Science,8,"['Project_0_499', 'Project_1_499', 'Project_2_499']",[],"Name: Candidate_499
            Target Position: Backend Developer
            Summary: Experienced professional with 8 years in the tech industry.
            Skills: GraphQL, Docker, CI/CD, REST APIs, Python
            Education: PhD in Computer Science
            Experience: 8 years
            Projects: Project_0_499, Project_1_499, Project_2_499
            Certifications: None"
RES_0500,Candidate_500,Product Manager,"['SQL', 'React', 'Node.js', 'Docker', 'CI/CD']",PhD in Mathematics,3,"['Project_0_500', 'Project_1_500', 'Project_2_500', 'Project_3_500', 'Project_4_500']","['Scrum Master', 'Google Cloud Certified']","Name: Candidate_500
            Target Position: Product Manager
            Summary: Experienced professional with 3 years in the tech industry.
            Skills: SQL, React, Node.js, Docker, CI/CD
            Education: PhD in Mathematics
            Experience: 3 years
            Projects: Project_0_500, Project_1_500, Project_2_500, Project_3_500, Project_4_500
            Certifications: Scrum Master, Google Cloud Certified"
RES_0501,Candidate_501,Frontend Developer,"['Git', 'Pandas', 'Kubernetes', 'REST APIs', 'CI/CD', 'PostgreSQL', 'TensorFlow']",Master's in Statistics,10,['Project_0_501'],"['PMP', 'Scrum Master', 'Azure Certified']","Name: Candidate_501
            Target Position: Frontend Developer
            Summary: Experienced professional with 10 years in the tech industry.
            Skills: Git, Pandas, Kubernetes, REST APIs, CI/CD, PostgreSQL, TensorFlow
            Education: Master's in Statistics
            Experience: 10 years
            Projects: Project_0_501
            Certifications: PMP, Scrum Master, Azure Certified"
RES_0502,Candidate_502,Frontend Developer,"['JavaScript', 'MongoDB', 'GraphQL']",Master's in Computer Science,10,"['Project_0_502', 'Project_1_502']","['Scrum Master', 'Azure Certified', 'TensorFlow Developer']","Name: Candidate_502
            Target Position: Frontend Developer
            Summary: Experienced professional with 10 years in the tech industry.
            Skills: JavaScript, MongoDB, GraphQL
            Education: Master's in Computer Science
            Experience: 10 years
            Projects: Project_0_502, Project_1_502
            Certifications: Scrum Master, Azure Certified, TensorFlow Developer"
RES_0503,Candidate_503,Backend Developer,"['PyTorch', 'Java', 'React', 'Git', 'TensorFlow']",Master's in Physics,12,"['Project_0_503', 'Project_1_503', 'Project_2_503', 'Project_3_503', 'Project_4_503']","['Azure Certified', 'Google Cloud Certified', 'TensorFlow Developer']","Name: Candidate_503
            Target Position: Backend Developer
            Summary: Experienced professional with 12 years in the tech industry.
            Skills: PyTorch, Java, React, Git, TensorFlow
            Education: Master's in Physics
            Experience: 12 years
            Projects: Project_0_503, Project_1_503, Project_2_503, Project_3_503, Project_4_503
            Certifications: Azure Certified, Google Cloud Certified, TensorFlow Developer"
RES_0504,Candidate_504,Frontend Developer,"['Git', 'PyTorch', 'Python', 'PostgreSQL', 'JavaScript', 'Pandas', 'AWS', 'React']",PhD in Physics,1,"['Project_0_504', 'Project_1_504']","['TensorFlow Developer', 'PMP', 'Google Cloud Certified']","Name: Candidate_504
            Target Position: Frontend Developer
            Summary: Experienced professional with 1 years in the tech industry.
            Skills: Git, PyTorch, Python, PostgreSQL, JavaScript, Pandas, AWS, React
            Education: PhD in Physics
            Experience: 1 years
            Projects: Project_0_504, Project_1_504
            Certifications: TensorFlow Developer, PMP, Google Cloud Certified"
RES_0505,Candidate_505,UX Designer,"['NumPy', 'Agile', 'GraphQL', 'Node.js', 'CI/CD', 'Pandas', 'TensorFlow', 'Java']",PhD in Computer Science,9,"['Project_0_505', 'Project_1_505', 'Project_2_505', 'Project_3_505', 'Project_4_505']",['AWS Certified'],"Name: Candidate_505
            Target Position: UX Designer
            Summary: Experienced professional with 9 years in the tech industry.
            Skills: NumPy, Agile, GraphQL, Node.js, CI/CD, Pandas, TensorFlow, Java
            Education: PhD in Computer Science
            Experience: 9 years
            Projects: Project_0_505, Project_1_505, Project_2_505, Project_3_505, Project_4_505
            Certifications: AWS Certified"
RES_0506,Candidate_506,Data Scientist,"['AWS', 'Docker', 'React', 'REST APIs', 'Git', 'PyTorch']",Master's in Computer Science,4,"['Project_0_506', 'Project_1_506', 'Project_2_506']",[],"Name: Candidate_506
            Target Position: Data Scientist
            Summary: Experienced professional with 4 years in the tech industry.
            Skills: AWS, Docker, React, REST APIs, Git, PyTorch
            Education: Master's in Computer Science
            Experience: 4 years
            Projects: Project_0_506, Project_1_506, Project_2_506
            Certifications: None"
RES_0507,Candidate_507,UX Designer,"['AWS', 'JavaScript', 'Node.js', 'Agile', 'Python', 'Docker', 'PyTorch']",Master's in Physics,8,"['Project_0_507', 'Project_1_507']","['AWS Certified', 'Azure Certified', 'Scrum Master']","Name: Candidate_507
            Target Position: UX Designer
            Summary: Experienced professional with 8 years in the tech industry.
            Skills: AWS, JavaScript, Node.js, Agile, Python, Docker, PyTorch
            Education: Master's in Physics
            Experience: 8 years
            Projects: Project_0_507, Project_1_507
            Certifications: AWS Certified, Azure Certified, Scrum Master"
RES_0508,Candidate_508,Backend Developer,"['Kubernetes', 'React', 'Pandas', 'JavaScript']",Master's in Statistics,10,"['Project_0_508', 'Project_1_508']",['Google Cloud Certified'],"Name: Candidate_508
            Target Position: Backend Developer
            Summary: Experienced professional with 10 years in the tech industry.
            Skills: Kubernetes, React, Pandas, JavaScript
            Education: Master's in Statistics
            Experience: 10 years
            Projects: Project_0_508, Project_1_508
            Certifications: Google Cloud Certified"
RES_0509,Candidate_509,Full Stack Developer,"['JavaScript', 'Java', 'PostgreSQL', 'React', 'PyTorch']",PhD in Mathematics,10,"['Project_0_509', 'Project_1_509']",[],"Name: Candidate_509
            Target Position: Full Stack Developer
            Summary: Experienced professional with 10 years in the tech industry.
            Skills: JavaScript, Java, PostgreSQL, React, PyTorch
            Education: PhD in Mathematics
            Experience: 10 years
            Projects: Project_0_509, Project_1_509
            Certifications: None"
RES_0510,Candidate_510,Data Scientist,"['Git', 'GraphQL', 'Java', 'Python']",Bachelor's in Mathematics,1,"['Project_0_510', 'Project_1_510', 'Project_2_510', 'Project_3_510']","['AWS Certified', 'TensorFlow Developer']","Name: Candidate_510
            Target Position: Data Scientist
            Summary: Experienced professional with 1 years in the tech industry.
            Skills: Git, GraphQL, Java, Python
            Education: Bachelor's in Mathematics
            Experience: 1 years
            Projects: Project_0_510, Project_1_510, Project_2_510, Project_3_510
            Certifications: AWS Certified, TensorFlow Developer"
RES_0511,Candidate_511,Data Scientist,"['CI/CD', 'Python', 'GraphQL', 'Git', 'Agile', 'JavaScript', 'Docker']",Bachelor's in Physics,9,"['Project_0_511', 'Project_1_511', 'Project_2_511', 'Project_3_511']",[],"Name: Candidate_511
            Target Position: Data Scientist
            Summary: Experienced professional with 9 years in the tech industry.
            Skills: CI/CD, Python, GraphQL, Git, Agile, JavaScript, Docker
            Education: Bachelor's in Physics
            Experience: 9 years
            Projects: Project_0_511, Project_1_511, Project_2_511, Project_3_511
            Certifications: None"
RES_0512,Candidate_512,Data Analyst,"['Agile', 'GraphQL', 'Git', 'TensorFlow', 'React']",Master's in Mathematics,4,"['Project_0_512', 'Project_1_512', 'Project_2_512']","['Azure Certified', 'AWS Certified', 'PMP']","Name: Candidate_512
            Target Position: Data Analyst
            Summary: Experienced professional with 4 years in the tech industry.
            Skills: Agile, GraphQL, Git, TensorFlow, React
            Education: Master's in Mathematics
            Experience: 4 years
            Projects: Project_0_512, Project_1_512, Project_2_512
            Certifications: Azure Certified, AWS Certified, PMP"
RES_0513,Candidate_513,Business Analyst,"['GraphQL', 'React', 'Python']",Master's in Computer Science,6,['Project_0_513'],"['Google Cloud Certified', 'TensorFlow Developer', 'AWS Certified']","Name: Candidate_513
            Target Position: Business Analyst
            Summary: Experienced professional with 6 years in the tech industry.
            Skills: GraphQL, React, Python
            Education: Master's in Computer Science
            Experience: 6 years
            Projects: Project_0_513
            Certifications: Google Cloud Certified, TensorFlow Developer, AWS Certified"
RES_0514,Candidate_514,System Administrator,"['GraphQL', 'AWS', 'React']",Bachelor's in Engineering,15,"['Project_0_514', 'Project_1_514']","['TensorFlow Developer', 'Google Cloud Certified']","Name: Candidate_514
            Target Position: System Administrator
            Summary: Experienced professional with 15 years in the tech industry.
            Skills: GraphQL, AWS, React
            Education: Bachelor's in Engineering
            Experience: 15 years
            Projects: Project_0_514, Project_1_514
            Certifications: TensorFlow Developer, Google Cloud Certified"
RES_0515,Candidate_515,Backend Developer,"['JavaScript', 'TensorFlow', 'Kubernetes', 'CI/CD', 'PyTorch']",Master's in Engineering,10,['Project_0_515'],['Google Cloud Certified'],"Name: Candidate_515
            Target Position: Backend Developer
            Summary: Experienced professional with 10 years in the tech industry.
            Skills: JavaScript, TensorFlow, Kubernetes, CI/CD, PyTorch
            Education: Master's in Engineering
            Experience: 10 years
            Projects: Project_0_515
            Certifications: Google Cloud Certified"
RES_0516,Candidate_516,Business Analyst,"['GraphQL', 'Agile', 'SQL', 'Java']",PhD in Physics,5,"['Project_0_516', 'Project_1_516']",[],"Name: Candidate_516
            Target Position: Business Analyst
            Summary: Experienced professional with 5 years in the tech industry.
            Skills: GraphQL, Agile, SQL, Java
            Education: PhD in Physics
            Experience: 5 years
            Projects: Project_0_516, Project_1_516
            Certifications: None"
RES_0517,Candidate_517,System Administrator,"['React', 'Pandas', 'Node.js', 'Kubernetes', 'GraphQL', 'REST APIs']",PhD in Engineering,6,"['Project_0_517', 'Project_1_517', 'Project_2_517', 'Project_3_517']",[],"Name: Candidate_517
            Target Position: System Administrator
            Summary: Experienced professional with 6 years in the tech industry.
            Skills: React, Pandas, Node.js, Kubernetes, GraphQL, REST APIs
            Education: PhD in Engineering
            Experience: 6 years
            Projects: Project_0_517, Project_1_517, Project_2_517, Project_3_517
            Certifications: None"
RES_0518,Candidate_518,Product Manager,"['Python', 'Git', 'REST APIs', 'MongoDB', 'GraphQL', 'AWS']",PhD in Physics,2,"['Project_0_518', 'Project_1_518', 'Project_2_518']",['Google Cloud Certified'],"Name: Candidate_518
            Target Position: Product Manager
            Summary: Experienced professional with 2 years in the tech industry.
            Skills: Python, Git, REST APIs, MongoDB, GraphQL, AWS
            Education: PhD in Physics
            Experience: 2 years
            Projects: Project_0_518, Project_1_518, Project_2_518
            Certifications: Google Cloud Certified"
RES_0519,Candidate_519,Machine Learning Engineer,"['React', 'CI/CD', 'GraphQL', 'TensorFlow', 'NumPy', 'JavaScript', 'MongoDB', 'PostgreSQL']",Master's in Physics,4,"['Project_0_519', 'Project_1_519', 'Project_2_519', 'Project_3_519', 'Project_4_519']",['Scrum Master'],"Name: Candidate_519
            Target Position: Machine Learning Engineer
            Summary: Experienced professional with 4 years in the tech industry.
            Skills: React, CI/CD, GraphQL, TensorFlow, NumPy, JavaScript, MongoDB, PostgreSQL
            Education: Master's in Physics
            Experience: 4 years
            Projects: Project_0_519, Project_1_519, Project_2_519, Project_3_519, Project_4_519
            Certifications: Scrum Master"
RES_0520,Candidate_520,Data Scientist,"['MongoDB', 'PostgreSQL', 'React', 'Kubernetes']",PhD in Mathematics,13,"['Project_0_520', 'Project_1_520', 'Project_2_520']",['Azure Certified'],"Name: Candidate_520
            Target Position: Data Scientist
            Summary: Experienced professional with 13 years in the tech industry.
            Skills: MongoDB, PostgreSQL, React, Kubernetes
            Education: PhD in Mathematics
            Experience: 13 years
            Projects: Project_0_520, Project_1_520, Project_2_520
            Certifications: Azure Certified"
RES_0521,Candidate_521,Data Scientist,"['Agile', 'MongoDB', 'PostgreSQL', 'SQL']",Master's in Statistics,9,"['Project_0_521', 'Project_1_521']","['PMP', 'Azure Certified', 'Scrum Master']","Name: Candidate_521
            Target Position: Data Scientist
            Summary: Experienced professional with 9 years in the tech industry.
            Skills: Agile, MongoDB, PostgreSQL, SQL
            Education: Master's in Statistics
            Experience: 9 years
            Projects: Project_0_521, Project_1_521
            Certifications: PMP, Azure Certified, Scrum Master"
RES_0522,Candidate_522,Data Scientist,"['JavaScript', 'CI/CD', 'Pandas', 'Git', 'GraphQL']",PhD in Statistics,5,"['Project_0_522', 'Project_1_522', 'Project_2_522']","['Scrum Master', 'AWS Certified', 'TensorFlow Developer']","Name: Candidate_522
            Target Position: Data Scientist
            Summary: Experienced professional with 5 years in the tech industry.
            Skills: JavaScript, CI/CD, Pandas, Git, GraphQL
            Education: PhD in Statistics
            Experience: 5 years
            Projects: Project_0_522, Project_1_522, Project_2_522
            Certifications: Scrum Master, AWS Certified, TensorFlow Developer"
RES_0523,Candidate_523,Frontend Developer,"['PostgreSQL', 'SQL', 'Git', 'Node.js', 'React']",Master's in Physics,4,"['Project_0_523', 'Project_1_523', 'Project_2_523', 'Project_3_523']","['TensorFlow Developer', 'Google Cloud Certified', 'Azure Certified']","Name: Candidate_523
            Target Position: Frontend Developer
            Summary: Experienced professional with 4 years in the tech industry.
            Skills: PostgreSQL, SQL, Git, Node.js, React
            Education: Master's in Physics
            Experience: 4 years
            Projects: Project_0_523, Project_1_523, Project_2_523, Project_3_523
            Certifications: TensorFlow Developer, Google Cloud Certified, Azure Certified"
RES_0524,Candidate_524,Data Analyst,"['Python', 'Java', 'GraphQL', 'SQL', 'NumPy', 'Node.js', 'PyTorch', 'AWS']",Master's in Engineering,11,"['Project_0_524', 'Project_1_524', 'Project_2_524', 'Project_3_524', 'Project_4_524']","['Google Cloud Certified', 'AWS Certified']","Name: Candidate_524
            Target Position: Data Analyst
            Summary: Experienced professional with 11 years in the tech industry.
            Skills: Python, Java, GraphQL, SQL, NumPy, Node.js, PyTorch, AWS
            Education: Master's in Engineering
            Experience: 11 years
            Projects: Project_0_524, Project_1_524, Project_2_524, Project_3_524, Project_4_524
            Certifications: Google Cloud Certified, AWS Certified"
RES_0525,Candidate_525,Backend Developer,"['JavaScript', 'AWS', 'SQL', 'Kubernetes', 'CI/CD', 'PyTorch', 'Pandas']",Bachelor's in Computer Science,4,['Project_0_525'],[],"Name: Candidate_525
            Target Position: Backend Developer
            Summary: Experienced professional with 4 years in the tech industry.
            Skills: JavaScript, AWS, SQL, Kubernetes, CI/CD, PyTorch, Pandas
            Education: Bachelor's in Computer Science
            Experience: 4 years
            Projects: Project_0_525
            Certifications: None"
RES_0526,Candidate_526,Data Analyst,"['PyTorch', 'MongoDB', 'Java', 'REST APIs', 'NumPy']",Bachelor's in Computer Science,14,"['Project_0_526', 'Project_1_526', 'Project_2_526', 'Project_3_526', 'Project_4_526']",['Scrum Master'],"Name: Candidate_526
            Target Position: Data Analyst
            Summary: Experienced professional with 14 years in the tech industry.
            Skills: PyTorch, MongoDB, Java, REST APIs, NumPy
            Education: Bachelor's in Computer Science
            Experience: 14 years
            Projects: Project_0_526, Project_1_526, Project_2_526, Project_3_526, Project_4_526
            Certifications: Scrum Master"
RES_0527,Candidate_527,Software Engineer,"['REST APIs', 'Docker', 'React', 'PostgreSQL', 'GraphQL', 'Java']",PhD in Physics,9,"['Project_0_527', 'Project_1_527']","['TensorFlow Developer', 'PMP', 'AWS Certified']","Name: Candidate_527
            Target Position: Software Engineer
            Summary: Experienced professional with 9 years in the tech industry.
            Skills: REST APIs, Docker, React, PostgreSQL, GraphQL, Java
            Education: PhD in Physics
            Experience: 9 years
            Projects: Project_0_527, Project_1_527
            Certifications: TensorFlow Developer, PMP, AWS Certified"
RES_0528,Candidate_528,Machine Learning Engineer,"['React', 'REST APIs', 'Java', 'Agile', 'MongoDB']",PhD in Mathematics,7,"['Project_0_528', 'Project_1_528', 'Project_2_528']",['AWS Certified'],"Name: Candidate_528
            Target Position: Machine Learning Engineer
            Summary: Experienced professional with 7 years in the tech industry.
            Skills: React, REST APIs, Java, Agile, MongoDB
            Education: PhD in Mathematics
            Experience: 7 years
            Projects: Project_0_528, Project_1_528, Project_2_528
            Certifications: AWS Certified"
RES_0529,Candidate_529,DevOps Engineer,"['Python', 'GraphQL', 'Node.js', 'Agile', 'PyTorch']",Bachelor's in Statistics,12,"['Project_0_529', 'Project_1_529', 'Project_2_529', 'Project_3_529']",[],"Name: Candidate_529
            Target Position: DevOps Engineer
            Summary: Experienced professional with 12 years in the tech industry.
            Skills: Python, GraphQL, Node.js, Agile, PyTorch
            Education: Bachelor's in Statistics
            Experience: 12 years
            Projects: Project_0_529, Project_1_529, Project_2_529, Project_3_529
            Certifications: None"
RES_0530,Candidate_530,Full Stack Developer,"['PyTorch', 'AWS', 'TensorFlow', 'MongoDB']",PhD in Computer Science,7,"['Project_0_530', 'Project_1_530']",['TensorFlow Developer'],"Name: Candidate_530
            Target Position: Full Stack Developer
            Summary: Experienced professional with 7 years in the tech industry.
            Skills: PyTorch, AWS, TensorFlow, MongoDB
            Education: PhD in Computer Science
            Experience: 7 years
            Projects: Project_0_530, Project_1_530
            Certifications: TensorFlow Developer"
RES_0531,Candidate_531,Software Engineer,"['CI/CD', 'NumPy', 'JavaScript']",Bachelor's in Physics,15,"['Project_0_531', 'Project_1_531']",['AWS Certified'],"Name: Candidate_531
            Target Position: Software Engineer
            Summary: Experienced professional with 15 years in the tech industry.
            Skills: CI/CD, NumPy, JavaScript
            Education: Bachelor's in Physics
            Experience: 15 years
            Projects: Project_0_531, Project_1_531
            Certifications: AWS Certified"
RES_0532,Candidate_532,Product Manager,"['JavaScript', 'Docker', 'PyTorch', 'PostgreSQL', 'Git', 'Python', 'Node.js']",Master's in Computer Science,3,"['Project_0_532', 'Project_1_532', 'Project_2_532']","['PMP', 'Scrum Master', 'TensorFlow Developer']","Name: Candidate_532
            Target Position: Product Manager
            Summary: Experienced professional with 3 years in the tech industry.
            Skills: JavaScript, Docker, PyTorch, PostgreSQL, Git, Python, Node.js
            Education: Master's in Computer Science
            Experience: 3 years
            Projects: Project_0_532, Project_1_532, Project_2_532
            Certifications: PMP, Scrum Master, TensorFlow Developer"
RES_0533,Candidate_533,Frontend Developer,"['AWS', 'Git', 'TensorFlow', 'NumPy', 'JavaScript', 'Node.js', 'CI/CD', 'REST APIs']",Master's in Physics,2,['Project_0_533'],[],"Name: Candidate_533
            Target Position: Frontend Developer
            Summary: Experienced professional with 2 years in the tech industry.
            Skills: AWS, Git, TensorFlow, NumPy, JavaScript, Node.js, CI/CD, REST APIs
            Education: Master's in Physics
            Experience: 2 years
            Projects: Project_0_533
            Certifications: None"
RES_0534,Candidate_534,System Administrator,"['AWS', 'MongoDB', 'Docker', 'Kubernetes', 'Java', 'Git', 'CI/CD', 'Python']",PhD in Mathematics,2,"['Project_0_534', 'Project_1_534']","['Azure Certified', 'Scrum Master']","Name: Candidate_534
            Target Position: System Administrator
            Summary: Experienced professional with 2 years in the tech industry.
            Skills: AWS, MongoDB, Docker, Kubernetes, Java, Git, CI/CD, Python
            Education: PhD in Mathematics
            Experience: 2 years
            Projects: Project_0_534, Project_1_534
            Certifications: Azure Certified, Scrum Master"
RES_0535,Candidate_535,Machine Learning Engineer,"['Java', 'PyTorch', 'TensorFlow', 'NumPy', 'Agile']",Master's in Statistics,15,"['Project_0_535', 'Project_1_535', 'Project_2_535', 'Project_3_535', 'Project_4_535']","['TensorFlow Developer', 'Google Cloud Certified']","Name: Candidate_535
            Target Position: Machine Learning Engineer
            Summary: Experienced professional with 15 years in the tech industry.
            Skills: Java, PyTorch, TensorFlow, NumPy, Agile
            Education: Master's in Statistics
            Experience: 15 years
            Projects: Project_0_535, Project_1_535, Project_2_535, Project_3_535, Project_4_535
            Certifications: TensorFlow Developer, Google Cloud Certified"
RES_0536,Candidate_536,Data Scientist,"['TensorFlow', 'GraphQL', 'PostgreSQL', 'NumPy', 'Node.js', 'SQL', 'REST APIs']",Master's in Computer Science,14,"['Project_0_536', 'Project_1_536', 'Project_2_536']",[],"Name: Candidate_536
            Target Position: Data Scientist
            Summary: Experienced professional with 14 years in the tech industry.
            Skills: TensorFlow, GraphQL, PostgreSQL, NumPy, Node.js, SQL, REST APIs
            Education: Master's in Computer Science
            Experience: 14 years
            Projects: Project_0_536, Project_1_536, Project_2_536
            Certifications: None"
RES_0537,Candidate_537,Product Manager,"['Python', 'REST APIs', 'CI/CD', 'Node.js']",Master's in Engineering,3,"['Project_0_537', 'Project_1_537', 'Project_2_537', 'Project_3_537', 'Project_4_537']","['Google Cloud Certified', 'Azure Certified']","Name: Candidate_537
            Target Position: Product Manager
            Summary: Experienced professional with 3 years in the tech industry.
            Skills: Python, REST APIs, CI/CD, Node.js
            Education: Master's in Engineering
            Experience: 3 years
            Projects: Project_0_537, Project_1_537, Project_2_537, Project_3_537, Project_4_537
            Certifications: Google Cloud Certified, Azure Certified"
RES_0538,Candidate_538,Business Analyst,"['Docker', 'Agile', 'React', 'TensorFlow', 'CI/CD', 'Python', 'GraphQL']",Bachelor's in Engineering,12,['Project_0_538'],"['Google Cloud Certified', 'AWS Certified', 'PMP']","Name: Candidate_538
            Target Position: Business Analyst
            Summary: Experienced professional with 12 years in the tech industry.
            Skills: Docker, Agile, React, TensorFlow, CI/CD, Python, GraphQL
            Education: Bachelor's in Engineering
            Experience: 12 years
            Projects: Project_0_538
            Certifications: Google Cloud Certified, AWS Certified, PMP"
RES_0539,Candidate_539,Backend Developer,"['PyTorch', 'AWS', 'REST APIs', 'Node.js', 'TensorFlow', 'JavaScript', 'Git']",Bachelor's in Physics,13,['Project_0_539'],"['Scrum Master', 'Google Cloud Certified', 'TensorFlow Developer']","Name: Candidate_539
            Target Position: Backend Developer
            Summary: Experienced professional with 13 years in the tech industry.
            Skills: PyTorch, AWS, REST APIs, Node.js, TensorFlow, JavaScript, Git
            Education: Bachelor's in Physics
            Experience: 13 years
            Projects: Project_0_539
            Certifications: Scrum Master, Google Cloud Certified, TensorFlow Developer"
RES_0540,Candidate_540,Backend Developer,"['MongoDB', 'Java', 'REST APIs', 'JavaScript']",Bachelor's in Engineering,7,"['Project_0_540', 'Project_1_540']",['PMP'],"Name: Candidate_540
            Target Position: Backend Developer
            Summary: Experienced professional with 7 years in the tech industry.
            Skills: MongoDB, Java, REST APIs, JavaScript
            Education: Bachelor's in Engineering
            Experience: 7 years
            Projects: Project_0_540, Project_1_540
            Certifications: PMP"
RES_0541,Candidate_541,Frontend Developer,"['AWS', 'TensorFlow', 'CI/CD']",Bachelor's in Mathematics,7,"['Project_0_541', 'Project_1_541', 'Project_2_541', 'Project_3_541']",[],"Name: Candidate_541
            Target Position: Frontend Developer
            Summary: Experienced professional with 7 years in the tech industry.
            Skills: AWS, TensorFlow, CI/CD
            Education: Bachelor's in Mathematics
            Experience: 7 years
            Projects: Project_0_541, Project_1_541, Project_2_541, Project_3_541
            Certifications: None"
RES_0542,Candidate_542,Business Analyst,"['PyTorch', 'Kubernetes', 'TensorFlow', 'AWS']",PhD in Engineering,11,"['Project_0_542', 'Project_1_542', 'Project_2_542', 'Project_3_542']","['TensorFlow Developer', 'Scrum Master', 'Google Cloud Certified']","Name: Candidate_542
            Target Position: Business Analyst
            Summary: Experienced professional with 11 years in the tech industry.
            Skills: PyTorch, Kubernetes, TensorFlow, AWS
            Education: PhD in Engineering
            Experience: 11 years
            Projects: Project_0_542, Project_1_542, Project_2_542, Project_3_542
            Certifications: TensorFlow Developer, Scrum Master, Google Cloud Certified"
RES_0543,Candidate_543,System Administrator,"['PyTorch', 'PostgreSQL', 'React', 'NumPy', 'Node.js', 'Python']",Master's in Statistics,5,"['Project_0_543', 'Project_1_543', 'Project_2_543', 'Project_3_543', 'Project_4_543']",[],"Name: Candidate_543
            Target Position: System Administrator
            Summary: Experienced professional with 5 years in the tech industry.
            Skills: PyTorch, PostgreSQL, React, NumPy, Node.js, Python
            Education: Master's in Statistics
            Experience: 5 years
            Projects: Project_0_543, Project_1_543, Project_2_543, Project_3_543, Project_4_543
            Certifications: None"
RES_0544,Candidate_544,Frontend Developer,"['PostgreSQL', 'MongoDB', 'AWS']",Bachelor's in Physics,1,['Project_0_544'],[],"Name: Candidate_544
            Target Position: Frontend Developer
            Summary: Experienced professional with 1 years in the tech industry.
            Skills: PostgreSQL, MongoDB, AWS
            Education: Bachelor's in Physics
            Experience: 1 years
            Projects: Project_0_544
            Certifications: None"
RES_0545,Candidate_545,Business Analyst,"['CI/CD', 'Java', 'Agile', 'JavaScript', 'REST APIs']",Master's in Physics,12,"['Project_0_545', 'Project_1_545', 'Project_2_545']",['Scrum Master'],"Name: Candidate_545
            Target Position: Business Analyst
            Summary: Experienced professional with 12 years in the tech industry.
            Skills: CI/CD, Java, Agile, JavaScript, REST APIs
            Education: Master's in Physics
            Experience: 12 years
            Projects: Project_0_545, Project_1_545, Project_2_545
            Certifications: Scrum Master"
RES_0546,Candidate_546,Product Manager,"['PyTorch', 'Java', 'JavaScript', 'TensorFlow', 'Pandas', 'Agile', 'PostgreSQL', 'NumPy']",Master's in Physics,13,"['Project_0_546', 'Project_1_546']",[],"Name: Candidate_546
            Target Position: Product Manager
            Summary: Experienced professional with 13 years in the tech industry.
            Skills: PyTorch, Java, JavaScript, TensorFlow, Pandas, Agile, PostgreSQL, NumPy
            Education: Master's in Physics
            Experience: 13 years
            Projects: Project_0_546, Project_1_546
            Certifications: None"
RES_0547,Candidate_547,Product Manager,"['Node.js', 'CI/CD', 'Git', 'SQL']",Bachelor's in Physics,15,['Project_0_547'],[],"Name: Candidate_547
            Target Position: Product Manager
            Summary: Experienced professional with 15 years in the tech industry.
            Skills: Node.js, CI/CD, Git, SQL
            Education: Bachelor's in Physics
            Experience: 15 years
            Projects: Project_0_547
            Certifications: None"
RES_0548,Candidate_548,Business Analyst,"['AWS', 'Kubernetes', 'Pandas', 'Docker', 'Python']",Bachelor's in Statistics,6,['Project_0_548'],"['AWS Certified', 'Scrum Master']","Name: Candidate_548
            Target Position: Business Analyst
            Summary: Experienced professional with 6 years in the tech industry.
            Skills: AWS, Kubernetes, Pandas, Docker, Python
            Education: Bachelor's in Statistics
            Experience: 6 years
            Projects: Project_0_548
            Certifications: AWS Certified, Scrum Master"
RES_0549,Candidate_549,UX Designer,"['Java', 'SQL', 'PostgreSQL', 'Kubernetes']",Bachelor's in Engineering,15,"['Project_0_549', 'Project_1_549', 'Project_2_549']",['PMP'],"Name: Candidate_549
            Target Position: UX Designer
            Summary: Experienced professional with 15 years in the tech industry.
            Skills: Java, SQL, PostgreSQL, Kubernetes
            Education: Bachelor's in Engineering
            Experience: 15 years
            Projects: Project_0_549, Project_1_549, Project_2_549
            Certifications: PMP"
RES_0550,Candidate_550,Frontend Developer,"['Pandas', 'Agile', 'CI/CD', 'Kubernetes']",Master's in Mathematics,15,"['Project_0_550', 'Project_1_550']",[],"Name: Candidate_550
            Target Position: Frontend Developer
            Summary: Experienced professional with 15 years in the tech industry.
            Skills: Pandas, Agile, CI/CD, Kubernetes
            Education: Master's in Mathematics
            Experience: 15 years
            Projects: Project_0_550, Project_1_550
            Certifications: None"
RES_0551,Candidate_551,Full Stack Developer,"['PyTorch', 'Agile', 'Java', 'Kubernetes', 'React', 'GraphQL', 'REST APIs']",Bachelor's in Physics,12,"['Project_0_551', 'Project_1_551', 'Project_2_551']",[],"Name: Candidate_551
            Target Position: Full Stack Developer
            Summary: Experienced professional with 12 years in the tech industry.
            Skills: PyTorch, Agile, Java, Kubernetes, React, GraphQL, REST APIs
            Education: Bachelor's in Physics
            Experience: 12 years
            Projects: Project_0_551, Project_1_551, Project_2_551
            Certifications: None"
RES_0552,Candidate_552,Frontend Developer,"['GraphQL', 'Agile', 'PyTorch', 'JavaScript', 'Docker', 'Java', 'NumPy', 'TensorFlow']",Bachelor's in Computer Science,5,"['Project_0_552', 'Project_1_552']","['Scrum Master', 'Azure Certified', 'Google Cloud Certified']","Name: Candidate_552
            Target Position: Frontend Developer
            Summary: Experienced professional with 5 years in the tech industry.
            Skills: GraphQL, Agile, PyTorch, JavaScript, Docker, Java, NumPy, TensorFlow
            Education: Bachelor's in Computer Science
            Experience: 5 years
            Projects: Project_0_552, Project_1_552
            Certifications: Scrum Master, Azure Certified, Google Cloud Certified"
RES_0553,Candidate_553,Backend Developer,"['AWS', 'Pandas', 'NumPy', 'REST APIs', 'Docker', 'Node.js', 'JavaScript']",PhD in Computer Science,8,"['Project_0_553', 'Project_1_553', 'Project_2_553', 'Project_3_553']","['Scrum Master', 'PMP', 'Google Cloud Certified']","Name: Candidate_553
            Target Position: Backend Developer
            Summary: Experienced professional with 8 years in the tech industry.
            Skills: AWS, Pandas, NumPy, REST APIs, Docker, Node.js, JavaScript
            Education: PhD in Computer Science
            Experience: 8 years
            Projects: Project_0_553, Project_1_553, Project_2_553, Project_3_553
            Certifications: Scrum Master, PMP, Google Cloud Certified"
RES_0554,Candidate_554,Product Manager,"['SQL', 'Agile', 'GraphQL', 'PostgreSQL']",Bachelor's in Statistics,7,"['Project_0_554', 'Project_1_554', 'Project_2_554', 'Project_3_554', 'Project_4_554']",[],"Name: Candidate_554
            Target Position: Product Manager
            Summary: Experienced professional with 7 years in the tech industry.
            Skills: SQL, Agile, GraphQL, PostgreSQL
            Education: Bachelor's in Statistics
            Experience: 7 years
            Projects: Project_0_554, Project_1_554, Project_2_554, Project_3_554, Project_4_554
            Certifications: None"
RES_0555,Candidate_555,UX Designer,"['GraphQL', 'Java', 'MongoDB', 'TensorFlow', 'Kubernetes', 'Git', 'SQL', 'NumPy']",Master's in Physics,12,"['Project_0_555', 'Project_1_555', 'Project_2_555']",[],"Name: Candidate_555
            Target Position: UX Designer
            Summary: Experienced professional with 12 years in the tech industry.
            Skills: GraphQL, Java, MongoDB, TensorFlow, Kubernetes, Git, SQL, NumPy
            Education: Master's in Physics
            Experience: 12 years
            Projects: Project_0_555, Project_1_555, Project_2_555
            Certifications: None"
RES_0556,Candidate_556,Data Analyst,"['REST APIs', 'Docker', 'Python']",PhD in Physics,13,"['Project_0_556', 'Project_1_556']",['Scrum Master'],"Name: Candidate_556
            Target Position: Data Analyst
            Summary: Experienced professional with 13 years in the tech industry.
            Skills: REST APIs, Docker, Python
            Education: PhD in Physics
            Experience: 13 years
            Projects: Project_0_556, Project_1_556
            Certifications: Scrum Master"
RES_0557,Candidate_557,Backend Developer,"['JavaScript', 'SQL', 'CI/CD', 'Node.js', 'NumPy']",Bachelor's in Physics,3,"['Project_0_557', 'Project_1_557']","['Google Cloud Certified', 'AWS Certified', 'Scrum Master']","Name: Candidate_557
            Target Position: Backend Developer
            Summary: Experienced professional with 3 years in the tech industry.
            Skills: JavaScript, SQL, CI/CD, Node.js, NumPy
            Education: Bachelor's in Physics
            Experience: 3 years
            Projects: Project_0_557, Project_1_557
            Certifications: Google Cloud Certified, AWS Certified, Scrum Master"
RES_0558,Candidate_558,Data Analyst,"['Python', 'React', 'PyTorch', 'AWS', 'Node.js', 'Agile']",Master's in Statistics,12,"['Project_0_558', 'Project_1_558']",[],"Name: Candidate_558
            Target Position: Data Analyst
            Summary: Experienced professional with 12 years in the tech industry.
            Skills: Python, React, PyTorch, AWS, Node.js, Agile
            Education: Master's in Statistics
            Experience: 12 years
            Projects: Project_0_558, Project_1_558
            Certifications: None"
RES_0559,Candidate_559,UX Designer,"['Pandas', 'SQL', 'Git', 'GraphQL', 'React', 'CI/CD']",PhD in Engineering,4,"['Project_0_559', 'Project_1_559']","['TensorFlow Developer', 'PMP']","Name: Candidate_559
            Target Position: UX Designer
            Summary: Experienced professional with 4 years in the tech industry.
            Skills: Pandas, SQL, Git, GraphQL, React, CI/CD
            Education: PhD in Engineering
            Experience: 4 years
            Projects: Project_0_559, Project_1_559
            Certifications: TensorFlow Developer, PMP"
RES_0560,Candidate_560,Business Analyst,"['AWS', 'Kubernetes', 'Python', 'Pandas', 'GraphQL']",Bachelor's in Mathematics,5,"['Project_0_560', 'Project_1_560', 'Project_2_560', 'Project_3_560']","['PMP', 'Google Cloud Certified', 'Azure Certified']","Name: Candidate_560
            Target Position: Business Analyst
            Summary: Experienced professional with 5 years in the tech industry.
            Skills: AWS, Kubernetes, Python, Pandas, GraphQL
            Education: Bachelor's in Mathematics
            Experience: 5 years
            Projects: Project_0_560, Project_1_560, Project_2_560, Project_3_560
            Certifications: PMP, Google Cloud Certified, Azure Certified"
RES_0561,Candidate_561,Frontend Developer,"['REST APIs', 'GraphQL', 'Node.js', 'Git', 'Kubernetes', 'Pandas']",Bachelor's in Statistics,11,['Project_0_561'],[],"Name: Candidate_561
            Target Position: Frontend Developer
            Summary: Experienced professional with 11 years in the tech industry.
            Skills: REST APIs, GraphQL, Node.js, Git, Kubernetes, Pandas
            Education: Bachelor's in Statistics
            Experience: 11 years
            Projects: Project_0_561
            Certifications: None"
RES_0562,Candidate_562,DevOps Engineer,"['AWS', 'Docker', 'NumPy', 'Pandas', 'JavaScript', 'GraphQL', 'React']",Master's in Engineering,6,['Project_0_562'],[],"Name: Candidate_562
            Target Position: DevOps Engineer
            Summary: Experienced professional with 6 years in the tech industry.
            Skills: AWS, Docker, NumPy, Pandas, JavaScript, GraphQL, React
            Education: Master's in Engineering
            Experience: 6 years
            Projects: Project_0_562
            Certifications: None"
RES_0563,Candidate_563,Full Stack Developer,"['Node.js', 'Git', 'Python', 'React', 'MongoDB', 'AWS', 'NumPy']",PhD in Mathematics,14,"['Project_0_563', 'Project_1_563']",[],"Name: Candidate_563
            Target Position: Full Stack Developer
            Summary: Experienced professional with 14 years in the tech industry.
            Skills: Node.js, Git, Python, React, MongoDB, AWS, NumPy
            Education: PhD in Mathematics
            Experience: 14 years
            Projects: Project_0_563, Project_1_563
            Certifications: None"
RES_0564,Candidate_564,QA Engineer,"['CI/CD', 'TensorFlow', 'Docker', 'NumPy', 'Java', 'Git', 'React', 'GraphQL']",Master's in Statistics,9,"['Project_0_564', 'Project_1_564', 'Project_2_564']","['Google Cloud Certified', 'AWS Certified']","Name: Candidate_564
            Target Position: QA Engineer
            Summary: Experienced professional with 9 years in the tech industry.
            Skills: CI/CD, TensorFlow, Docker, NumPy, Java, Git, React, GraphQL
            Education: Master's in Statistics
            Experience: 9 years
            Projects: Project_0_564, Project_1_564, Project_2_564
            Certifications: Google Cloud Certified, AWS Certified"
RES_0565,Candidate_565,QA Engineer,"['TensorFlow', 'Pandas', 'PostgreSQL', 'React']",Master's in Computer Science,8,"['Project_0_565', 'Project_1_565', 'Project_2_565', 'Project_3_565', 'Project_4_565']","['Scrum Master', 'AWS Certified']","Name: Candidate_565
            Target Position: QA Engineer
            Summary: Experienced professional with 8 years in the tech industry.
            Skills: TensorFlow, Pandas, PostgreSQL, React
            Education: Master's in Computer Science
            Experience: 8 years
            Projects: Project_0_565, Project_1_565, Project_2_565, Project_3_565, Project_4_565
            Certifications: Scrum Master, AWS Certified"
RES_0566,Candidate_566,Data Analyst,"['Agile', 'Node.js', 'PyTorch', 'Java', 'React', 'GraphQL', 'Kubernetes']",Master's in Physics,12,['Project_0_566'],['PMP'],"Name: Candidate_566
            Target Position: Data Analyst
            Summary: Experienced professional with 12 years in the tech industry.
            Skills: Agile, Node.js, PyTorch, Java, React, GraphQL, Kubernetes
            Education: Master's in Physics
            Experience: 12 years
            Projects: Project_0_566
            Certifications: PMP"
RES_0567,Candidate_567,Data Scientist,"['Pandas', 'REST APIs', 'MongoDB', 'Docker', 'Node.js', 'Git', 'GraphQL']",PhD in Statistics,15,['Project_0_567'],"['Google Cloud Certified', 'Azure Certified']","Name: Candidate_567
            Target Position: Data Scientist
            Summary: Experienced professional with 15 years in the tech industry.
            Skills: Pandas, REST APIs, MongoDB, Docker, Node.js, Git, GraphQL
            Education: PhD in Statistics
            Experience: 15 years
            Projects: Project_0_567
            Certifications: Google Cloud Certified, Azure Certified"
RES_0568,Candidate_568,UX Designer,"['Kubernetes', 'Python', 'REST APIs', 'SQL', 'PostgreSQL', 'Git', 'Java']",Bachelor's in Computer Science,9,['Project_0_568'],['AWS Certified'],"Name: Candidate_568
            Target Position: UX Designer
            Summary: Experienced professional with 9 years in the tech industry.
            Skills: Kubernetes, Python, REST APIs, SQL, PostgreSQL, Git, Java
            Education: Bachelor's in Computer Science
            Experience: 9 years
            Projects: Project_0_568
            Certifications: AWS Certified"
RES_0569,Candidate_569,Business Analyst,"['Git', 'PostgreSQL', 'Node.js']",Master's in Physics,7,"['Project_0_569', 'Project_1_569', 'Project_2_569']","['Scrum Master', 'TensorFlow Developer', 'PMP']","Name: Candidate_569
            Target Position: Business Analyst
            Summary: Experienced professional with 7 years in the tech industry.
            Skills: Git, PostgreSQL, Node.js
            Education: Master's in Physics
            Experience: 7 years
            Projects: Project_0_569, Project_1_569, Project_2_569
            Certifications: Scrum Master, TensorFlow Developer, PMP"
RES_0570,Candidate_570,Machine Learning Engineer,"['SQL', 'React', 'REST APIs', 'PostgreSQL', 'Docker', 'Kubernetes']",PhD in Physics,11,"['Project_0_570', 'Project_1_570', 'Project_2_570', 'Project_3_570']","['Google Cloud Certified', 'PMP', 'Scrum Master']","Name: Candidate_570
            Target Position: Machine Learning Engineer
            Summary: Experienced professional with 11 years in the tech industry.
            Skills: SQL, React, REST APIs, PostgreSQL, Docker, Kubernetes
            Education: PhD in Physics
            Experience: 11 years
            Projects: Project_0_570, Project_1_570, Project_2_570, Project_3_570
            Certifications: Google Cloud Certified, PMP, Scrum Master"
RES_0571,Candidate_571,Data Scientist,"['TensorFlow', 'PyTorch', 'AWS', 'Java']",Bachelor's in Computer Science,12,['Project_0_571'],"['AWS Certified', 'Azure Certified']","Name: Candidate_571
            Target Position: Data Scientist
            Summary: Experienced professional with 12 years in the tech industry.
            Skills: TensorFlow, PyTorch, AWS, Java
            Education: Bachelor's in Computer Science
            Experience: 12 years
            Projects: Project_0_571
            Certifications: AWS Certified, Azure Certified"
RES_0572,Candidate_572,UX Designer,"['Node.js', 'SQL', 'Java', 'CI/CD']",PhD in Engineering,14,['Project_0_572'],['Scrum Master'],"Name: Candidate_572
            Target Position: UX Designer
            Summary: Experienced professional with 14 years in the tech industry.
            Skills: Node.js, SQL, Java, CI/CD
            Education: PhD in Engineering
            Experience: 14 years
            Projects: Project_0_572
            Certifications: Scrum Master"
RES_0573,Candidate_573,System Administrator,"['REST APIs', 'Docker', 'Java']",Bachelor's in Engineering,7,['Project_0_573'],['Azure Certified'],"Name: Candidate_573
            Target Position: System Administrator
            Summary: Experienced professional with 7 years in the tech industry.
            Skills: REST APIs, Docker, Java
            Education: Bachelor's in Engineering
            Experience: 7 years
            Projects: Project_0_573
            Certifications: Azure Certified"
RES_0574,Candidate_574,Data Scientist,"['NumPy', 'Agile', 'Node.js', 'REST APIs']",Bachelor's in Computer Science,8,"['Project_0_574', 'Project_1_574', 'Project_2_574']",['AWS Certified'],"Name: Candidate_574
            Target Position: Data Scientist
            Summary: Experienced professional with 8 years in the tech industry.
            Skills: NumPy, Agile, Node.js, REST APIs
            Education: Bachelor's in Computer Science
            Experience: 8 years
            Projects: Project_0_574, Project_1_574, Project_2_574
            Certifications: AWS Certified"
RES_0575,Candidate_575,Software Engineer,"['SQL', 'React', 'Agile', 'Java']",Bachelor's in Engineering,8,"['Project_0_575', 'Project_1_575', 'Project_2_575']",['PMP'],"Name: Candidate_575
            Target Position: Software Engineer
            Summary: Experienced professional with 8 years in the tech industry.
            Skills: SQL, React, Agile, Java
            Education: Bachelor's in Engineering
            Experience: 8 years
            Projects: Project_0_575, Project_1_575, Project_2_575
            Certifications: PMP"
RES_0576,Candidate_576,Backend Developer,"['Pandas', 'SQL', 'TensorFlow', 'NumPy', 'CI/CD']",Bachelor's in Computer Science,6,['Project_0_576'],[],"Name: Candidate_576
            Target Position: Backend Developer
            Summary: Experienced professional with 6 years in the tech industry.
            Skills: Pandas, SQL, TensorFlow, NumPy, CI/CD
            Education: Bachelor's in Computer Science
            Experience: 6 years
            Projects: Project_0_576
            Certifications: None"
RES_0577,Candidate_577,Business Analyst,"['Python', 'Git', 'AWS', 'React', 'Agile', 'Pandas', 'Kubernetes', 'CI/CD']",Master's in Engineering,1,"['Project_0_577', 'Project_1_577', 'Project_2_577']",[],"Name: Candidate_577
            Target Position: Business Analyst
            Summary: Experienced professional with 1 years in the tech industry.
            Skills: Python, Git, AWS, React, Agile, Pandas, Kubernetes, CI/CD
            Education: Master's in Engineering
            Experience: 1 years
            Projects: Project_0_577, Project_1_577, Project_2_577
            Certifications: None"
RES_0578,Candidate_578,Data Analyst,"['NumPy', 'Pandas', 'JavaScript', 'AWS', 'SQL', 'GraphQL', 'React']",PhD in Physics,14,"['Project_0_578', 'Project_1_578', 'Project_2_578', 'Project_3_578']","['Google Cloud Certified', 'AWS Certified']","Name: Candidate_578
            Target Position: Data Analyst
            Summary: Experienced professional with 14 years in the tech industry.
            Skills: NumPy, Pandas, JavaScript, AWS, SQL, GraphQL, React
            Education: PhD in Physics
            Experience: 14 years
            Projects: Project_0_578, Project_1_578, Project_2_578, Project_3_578
            Certifications: Google Cloud Certified, AWS Certified"
RES_0579,Candidate_579,QA Engineer,"['Agile', 'PyTorch', 'REST APIs']",Master's in Physics,15,"['Project_0_579', 'Project_1_579', 'Project_2_579', 'Project_3_579']",[],"Name: Candidate_579
            Target Position: QA Engineer
            Summary: Experienced professional with 15 years in the tech industry.
            Skills: Agile, PyTorch, REST APIs
            Education: Master's in Physics
            Experience: 15 years
            Projects: Project_0_579, Project_1_579, Project_2_579, Project_3_579
            Certifications: None"
RES_0580,Candidate_580,Frontend Developer,"['Git', 'AWS', 'PostgreSQL', 'Docker']",Bachelor's in Mathematics,1,"['Project_0_580', 'Project_1_580']",[],"Name: Candidate_580
            Target Position: Frontend Developer
            Summary: Experienced professional with 1 years in the tech industry.
            Skills: Git, AWS, PostgreSQL, Docker
            Education: Bachelor's in Mathematics
            Experience: 1 years
            Projects: Project_0_580, Project_1_580
            Certifications: None"
RES_0581,Candidate_581,Backend Developer,"['Git', 'React', 'CI/CD', 'GraphQL', 'Python', 'Pandas', 'PyTorch']",PhD in Mathematics,12,"['Project_0_581', 'Project_1_581', 'Project_2_581', 'Project_3_581']",[],"Name: Candidate_581
            Target Position: Backend Developer
            Summary: Experienced professional with 12 years in the tech industry.
            Skills: Git, React, CI/CD, GraphQL, Python, Pandas, PyTorch
            Education: PhD in Mathematics
            Experience: 12 years
            Projects: Project_0_581, Project_1_581, Project_2_581, Project_3_581
            Certifications: None"
RES_0582,Candidate_582,System Administrator,"['AWS', 'REST APIs', 'CI/CD', 'Python', 'MongoDB', 'JavaScript', 'PostgreSQL', 'Node.js']",PhD in Computer Science,1,"['Project_0_582', 'Project_1_582', 'Project_2_582', 'Project_3_582', 'Project_4_582']","['Google Cloud Certified', 'TensorFlow Developer']","Name: Candidate_582
            Target Position: System Administrator
            Summary: Experienced professional with 1 years in the tech industry.
            Skills: AWS, REST APIs, CI/CD, Python, MongoDB, JavaScript, PostgreSQL, Node.js
            Education: PhD in Computer Science
            Experience: 1 years
            Projects: Project_0_582, Project_1_582, Project_2_582, Project_3_582, Project_4_582
            Certifications: Google Cloud Certified, TensorFlow Developer"
RES_0583,Candidate_583,Machine Learning Engineer,"['Docker', 'Agile', 'Node.js', 'AWS', 'PyTorch', 'CI/CD', 'MongoDB', 'Git']",Bachelor's in Physics,15,"['Project_0_583', 'Project_1_583']","['Scrum Master', 'PMP', 'AWS Certified']","Name: Candidate_583
            Target Position: Machine Learning Engineer
            Summary: Experienced professional with 15 years in the tech industry.
            Skills: Docker, Agile, Node.js, AWS, PyTorch, CI/CD, MongoDB, Git
            Education: Bachelor's in Physics
            Experience: 15 years
            Projects: Project_0_583, Project_1_583
            Certifications: Scrum Master, PMP, AWS Certified"
RES_0584,Candidate_584,System Administrator,"['Agile', 'TensorFlow', 'Python', 'NumPy', 'React']",PhD in Statistics,4,"['Project_0_584', 'Project_1_584']",[],"Name: Candidate_584
            Target Position: System Administrator
            Summary: Experienced professional with 4 years in the tech industry.
            Skills: Agile, TensorFlow, Python, NumPy, React
            Education: PhD in Statistics
            Experience: 4 years
            Projects: Project_0_584, Project_1_584
            Certifications: None"
RES_0585,Candidate_585,Backend Developer,"['React', 'JavaScript', 'PostgreSQL', 'NumPy', 'Java']",Bachelor's in Statistics,6,"['Project_0_585', 'Project_1_585', 'Project_2_585', 'Project_3_585']","['Azure Certified', 'Google Cloud Certified', 'AWS Certified']","Name: Candidate_585
            Target Position: Backend Developer
            Summary: Experienced professional with 6 years in the tech industry.
            Skills: React, JavaScript, PostgreSQL, NumPy, Java
            Education: Bachelor's in Statistics
            Experience: 6 years
            Projects: Project_0_585, Project_1_585, Project_2_585, Project_3_585
            Certifications: Azure Certified, Google Cloud Certified, AWS Certified"
RES_0586,Candidate_586,Machine Learning Engineer,"['PyTorch', 'GraphQL', 'Node.js', 'Kubernetes']",Master's in Statistics,15,"['Project_0_586', 'Project_1_586']",[],"Name: Candidate_586
            Target Position: Machine Learning Engineer
            Summary: Experienced professional with 15 years in the tech industry.
            Skills: PyTorch, GraphQL, Node.js, Kubernetes
            Education: Master's in Statistics
            Experience: 15 years
            Projects: Project_0_586, Project_1_586
            Certifications: None"
RES_0587,Candidate_587,Data Scientist,"['Node.js', 'AWS', 'GraphQL', 'Pandas', 'CI/CD', 'TensorFlow']",PhD in Engineering,0,"['Project_0_587', 'Project_1_587']","['Google Cloud Certified', 'Azure Certified']","Name: Candidate_587
            Target Position: Data Scientist
            Summary: Experienced professional with 0 years in the tech industry.
            Skills: Node.js, AWS, GraphQL, Pandas, CI/CD, TensorFlow
            Education: PhD in Engineering
            Experience: 0 years
            Projects: Project_0_587, Project_1_587
            Certifications: Google Cloud Certified, Azure Certified"
RES_0588,Candidate_588,Data Analyst,"['React', 'PostgreSQL', 'Python', 'PyTorch', 'CI/CD', 'REST APIs']",Bachelor's in Statistics,9,"['Project_0_588', 'Project_1_588', 'Project_2_588']","['AWS Certified', 'Azure Certified']","Name: Candidate_588
            Target Position: Data Analyst
            Summary: Experienced professional with 9 years in the tech industry.
            Skills: React, PostgreSQL, Python, PyTorch, CI/CD, REST APIs
            Education: Bachelor's in Statistics
            Experience: 9 years
            Projects: Project_0_588, Project_1_588, Project_2_588
            Certifications: AWS Certified, Azure Certified"
RES_0589,Candidate_589,Data Analyst,"['REST APIs', 'TensorFlow', 'MongoDB', 'Pandas', 'Git', 'Agile', 'SQL']",Bachelor's in Physics,9,"['Project_0_589', 'Project_1_589']","['AWS Certified', 'PMP', 'Google Cloud Certified']","Name: Candidate_589
            Target Position: Data Analyst
            Summary: Experienced professional with 9 years in the tech industry.
            Skills: REST APIs, TensorFlow, MongoDB, Pandas, Git, Agile, SQL
            Education: Bachelor's in Physics
            Experience: 9 years
            Projects: Project_0_589, Project_1_589
            Certifications: AWS Certified, PMP, Google Cloud Certified"
RES_0590,Candidate_590,Full Stack Developer,"['PostgreSQL', 'Pandas', 'Docker', 'PyTorch', 'AWS']",Master's in Physics,0,"['Project_0_590', 'Project_1_590', 'Project_2_590', 'Project_3_590', 'Project_4_590']",[],"Name: Candidate_590
            Target Position: Full Stack Developer
            Summary: Experienced professional with 0 years in the tech industry.
            Skills: PostgreSQL, Pandas, Docker, PyTorch, AWS
            Education: Master's in Physics
            Experience: 0 years
            Projects: Project_0_590, Project_1_590, Project_2_590, Project_3_590, Project_4_590
            Certifications: None"
RES_0591,Candidate_591,Data Scientist,"['MongoDB', 'GraphQL', 'Git']",Master's in Computer Science,13,['Project_0_591'],[],"Name: Candidate_591
            Target Position: Data Scientist
            Summary: Experienced professional with 13 years in the tech industry.
            Skills: MongoDB, GraphQL, Git
            Education: Master's in Computer Science
            Experience: 13 years
            Projects: Project_0_591
            Certifications: None"
RES_0592,Candidate_592,Product Manager,"['PostgreSQL', 'Java', 'Agile', 'NumPy', 'CI/CD', 'TensorFlow', 'REST APIs', 'MongoDB']",PhD in Physics,4,"['Project_0_592', 'Project_1_592']",[],"Name: Candidate_592
            Target Position: Product Manager
            Summary: Experienced professional with 4 years in the tech industry.
            Skills: PostgreSQL, Java, Agile, NumPy, CI/CD, TensorFlow, REST APIs, MongoDB
            Education: PhD in Physics
            Experience: 4 years
            Projects: Project_0_592, Project_1_592
            Certifications: None"
RES_0593,Candidate_593,Frontend Developer,"['TensorFlow', 'Python', 'GraphQL', 'Agile', 'NumPy', 'Node.js']",Bachelor's in Computer Science,2,"['Project_0_593', 'Project_1_593']",[],"Name: Candidate_593
            Target Position: Frontend Developer
            Summary: Experienced professional with 2 years in the tech industry.
            Skills: TensorFlow, Python, GraphQL, Agile, NumPy, Node.js
            Education: Bachelor's in Computer Science
            Experience: 2 years
            Projects: Project_0_593, Project_1_593
            Certifications: None"
RES_0594,Candidate_594,QA Engineer,"['AWS', 'React', 'CI/CD', 'Docker', 'Node.js']",Master's in Engineering,9,"['Project_0_594', 'Project_1_594', 'Project_2_594', 'Project_3_594', 'Project_4_594']",[],"Name: Candidate_594
            Target Position: QA Engineer
            Summary: Experienced professional with 9 years in the tech industry.
            Skills: AWS, React, CI/CD, Docker, Node.js
            Education: Master's in Engineering
            Experience: 9 years
            Projects: Project_0_594, Project_1_594, Project_2_594, Project_3_594, Project_4_594
            Certifications: None"
RES_0595,Candidate_595,Machine Learning Engineer,"['MongoDB', 'AWS', 'JavaScript', 'Pandas', 'Node.js', 'GraphQL', 'Kubernetes']",PhD in Statistics,3,"['Project_0_595', 'Project_1_595', 'Project_2_595']",['Google Cloud Certified'],"Name: Candidate_595
            Target Position: Machine Learning Engineer
            Summary: Experienced professional with 3 years in the tech industry.
            Skills: MongoDB, AWS, JavaScript, Pandas, Node.js, GraphQL, Kubernetes
            Education: PhD in Statistics
            Experience: 3 years
            Projects: Project_0_595, Project_1_595, Project_2_595
            Certifications: Google Cloud Certified"
RES_0596,Candidate_596,System Administrator,"['Git', 'Docker', 'PostgreSQL', 'Kubernetes', 'CI/CD', 'TensorFlow', 'AWS']",Bachelor's in Mathematics,6,"['Project_0_596', 'Project_1_596']",[],"Name: Candidate_596
            Target Position: System Administrator
            Summary: Experienced professional with 6 years in the tech industry.
            Skills: Git, Docker, PostgreSQL, Kubernetes, CI/CD, TensorFlow, AWS
            Education: Bachelor's in Mathematics
            Experience: 6 years
            Projects: Project_0_596, Project_1_596
            Certifications: None"
RES_0597,Candidate_597,Full Stack Developer,"['TensorFlow', 'PyTorch', 'REST APIs', 'Java', 'GraphQL', 'PostgreSQL']",Master's in Statistics,5,"['Project_0_597', 'Project_1_597', 'Project_2_597']",['PMP'],"Name: Candidate_597
            Target Position: Full Stack Developer
            Summary: Experienced professional with 5 years in the tech industry.
            Skills: TensorFlow, PyTorch, REST APIs, Java, GraphQL, PostgreSQL
            Education: Master's in Statistics
            Experience: 5 years
            Projects: Project_0_597, Project_1_597, Project_2_597
            Certifications: PMP"
RES_0598,Candidate_598,DevOps Engineer,"['PyTorch', 'Agile', 'React', 'Python', 'JavaScript', 'GraphQL', 'Java']",Bachelor's in Statistics,7,"['Project_0_598', 'Project_1_598', 'Project_2_598', 'Project_3_598']","['TensorFlow Developer', 'Scrum Master']","Name: Candidate_598
            Target Position: DevOps Engineer
            Summary: Experienced professional with 7 years in the tech industry.
            Skills: PyTorch, Agile, React, Python, JavaScript, GraphQL, Java
            Education: Bachelor's in Statistics
            Experience: 7 years
            Projects: Project_0_598, Project_1_598, Project_2_598, Project_3_598
            Certifications: TensorFlow Developer, Scrum Master"
RES_0599,Candidate_599,Business Analyst,"['Node.js', 'Git', 'TensorFlow', 'GraphQL', 'Pandas', 'PostgreSQL', 'Python', 'Java']",PhD in Engineering,5,"['Project_0_599', 'Project_1_599', 'Project_2_599']",['Scrum Master'],"Name: Candidate_599
            Target Position: Business Analyst
            Summary: Experienced professional with 5 years in the tech industry.
            Skills: Node.js, Git, TensorFlow, GraphQL, Pandas, PostgreSQL, Python, Java
            Education: PhD in Engineering
            Experience: 5 years
            Projects: Project_0_599, Project_1_599, Project_2_599
            Certifications: Scrum Master"
RES_0600,Candidate_600,Frontend Developer,"['Agile', 'PyTorch', 'React', 'Java', 'Pandas', 'GraphQL', 'NumPy', 'SQL']",PhD in Engineering,8,"['Project_0_600', 'Project_1_600', 'Project_2_600', 'Project_3_600']",[],"Name: Candidate_600
            Target Position: Frontend Developer
            Summary: Experienced professional with 8 years in the tech industry.
            Skills: Agile, PyTorch, React, Java, Pandas, GraphQL, NumPy, SQL
            Education: PhD in Engineering
            Experience: 8 years
            Projects: Project_0_600, Project_1_600, Project_2_600, Project_3_600
            Certifications: None"
RES_0601,Candidate_601,Data Scientist,"['Git', 'AWS', 'Python']",Master's in Mathematics,1,"['Project_0_601', 'Project_1_601']",[],"Name: Candidate_601
            Target Position: Data Scientist
            Summary: Experienced professional with 1 years in the tech industry.
            Skills: Git, AWS, Python
            Education: Master's in Mathematics
            Experience: 1 years
            Projects: Project_0_601, Project_1_601
            Certifications: None"
RES_0602,Candidate_602,Product Manager,"['NumPy', 'Agile', 'Kubernetes', 'Docker', 'AWS', 'CI/CD', 'TensorFlow', 'Node.js']",PhD in Mathematics,4,['Project_0_602'],"['TensorFlow Developer', 'Scrum Master', 'AWS Certified']","Name: Candidate_602
            Target Position: Product Manager
            Summary: Experienced professional with 4 years in the tech industry.
            Skills: NumPy, Agile, Kubernetes, Docker, AWS, CI/CD, TensorFlow, Node.js
            Education: PhD in Mathematics
            Experience: 4 years
            Projects: Project_0_602
            Certifications: TensorFlow Developer, Scrum Master, AWS Certified"
RES_0603,Candidate_603,System Administrator,"['CI/CD', 'Docker', 'MongoDB', 'React', 'Java', 'PostgreSQL', 'JavaScript']",Master's in Statistics,11,"['Project_0_603', 'Project_1_603', 'Project_2_603']","['Google Cloud Certified', 'TensorFlow Developer']","Name: Candidate_603
            Target Position: System Administrator
            Summary: Experienced professional with 11 years in the tech industry.
            Skills: CI/CD, Docker, MongoDB, React, Java, PostgreSQL, JavaScript
            Education: Master's in Statistics
            Experience: 11 years
            Projects: Project_0_603, Project_1_603, Project_2_603
            Certifications: Google Cloud Certified, TensorFlow Developer"
RES_0604,Candidate_604,DevOps Engineer,"['NumPy', 'Java', 'React', 'JavaScript']",Master's in Computer Science,11,['Project_0_604'],[],"Name: Candidate_604
            Target Position: DevOps Engineer
            Summary: Experienced professional with 11 years in the tech industry.
            Skills: NumPy, Java, React, JavaScript
            Education: Master's in Computer Science
            Experience: 11 years
            Projects: Project_0_604
            Certifications: None"
RES_0605,Candidate_605,Full Stack Developer,"['TensorFlow', 'Docker', 'Node.js', 'SQL', 'Agile']",Bachelor's in Mathematics,8,"['Project_0_605', 'Project_1_605', 'Project_2_605']","['Google Cloud Certified', 'Azure Certified']","Name: Candidate_605
            Target Position: Full Stack Developer
            Summary: Experienced professional with 8 years in the tech industry.
            Skills: TensorFlow, Docker, Node.js, SQL, Agile
            Education: Bachelor's in Mathematics
            Experience: 8 years
            Projects: Project_0_605, Project_1_605, Project_2_605
            Certifications: Google Cloud Certified, Azure Certified"
RES_0606,Candidate_606,QA Engineer,"['Kubernetes', 'Git', 'MongoDB', 'Pandas']",Master's in Computer Science,10,"['Project_0_606', 'Project_1_606', 'Project_2_606', 'Project_3_606', 'Project_4_606']",[],"Name: Candidate_606
            Target Position: QA Engineer
            Summary: Experienced professional with 10 years in the tech industry.
            Skills: Kubernetes, Git, MongoDB, Pandas
            Education: Master's in Computer Science
            Experience: 10 years
            Projects: Project_0_606, Project_1_606, Project_2_606, Project_3_606, Project_4_606
            Certifications: None"
RES_0607,Candidate_607,Machine Learning Engineer,"['Node.js', 'PostgreSQL', 'TensorFlow', 'REST APIs', 'React', 'CI/CD', 'Git']",Bachelor's in Engineering,5,"['Project_0_607', 'Project_1_607', 'Project_2_607', 'Project_3_607', 'Project_4_607']","['PMP', 'Scrum Master', 'Azure Certified']","Name: Candidate_607
            Target Position: Machine Learning Engineer
            Summary: Experienced professional with 5 years in the tech industry.
            Skills: Node.js, PostgreSQL, TensorFlow, REST APIs, React, CI/CD, Git
            Education: Bachelor's in Engineering
            Experience: 5 years
            Projects: Project_0_607, Project_1_607, Project_2_607, Project_3_607, Project_4_607
            Certifications: PMP, Scrum Master, Azure Certified"
RES_0608,Candidate_608,Business Analyst,"['Agile', 'Java', 'JavaScript', 'GraphQL']",Master's in Engineering,12,['Project_0_608'],[],"Name: Candidate_608
            Target Position: Business Analyst
            Summary: Experienced professional with 12 years in the tech industry.
            Skills: Agile, Java, JavaScript, GraphQL
            Education: Master's in Engineering
            Experience: 12 years
            Projects: Project_0_608
            Certifications: None"
RES_0609,Candidate_609,System Administrator,"['Kubernetes', 'PyTorch', 'REST APIs', 'SQL', 'NumPy']",Master's in Computer Science,5,"['Project_0_609', 'Project_1_609', 'Project_2_609']",[],"Name: Candidate_609
            Target Position: System Administrator
            Summary: Experienced professional with 5 years in the tech industry.
            Skills: Kubernetes, PyTorch, REST APIs, SQL, NumPy
            Education: Master's in Computer Science
            Experience: 5 years
            Projects: Project_0_609, Project_1_609, Project_2_609
            Certifications: None"
RES_0610,Candidate_610,QA Engineer,"['Docker', 'Node.js', 'Agile']",PhD in Physics,14,"['Project_0_610', 'Project_1_610', 'Project_2_610', 'Project_3_610']","['TensorFlow Developer', 'PMP']","Name: Candidate_610
            Target Position: QA Engineer
            Summary: Experienced professional with 14 years in the tech industry.
            Skills: Docker, Node.js, Agile
            Education: PhD in Physics
            Experience: 14 years
            Projects: Project_0_610, Project_1_610, Project_2_610, Project_3_610
            Certifications: TensorFlow Developer, PMP"
RES_0611,Candidate_611,Data Analyst,"['CI/CD', 'Pandas', 'SQL', 'AWS', 'Agile', 'NumPy', 'Docker', 'Kubernetes']",Bachelor's in Statistics,13,['Project_0_611'],[],"Name: Candidate_611
            Target Position: Data Analyst
            Summary: Experienced professional with 13 years in the tech industry.
            Skills: CI/CD, Pandas, SQL, AWS, Agile, NumPy, Docker, Kubernetes
            Education: Bachelor's in Statistics
            Experience: 13 years
            Projects: Project_0_611
            Certifications: None"
RES_0612,Candidate_612,Machine Learning Engineer,"['Docker', 'NumPy', 'Node.js', 'Pandas', 'AWS', 'PyTorch', 'PostgreSQL']",PhD in Statistics,15,['Project_0_612'],['Scrum Master'],"Name: Candidate_612
            Target Position: Machine Learning Engineer
            Summary: Experienced professional with 15 years in the tech industry.
            Skills: Docker, NumPy, Node.js, Pandas, AWS, PyTorch, PostgreSQL
            Education: PhD in Statistics
            Experience: 15 years
            Projects: Project_0_612
            Certifications: Scrum Master"
RES_0613,Candidate_613,Data Analyst,"['REST APIs', 'Python', 'GraphQL', 'React', 'Git', 'PyTorch']",PhD in Statistics,8,"['Project_0_613', 'Project_1_613', 'Project_2_613', 'Project_3_613']","['PMP', 'Azure Certified']","Name: Candidate_613
            Target Position: Data Analyst
            Summary: Experienced professional with 8 years in the tech industry.
            Skills: REST APIs, Python, GraphQL, React, Git, PyTorch
            Education: PhD in Statistics
            Experience: 8 years
            Projects: Project_0_613, Project_1_613, Project_2_613, Project_3_613
            Certifications: PMP, Azure Certified"
RES_0614,Candidate_614,Backend Developer,"['SQL', 'NumPy', 'Java', 'PostgreSQL', 'Kubernetes', 'AWS']",Master's in Engineering,3,"['Project_0_614', 'Project_1_614', 'Project_2_614', 'Project_3_614']","['Google Cloud Certified', 'Azure Certified']","Name: Candidate_614
            Target Position: Backend Developer
            Summary: Experienced professional with 3 years in the tech industry.
            Skills: SQL, NumPy, Java, PostgreSQL, Kubernetes, AWS
            Education: Master's in Engineering
            Experience: 3 years
            Projects: Project_0_614, Project_1_614, Project_2_614, Project_3_614
            Certifications: Google Cloud Certified, Azure Certified"
RES_0615,Candidate_615,DevOps Engineer,"['MongoDB', 'Python', 'Pandas', 'JavaScript', 'AWS']",PhD in Statistics,4,"['Project_0_615', 'Project_1_615', 'Project_2_615', 'Project_3_615']","['Scrum Master', 'AWS Certified']","Name: Candidate_615
            Target Position: DevOps Engineer
            Summary: Experienced professional with 4 years in the tech industry.
            Skills: MongoDB, Python, Pandas, JavaScript, AWS
            Education: PhD in Statistics
            Experience: 4 years
            Projects: Project_0_615, Project_1_615, Project_2_615, Project_3_615
            Certifications: Scrum Master, AWS Certified"
RES_0616,Candidate_616,Frontend Developer,"['Git', 'MongoDB', 'Java', 'PyTorch', 'Node.js', 'React', 'GraphQL']",Bachelor's in Engineering,0,"['Project_0_616', 'Project_1_616', 'Project_2_616']",[],"Name: Candidate_616
            Target Position: Frontend Developer
            Summary: Experienced professional with 0 years in the tech industry.
            Skills: Git, MongoDB, Java, PyTorch, Node.js, React, GraphQL
            Education: Bachelor's in Engineering
            Experience: 0 years
            Projects: Project_0_616, Project_1_616, Project_2_616
            Certifications: None"
RES_0617,Candidate_617,Product Manager,"['TensorFlow', 'Java', 'CI/CD', 'REST APIs', 'AWS']",Master's in Engineering,2,['Project_0_617'],"['TensorFlow Developer', 'Google Cloud Certified']","Name: Candidate_617
            Target Position: Product Manager
            Summary: Experienced professional with 2 years in the tech industry.
            Skills: TensorFlow, Java, CI/CD, REST APIs, AWS
            Education: Master's in Engineering
            Experience: 2 years
            Projects: Project_0_617
            Certifications: TensorFlow Developer, Google Cloud Certified"
RES_0618,Candidate_618,Full Stack Developer,"['Agile', 'NumPy', 'CI/CD', 'JavaScript', 'Node.js']",Master's in Mathematics,14,"['Project_0_618', 'Project_1_618', 'Project_2_618']",[],"Name: Candidate_618
            Target Position: Full Stack Developer
            Summary: Experienced professional with 14 years in the tech industry.
            Skills: Agile, NumPy, CI/CD, JavaScript, Node.js
            Education: Master's in Mathematics
            Experience: 14 years
            Projects: Project_0_618, Project_1_618, Project_2_618
            Certifications: None"
RES_0619,Candidate_619,Full Stack Developer,"['Kubernetes', 'PyTorch', 'TensorFlow', 'PostgreSQL']",PhD in Statistics,13,"['Project_0_619', 'Project_1_619', 'Project_2_619', 'Project_3_619', 'Project_4_619']",[],"Name: Candidate_619
            Target Position: Full Stack Developer
            Summary: Experienced professional with 13 years in the tech industry.
            Skills: Kubernetes, PyTorch, TensorFlow, PostgreSQL
            Education: PhD in Statistics
            Experience: 13 years
            Projects: Project_0_619, Project_1_619, Project_2_619, Project_3_619, Project_4_619
            Certifications: None"
RES_0620,Candidate_620,Data Scientist,"['Docker', 'Git', 'AWS', 'PostgreSQL', 'REST APIs', 'React', 'PyTorch']",Bachelor's in Engineering,8,"['Project_0_620', 'Project_1_620', 'Project_2_620', 'Project_3_620']","['PMP', 'Azure Certified']","Name: Candidate_620
            Target Position: Data Scientist
            Summary: Experienced professional with 8 years in the tech industry.
            Skills: Docker, Git, AWS, PostgreSQL, REST APIs, React, PyTorch
            Education: Bachelor's in Engineering
            Experience: 8 years
            Projects: Project_0_620, Project_1_620, Project_2_620, Project_3_620
            Certifications: PMP, Azure Certified"
RES_0621,Candidate_621,Frontend Developer,"['NumPy', 'TensorFlow', 'MongoDB', 'Agile', 'React', 'GraphQL', 'Node.js']",Bachelor's in Statistics,2,['Project_0_621'],"['PMP', 'AWS Certified']","Name: Candidate_621
            Target Position: Frontend Developer
            Summary: Experienced professional with 2 years in the tech industry.
            Skills: NumPy, TensorFlow, MongoDB, Agile, React, GraphQL, Node.js
            Education: Bachelor's in Statistics
            Experience: 2 years
            Projects: Project_0_621
            Certifications: PMP, AWS Certified"
RES_0622,Candidate_622,DevOps Engineer,"['Pandas', 'Node.js', 'Kubernetes', 'Docker', 'React', 'AWS', 'NumPy']",Bachelor's in Computer Science,5,['Project_0_622'],"['AWS Certified', 'PMP', 'Scrum Master']","Name: Candidate_622
            Target Position: DevOps Engineer
            Summary: Experienced professional with 5 years in the tech industry.
            Skills: Pandas, Node.js, Kubernetes, Docker, React, AWS, NumPy
            Education: Bachelor's in Computer Science
            Experience: 5 years
            Projects: Project_0_622
            Certifications: AWS Certified, PMP, Scrum Master"
RES_0623,Candidate_623,Frontend Developer,"['GraphQL', 'Node.js', 'Git']",PhD in Mathematics,14,"['Project_0_623', 'Project_1_623']",['Azure Certified'],"Name: Candidate_623
            Target Position: Frontend Developer
            Summary: Experienced professional with 14 years in the tech industry.
            Skills: GraphQL, Node.js, Git
            Education: PhD in Mathematics
            Experience: 14 years
            Projects: Project_0_623, Project_1_623
            Certifications: Azure Certified"
RES_0624,Candidate_624,Data Analyst,"['AWS', 'Docker', 'CI/CD', 'REST APIs', 'Git', 'NumPy', 'Pandas', 'PyTorch']",PhD in Mathematics,5,"['Project_0_624', 'Project_1_624']",[],"Name: Candidate_624
            Target Position: Data Analyst
            Summary: Experienced professional with 5 years in the tech industry.
            Skills: AWS, Docker, CI/CD, REST APIs, Git, NumPy, Pandas, PyTorch
            Education: PhD in Mathematics
            Experience: 5 years
            Projects: Project_0_624, Project_1_624
            Certifications: None"
RES_0625,Candidate_625,QA Engineer,"['Java', 'JavaScript', 'SQL', 'NumPy', 'Python', 'Pandas', 'Kubernetes', 'Node.js']",Master's in Mathematics,2,"['Project_0_625', 'Project_1_625', 'Project_2_625', 'Project_3_625']","['Google Cloud Certified', 'Scrum Master', 'AWS Certified']","Name: Candidate_625
            Target Position: QA Engineer
            Summary: Experienced professional with 2 years in the tech industry.
            Skills: Java, JavaScript, SQL, NumPy, Python, Pandas, Kubernetes, Node.js
            Education: Master's in Mathematics
            Experience: 2 years
            Projects: Project_0_625, Project_1_625, Project_2_625, Project_3_625
            Certifications: Google Cloud Certified, Scrum Master, AWS Certified"
RES_0626,Candidate_626,Full Stack Developer,"['Agile', 'MongoDB', 'SQL', 'Kubernetes', 'Java', 'NumPy', 'Docker', 'GraphQL']",Bachelor's in Statistics,9,"['Project_0_626', 'Project_1_626', 'Project_2_626', 'Project_3_626']","['AWS Certified', 'PMP', 'Google Cloud Certified']","Name: Candidate_626
            Target Position: Full Stack Developer
            Summary: Experienced professional with 9 years in the tech industry.
            Skills: Agile, MongoDB, SQL, Kubernetes, Java, NumPy, Docker, GraphQL
            Education: Bachelor's in Statistics
            Experience: 9 years
            Projects: Project_0_626, Project_1_626, Project_2_626, Project_3_626
            Certifications: AWS Certified, PMP, Google Cloud Certified"
RES_0627,Candidate_627,UX Designer,"['CI/CD', 'Kubernetes', 'NumPy', 'Java', 'Python']",Master's in Computer Science,3,"['Project_0_627', 'Project_1_627', 'Project_2_627', 'Project_3_627']","['PMP', 'TensorFlow Developer', 'AWS Certified']","Name: Candidate_627
            Target Position: UX Designer
            Summary: Experienced professional with 3 years in the tech industry.
            Skills: CI/CD, Kubernetes, NumPy, Java, Python
            Education: Master's in Computer Science
            Experience: 3 years
            Projects: Project_0_627, Project_1_627, Project_2_627, Project_3_627
            Certifications: PMP, TensorFlow Developer, AWS Certified"
RES_0628,Candidate_628,Backend Developer,"['PostgreSQL', 'NumPy', 'Git', 'TensorFlow', 'GraphQL', 'Kubernetes']",Master's in Computer Science,12,"['Project_0_628', 'Project_1_628', 'Project_2_628', 'Project_3_628', 'Project_4_628']",[],"Name: Candidate_628
            Target Position: Backend Developer
            Summary: Experienced professional with 12 years in the tech industry.
            Skills: PostgreSQL, NumPy, Git, TensorFlow, GraphQL, Kubernetes
            Education: Master's in Computer Science
            Experience: 12 years
            Projects: Project_0_628, Project_1_628, Project_2_628, Project_3_628, Project_4_628
            Certifications: None"
RES_0629,Candidate_629,Full Stack Developer,"['AWS', 'REST APIs', 'Node.js', 'Kubernetes', 'Java', 'Python', 'Git', 'GraphQL']",Master's in Engineering,6,['Project_0_629'],"['Google Cloud Certified', 'AWS Certified']","Name: Candidate_629
            Target Position: Full Stack Developer
            Summary: Experienced professional with 6 years in the tech industry.
            Skills: AWS, REST APIs, Node.js, Kubernetes, Java, Python, Git, GraphQL
            Education: Master's in Engineering
            Experience: 6 years
            Projects: Project_0_629
            Certifications: Google Cloud Certified, AWS Certified"
RES_0630,Candidate_630,Machine Learning Engineer,"['Docker', 'Agile', 'React', 'PostgreSQL', 'PyTorch', 'Python', 'Git', 'Kubernetes']",Bachelor's in Statistics,7,"['Project_0_630', 'Project_1_630']",[],"Name: Candidate_630
            Target Position: Machine Learning Engineer
            Summary: Experienced professional with 7 years in the tech industry.
            Skills: Docker, Agile, React, PostgreSQL, PyTorch, Python, Git, Kubernetes
            Education: Bachelor's in Statistics
            Experience: 7 years
            Projects: Project_0_630, Project_1_630
            Certifications: None"
RES_0631,Candidate_631,Business Analyst,"['CI/CD', 'JavaScript', 'PyTorch', 'NumPy', 'MongoDB']",PhD in Physics,8,"['Project_0_631', 'Project_1_631', 'Project_2_631', 'Project_3_631']",['PMP'],"Name: Candidate_631
            Target Position: Business Analyst
            Summary: Experienced professional with 8 years in the tech industry.
            Skills: CI/CD, JavaScript, PyTorch, NumPy, MongoDB
            Education: PhD in Physics
            Experience: 8 years
            Projects: Project_0_631, Project_1_631, Project_2_631, Project_3_631
            Certifications: PMP"
RES_0632,Candidate_632,Data Analyst,"['Docker', 'NumPy', 'REST APIs', 'Python']",Bachelor's in Physics,7,"['Project_0_632', 'Project_1_632', 'Project_2_632', 'Project_3_632', 'Project_4_632']","['PMP', 'Azure Certified']","Name: Candidate_632
            Target Position: Data Analyst
            Summary: Experienced professional with 7 years in the tech industry.
            Skills: Docker, NumPy, REST APIs, Python
            Education: Bachelor's in Physics
            Experience: 7 years
            Projects: Project_0_632, Project_1_632, Project_2_632, Project_3_632, Project_4_632
            Certifications: PMP, Azure Certified"
RES_0633,Candidate_633,Full Stack Developer,"['TensorFlow', 'Python', 'Docker', 'SQL', 'Agile']",PhD in Computer Science,13,"['Project_0_633', 'Project_1_633', 'Project_2_633', 'Project_3_633']",[],"Name: Candidate_633
            Target Position: Full Stack Developer
            Summary: Experienced professional with 13 years in the tech industry.
            Skills: TensorFlow, Python, Docker, SQL, Agile
            Education: PhD in Computer Science
            Experience: 13 years
            Projects: Project_0_633, Project_1_633, Project_2_633, Project_3_633
            Certifications: None"
RES_0634,Candidate_634,DevOps Engineer,"['NumPy', 'Agile', 'PostgreSQL', 'SQL', 'Node.js']",PhD in Computer Science,5,['Project_0_634'],[],"Name: Candidate_634
            Target Position: DevOps Engineer
            Summary: Experienced professional with 5 years in the tech industry.
            Skills: NumPy, Agile, PostgreSQL, SQL, Node.js
            Education: PhD in Computer Science
            Experience: 5 years
            Projects: Project_0_634
            Certifications: None"
RES_0635,Candidate_635,Machine Learning Engineer,"['Git', 'GraphQL', 'AWS', 'Node.js', 'Kubernetes', 'Java']",Master's in Mathematics,3,"['Project_0_635', 'Project_1_635']",['AWS Certified'],"Name: Candidate_635
            Target Position: Machine Learning Engineer
            Summary: Experienced professional with 3 years in the tech industry.
            Skills: Git, GraphQL, AWS, Node.js, Kubernetes, Java
            Education: Master's in Mathematics
            Experience: 3 years
            Projects: Project_0_635, Project_1_635
            Certifications: AWS Certified"
RES_0636,Candidate_636,Data Scientist,"['PyTorch', 'Node.js', 'TensorFlow', 'Docker']",Bachelor's in Mathematics,9,"['Project_0_636', 'Project_1_636', 'Project_2_636']",[],"Name: Candidate_636
            Target Position: Data Scientist
            Summary: Experienced professional with 9 years in the tech industry.
            Skills: PyTorch, Node.js, TensorFlow, Docker
            Education: Bachelor's in Mathematics
            Experience: 9 years
            Projects: Project_0_636, Project_1_636, Project_2_636
            Certifications: None"
RES_0637,Candidate_637,Machine Learning Engineer,"['JavaScript', 'PostgreSQL', 'Docker', 'PyTorch', 'REST APIs']",PhD in Engineering,10,"['Project_0_637', 'Project_1_637', 'Project_2_637']","['TensorFlow Developer', 'Scrum Master', 'PMP']","Name: Candidate_637
            Target Position: Machine Learning Engineer
            Summary: Experienced professional with 10 years in the tech industry.
            Skills: JavaScript, PostgreSQL, Docker, PyTorch, REST APIs
            Education: PhD in Engineering
            Experience: 10 years
            Projects: Project_0_637, Project_1_637, Project_2_637
            Certifications: TensorFlow Developer, Scrum Master, PMP"
RES_0638,Candidate_638,Data Scientist,"['GraphQL', 'Python', 'React', 'PostgreSQL', 'Java', 'TensorFlow', 'NumPy']",Master's in Mathematics,7,['Project_0_638'],['Google Cloud Certified'],"Name: Candidate_638
            Target Position: Data Scientist
            Summary: Experienced professional with 7 years in the tech industry.
            Skills: GraphQL, Python, React, PostgreSQL, Java, TensorFlow, NumPy
            Education: Master's in Mathematics
            Experience: 7 years
            Projects: Project_0_638
            Certifications: Google Cloud Certified"
RES_0639,Candidate_639,DevOps Engineer,"['Python', 'Agile', 'NumPy', 'REST APIs', 'Docker', 'AWS', 'JavaScript', 'PostgreSQL']",Bachelor's in Computer Science,10,"['Project_0_639', 'Project_1_639', 'Project_2_639']",['AWS Certified'],"Name: Candidate_639
            Target Position: DevOps Engineer
            Summary: Experienced professional with 10 years in the tech industry.
            Skills: Python, Agile, NumPy, REST APIs, Docker, AWS, JavaScript, PostgreSQL
            Education: Bachelor's in Computer Science
            Experience: 10 years
            Projects: Project_0_639, Project_1_639, Project_2_639
            Certifications: AWS Certified"
RES_0640,Candidate_640,System Administrator,"['SQL', 'NumPy', 'PostgreSQL', 'Python', 'Git', 'Docker', 'PyTorch', 'TensorFlow']",PhD in Computer Science,12,"['Project_0_640', 'Project_1_640', 'Project_2_640', 'Project_3_640']","['Azure Certified', 'TensorFlow Developer', 'Scrum Master']","Name: Candidate_640
            Target Position: System Administrator
            Summary: Experienced professional with 12 years in the tech industry.
            Skills: SQL, NumPy, PostgreSQL, Python, Git, Docker, PyTorch, TensorFlow
            Education: PhD in Computer Science
            Experience: 12 years
            Projects: Project_0_640, Project_1_640, Project_2_640, Project_3_640
            Certifications: Azure Certified, TensorFlow Developer, Scrum Master"
RES_0641,Candidate_641,Frontend Developer,"['Docker', 'MongoDB', 'Node.js', 'Kubernetes', 'Pandas', 'TensorFlow']",Bachelor's in Mathematics,0,"['Project_0_641', 'Project_1_641']",['AWS Certified'],"Name: Candidate_641
            Target Position: Frontend Developer
            Summary: Experienced professional with 0 years in the tech industry.
            Skills: Docker, MongoDB, Node.js, Kubernetes, Pandas, TensorFlow
            Education: Bachelor's in Mathematics
            Experience: 0 years
            Projects: Project_0_641, Project_1_641
            Certifications: AWS Certified"
RES_0642,Candidate_642,Machine Learning Engineer,"['GraphQL', 'Agile', 'Pandas', 'Git', 'JavaScript', 'AWS']",Bachelor's in Computer Science,13,"['Project_0_642', 'Project_1_642', 'Project_2_642', 'Project_3_642', 'Project_4_642']","['TensorFlow Developer', 'Google Cloud Certified', 'Scrum Master']","Name: Candidate_642
            Target Position: Machine Learning Engineer
            Summary: Experienced professional with 13 years in the tech industry.
            Skills: GraphQL, Agile, Pandas, Git, JavaScript, AWS
            Education: Bachelor's in Computer Science
            Experience: 13 years
            Projects: Project_0_642, Project_1_642, Project_2_642, Project_3_642, Project_4_642
            Certifications: TensorFlow Developer, Google Cloud Certified, Scrum Master"
RES_0643,Candidate_643,Software Engineer,"['Pandas', 'CI/CD', 'JavaScript', 'Git']",PhD in Engineering,13,"['Project_0_643', 'Project_1_643', 'Project_2_643']",['TensorFlow Developer'],"Name: Candidate_643
            Target Position: Software Engineer
            Summary: Experienced professional with 13 years in the tech industry.
            Skills: Pandas, CI/CD, JavaScript, Git
            Education: PhD in Engineering
            Experience: 13 years
            Projects: Project_0_643, Project_1_643, Project_2_643
            Certifications: TensorFlow Developer"
RES_0644,Candidate_644,Full Stack Developer,"['GraphQL', 'NumPy', 'Java', 'Agile']",PhD in Computer Science,15,"['Project_0_644', 'Project_1_644']",[],"Name: Candidate_644
            Target Position: Full Stack Developer
            Summary: Experienced professional with 15 years in the tech industry.
            Skills: GraphQL, NumPy, Java, Agile
            Education: PhD in Computer Science
            Experience: 15 years
            Projects: Project_0_644, Project_1_644
            Certifications: None"
RES_0645,Candidate_645,Data Analyst,"['MongoDB', 'CI/CD', 'Git', 'NumPy', 'Agile', 'Pandas', 'PostgreSQL']",Bachelor's in Engineering,9,['Project_0_645'],[],"Name: Candidate_645
            Target Position: Data Analyst
            Summary: Experienced professional with 9 years in the tech industry.
            Skills: MongoDB, CI/CD, Git, NumPy, Agile, Pandas, PostgreSQL
            Education: Bachelor's in Engineering
            Experience: 9 years
            Projects: Project_0_645
            Certifications: None"
RES_0646,Candidate_646,Full Stack Developer,"['GraphQL', 'Kubernetes', 'AWS', 'PyTorch', 'Git', 'Node.js']",PhD in Computer Science,1,['Project_0_646'],"['AWS Certified', 'TensorFlow Developer']","Name: Candidate_646
            Target Position: Full Stack Developer
            Summary: Experienced professional with 1 years in the tech industry.
            Skills: GraphQL, Kubernetes, AWS, PyTorch, Git, Node.js
            Education: PhD in Computer Science
            Experience: 1 years
            Projects: Project_0_646
            Certifications: AWS Certified, TensorFlow Developer"
RES_0647,Candidate_647,Software Engineer,"['Node.js', 'PostgreSQL', 'JavaScript', 'TensorFlow']",PhD in Statistics,10,"['Project_0_647', 'Project_1_647', 'Project_2_647', 'Project_3_647', 'Project_4_647']","['Scrum Master', 'Google Cloud Certified', 'TensorFlow Developer']","Name: Candidate_647
            Target Position: Software Engineer
            Summary: Experienced professional with 10 years in the tech industry.
            Skills: Node.js, PostgreSQL, JavaScript, TensorFlow
            Education: PhD in Statistics
            Experience: 10 years
            Projects: Project_0_647, Project_1_647, Project_2_647, Project_3_647, Project_4_647
            Certifications: Scrum Master, Google Cloud Certified, TensorFlow Developer"
RES_0648,Candidate_648,System Administrator,"['CI/CD', 'Agile', 'Java', 'MongoDB', 'REST APIs', 'PyTorch', 'Git', 'NumPy']",Master's in Engineering,8,"['Project_0_648', 'Project_1_648']",[],"Name: Candidate_648
            Target Position: System Administrator
            Summary: Experienced professional with 8 years in the tech industry.
            Skills: CI/CD, Agile, Java, MongoDB, REST APIs, PyTorch, Git, NumPy
            Education: Master's in Engineering
            Experience: 8 years
            Projects: Project_0_648, Project_1_648
            Certifications: None"
RES_0649,Candidate_649,Data Scientist,"['Python', 'Git', 'Docker', 'React', 'Pandas', 'Agile', 'Kubernetes', 'MongoDB']",Bachelor's in Physics,3,"['Project_0_649', 'Project_1_649', 'Project_2_649', 'Project_3_649']","['Azure Certified', 'AWS Certified', 'Google Cloud Certified']","Name: Candidate_649
            Target Position: Data Scientist
            Summary: Experienced professional with 3 years in the tech industry.
            Skills: Python, Git, Docker, React, Pandas, Agile, Kubernetes, MongoDB
            Education: Bachelor's in Physics
            Experience: 3 years
            Projects: Project_0_649, Project_1_649, Project_2_649, Project_3_649
            Certifications: Azure Certified, AWS Certified, Google Cloud Certified"
RES_0650,Candidate_650,Business Analyst,"['Docker', 'PyTorch', 'CI/CD', 'MongoDB']",PhD in Engineering,3,"['Project_0_650', 'Project_1_650', 'Project_2_650', 'Project_3_650']",['Azure Certified'],"Name: Candidate_650
            Target Position: Business Analyst
            Summary: Experienced professional with 3 years in the tech industry.
            Skills: Docker, PyTorch, CI/CD, MongoDB
            Education: PhD in Engineering
            Experience: 3 years
            Projects: Project_0_650, Project_1_650, Project_2_650, Project_3_650
            Certifications: Azure Certified"
RES_0651,Candidate_651,QA Engineer,"['AWS', 'NumPy', 'SQL', 'Java', 'Docker']",Bachelor's in Computer Science,5,"['Project_0_651', 'Project_1_651', 'Project_2_651', 'Project_3_651', 'Project_4_651']","['PMP', 'AWS Certified']","Name: Candidate_651
            Target Position: QA Engineer
            Summary: Experienced professional with 5 years in the tech industry.
            Skills: AWS, NumPy, SQL, Java, Docker
            Education: Bachelor's in Computer Science
            Experience: 5 years
            Projects: Project_0_651, Project_1_651, Project_2_651, Project_3_651, Project_4_651
            Certifications: PMP, AWS Certified"
RES_0652,Candidate_652,Data Scientist,"['React', 'SQL', 'JavaScript', 'Agile', 'CI/CD', 'Kubernetes', 'NumPy']",Master's in Computer Science,3,"['Project_0_652', 'Project_1_652', 'Project_2_652']",['Scrum Master'],"Name: Candidate_652
            Target Position: Data Scientist
            Summary: Experienced professional with 3 years in the tech industry.
            Skills: React, SQL, JavaScript, Agile, CI/CD, Kubernetes, NumPy
            Education: Master's in Computer Science
            Experience: 3 years
            Projects: Project_0_652, Project_1_652, Project_2_652
            Certifications: Scrum Master"
RES_0653,Candidate_653,Data Analyst,"['NumPy', 'Java', 'Agile', 'PostgreSQL', 'TensorFlow', 'Git']",PhD in Physics,9,"['Project_0_653', 'Project_1_653', 'Project_2_653', 'Project_3_653']",[],"Name: Candidate_653
            Target Position: Data Analyst
            Summary: Experienced professional with 9 years in the tech industry.
            Skills: NumPy, Java, Agile, PostgreSQL, TensorFlow, Git
            Education: PhD in Physics
            Experience: 9 years
            Projects: Project_0_653, Project_1_653, Project_2_653, Project_3_653
            Certifications: None"
RES_0654,Candidate_654,Data Scientist,"['CI/CD', 'React', 'Docker', 'Java', 'Pandas', 'PostgreSQL', 'Agile', 'JavaScript']",Master's in Physics,10,"['Project_0_654', 'Project_1_654']","['TensorFlow Developer', 'AWS Certified']","Name: Candidate_654
            Target Position: Data Scientist
            Summary: Experienced professional with 10 years in the tech industry.
            Skills: CI/CD, React, Docker, Java, Pandas, PostgreSQL, Agile, JavaScript
            Education: Master's in Physics
            Experience: 10 years
            Projects: Project_0_654, Project_1_654
            Certifications: TensorFlow Developer, AWS Certified"
RES_0655,Candidate_655,QA Engineer,"['AWS', 'CI/CD', 'PostgreSQL']",Master's in Mathematics,13,"['Project_0_655', 'Project_1_655', 'Project_2_655', 'Project_3_655', 'Project_4_655']","['PMP', 'AWS Certified', 'Google Cloud Certified']","Name: Candidate_655
            Target Position: QA Engineer
            Summary: Experienced professional with 13 years in the tech industry.
            Skills: AWS, CI/CD, PostgreSQL
            Education: Master's in Mathematics
            Experience: 13 years
            Projects: Project_0_655, Project_1_655, Project_2_655, Project_3_655, Project_4_655
            Certifications: PMP, AWS Certified, Google Cloud Certified"
RES_0656,Candidate_656,Product Manager,"['PostgreSQL', 'AWS', 'CI/CD', 'Agile']",Master's in Physics,0,['Project_0_656'],"['TensorFlow Developer', 'Google Cloud Certified', 'Azure Certified']","Name: Candidate_656
            Target Position: Product Manager
            Summary: Experienced professional with 0 years in the tech industry.
            Skills: PostgreSQL, AWS, CI/CD, Agile
            Education: Master's in Physics
            Experience: 0 years
            Projects: Project_0_656
            Certifications: TensorFlow Developer, Google Cloud Certified, Azure Certified"
RES_0657,Candidate_657,Data Analyst,"['CI/CD', 'REST APIs', 'SQL', 'Git', 'JavaScript', 'GraphQL', 'TensorFlow']",PhD in Computer Science,14,"['Project_0_657', 'Project_1_657']","['TensorFlow Developer', 'PMP', 'AWS Certified']","Name: Candidate_657
            Target Position: Data Analyst
            Summary: Experienced professional with 14 years in the tech industry.
            Skills: CI/CD, REST APIs, SQL, Git, JavaScript, GraphQL, TensorFlow
            Education: PhD in Computer Science
            Experience: 14 years
            Projects: Project_0_657, Project_1_657
            Certifications: TensorFlow Developer, PMP, AWS Certified"
RES_0658,Candidate_658,Backend Developer,"['Docker', 'JavaScript', 'Python', 'SQL', 'TensorFlow']",Master's in Statistics,12,"['Project_0_658', 'Project_1_658', 'Project_2_658']",['Google Cloud Certified'],"Name: Candidate_658
            Target Position: Backend Developer
            Summary: Experienced professional with 12 years in the tech industry.
            Skills: Docker, JavaScript, Python, SQL, TensorFlow
            Education: Master's in Statistics
            Experience: 12 years
            Projects: Project_0_658, Project_1_658, Project_2_658
            Certifications: Google Cloud Certified"
RES_0659,Candidate_659,DevOps Engineer,"['Pandas', 'TensorFlow', 'REST APIs', 'Agile', 'Git', 'React', 'GraphQL']",PhD in Statistics,1,"['Project_0_659', 'Project_1_659']",[],"Name: Candidate_659
            Target Position: DevOps Engineer
            Summary: Experienced professional with 1 years in the tech industry.
            Skills: Pandas, TensorFlow, REST APIs, Agile, Git, React, GraphQL
            Education: PhD in Statistics
            Experience: 1 years
            Projects: Project_0_659, Project_1_659
            Certifications: None"
RES_0660,Candidate_660,Data Analyst,"['Node.js', 'Python', 'NumPy', 'JavaScript', 'REST APIs', 'Docker', 'SQL']",PhD in Statistics,4,"['Project_0_660', 'Project_1_660']","['Google Cloud Certified', 'Azure Certified', 'AWS Certified']","Name: Candidate_660
            Target Position: Data Analyst
            Summary: Experienced professional with 4 years in the tech industry.
            Skills: Node.js, Python, NumPy, JavaScript, REST APIs, Docker, SQL
            Education: PhD in Statistics
            Experience: 4 years
            Projects: Project_0_660, Project_1_660
            Certifications: Google Cloud Certified, Azure Certified, AWS Certified"
RES_0661,Candidate_661,DevOps Engineer,"['Java', 'TensorFlow', 'Git', 'GraphQL', 'JavaScript', 'CI/CD']",Bachelor's in Statistics,13,"['Project_0_661', 'Project_1_661', 'Project_2_661']","['Azure Certified', 'AWS Certified', 'TensorFlow Developer']","Name: Candidate_661
            Target Position: DevOps Engineer
            Summary: Experienced professional with 13 years in the tech industry.
            Skills: Java, TensorFlow, Git, GraphQL, JavaScript, CI/CD
            Education: Bachelor's in Statistics
            Experience: 13 years
            Projects: Project_0_661, Project_1_661, Project_2_661
            Certifications: Azure Certified, AWS Certified, TensorFlow Developer"
RES_0662,Candidate_662,Software Engineer,"['MongoDB', 'TensorFlow', 'Java', 'Git', 'Python', 'Pandas', 'JavaScript', 'Node.js']",Bachelor's in Physics,14,"['Project_0_662', 'Project_1_662']","['Scrum Master', 'Google Cloud Certified', 'AWS Certified']","Name: Candidate_662
            Target Position: Software Engineer
            Summary: Experienced professional with 14 years in the tech industry.
            Skills: MongoDB, TensorFlow, Java, Git, Python, Pandas, JavaScript, Node.js
            Education: Bachelor's in Physics
            Experience: 14 years
            Projects: Project_0_662, Project_1_662
            Certifications: Scrum Master, Google Cloud Certified, AWS Certified"
RES_0663,Candidate_663,Product Manager,"['SQL', 'AWS', 'CI/CD']",Master's in Statistics,13,"['Project_0_663', 'Project_1_663']","['Azure Certified', 'TensorFlow Developer']","Name: Candidate_663
            Target Position: Product Manager
            Summary: Experienced professional with 13 years in the tech industry.
            Skills: SQL, AWS, CI/CD
            Education: Master's in Statistics
            Experience: 13 years
            Projects: Project_0_663, Project_1_663
            Certifications: Azure Certified, TensorFlow Developer"
RES_0664,Candidate_664,UX Designer,"['Docker', 'NumPy', 'CI/CD', 'TensorFlow', 'PostgreSQL', 'PyTorch', 'REST APIs']",Master's in Mathematics,7,"['Project_0_664', 'Project_1_664']","['Google Cloud Certified', 'AWS Certified', 'PMP']","Name: Candidate_664
            Target Position: UX Designer
            Summary: Experienced professional with 7 years in the tech industry.
            Skills: Docker, NumPy, CI/CD, TensorFlow, PostgreSQL, PyTorch, REST APIs
            Education: Master's in Mathematics
            Experience: 7 years
            Projects: Project_0_664, Project_1_664
            Certifications: Google Cloud Certified, AWS Certified, PMP"
RES_0665,Candidate_665,Data Analyst,"['CI/CD', 'Java', 'PyTorch', 'MongoDB']",PhD in Mathematics,10,['Project_0_665'],['PMP'],"Name: Candidate_665
            Target Position: Data Analyst
            Summary: Experienced professional with 10 years in the tech industry.
            Skills: CI/CD, Java, PyTorch, MongoDB
            Education: PhD in Mathematics
            Experience: 10 years
            Projects: Project_0_665
            Certifications: PMP"
RES_0666,Candidate_666,Data Analyst,"['REST APIs', 'Git', 'GraphQL', 'SQL', 'AWS']",PhD in Physics,12,"['Project_0_666', 'Project_1_666', 'Project_2_666', 'Project_3_666']",[],"Name: Candidate_666
            Target Position: Data Analyst
            Summary: Experienced professional with 12 years in the tech industry.
            Skills: REST APIs, Git, GraphQL, SQL, AWS
            Education: PhD in Physics
            Experience: 12 years
            Projects: Project_0_666, Project_1_666, Project_2_666, Project_3_666
            Certifications: None"
RES_0667,Candidate_667,QA Engineer,"['PyTorch', 'MongoDB', 'Pandas', 'AWS']",Master's in Computer Science,1,"['Project_0_667', 'Project_1_667', 'Project_2_667', 'Project_3_667', 'Project_4_667']",[],"Name: Candidate_667
            Target Position: QA Engineer
            Summary: Experienced professional with 1 years in the tech industry.
            Skills: PyTorch, MongoDB, Pandas, AWS
            Education: Master's in Computer Science
            Experience: 1 years
            Projects: Project_0_667, Project_1_667, Project_2_667, Project_3_667, Project_4_667
            Certifications: None"
RES_0668,Candidate_668,Software Engineer,"['Node.js', 'GraphQL', 'PyTorch', 'MongoDB']",PhD in Computer Science,2,"['Project_0_668', 'Project_1_668', 'Project_2_668']",[],"Name: Candidate_668
            Target Position: Software Engineer
            Summary: Experienced professional with 2 years in the tech industry.
            Skills: Node.js, GraphQL, PyTorch, MongoDB
            Education: PhD in Computer Science
            Experience: 2 years
            Projects: Project_0_668, Project_1_668, Project_2_668
            Certifications: None"
RES_0669,Candidate_669,UX Designer,"['React', 'Node.js', 'Git', 'JavaScript', 'Java']",PhD in Computer Science,0,"['Project_0_669', 'Project_1_669', 'Project_2_669', 'Project_3_669']","['AWS Certified', 'TensorFlow Developer', 'Google Cloud Certified']","Name: Candidate_669
            Target Position: UX Designer
            Summary: Experienced professional with 0 years in the tech industry.
            Skills: React, Node.js, Git, JavaScript, Java
            Education: PhD in Computer Science
            Experience: 0 years
            Projects: Project_0_669, Project_1_669, Project_2_669, Project_3_669
            Certifications: AWS Certified, TensorFlow Developer, Google Cloud Certified"
RES_0670,Candidate_670,Data Analyst,"['JavaScript', 'AWS', 'CI/CD', 'REST APIs']",Bachelor's in Mathematics,8,"['Project_0_670', 'Project_1_670', 'Project_2_670', 'Project_3_670']","['TensorFlow Developer', 'Scrum Master', 'Google Cloud Certified']","Name: Candidate_670
            Target Position: Data Analyst
            Summary: Experienced professional with 8 years in the tech industry.
            Skills: JavaScript, AWS, CI/CD, REST APIs
            Education: Bachelor's in Mathematics
            Experience: 8 years
            Projects: Project_0_670, Project_1_670, Project_2_670, Project_3_670
            Certifications: TensorFlow Developer, Scrum Master, Google Cloud Certified"
RES_0671,Candidate_671,Software Engineer,"['TensorFlow', 'Agile', 'SQL', 'AWS']",Master's in Statistics,4,"['Project_0_671', 'Project_1_671', 'Project_2_671', 'Project_3_671', 'Project_4_671']",['AWS Certified'],"Name: Candidate_671
            Target Position: Software Engineer
            Summary: Experienced professional with 4 years in the tech industry.
            Skills: TensorFlow, Agile, SQL, AWS
            Education: Master's in Statistics
            Experience: 4 years
            Projects: Project_0_671, Project_1_671, Project_2_671, Project_3_671, Project_4_671
            Certifications: AWS Certified"
RES_0672,Candidate_672,Product Manager,"['React', 'PyTorch', 'GraphQL', 'Git', 'NumPy', 'Pandas', 'Node.js']",Master's in Engineering,3,"['Project_0_672', 'Project_1_672', 'Project_2_672', 'Project_3_672']",[],"Name: Candidate_672
            Target Position: Product Manager
            Summary: Experienced professional with 3 years in the tech industry.
            Skills: React, PyTorch, GraphQL, Git, NumPy, Pandas, Node.js
            Education: Master's in Engineering
            Experience: 3 years
            Projects: Project_0_672, Project_1_672, Project_2_672, Project_3_672
            Certifications: None"
RES_0673,Candidate_673,Backend Developer,"['Kubernetes', 'SQL', 'TensorFlow']",Master's in Physics,9,"['Project_0_673', 'Project_1_673', 'Project_2_673', 'Project_3_673', 'Project_4_673']",[],"Name: Candidate_673
            Target Position: Backend Developer
            Summary: Experienced professional with 9 years in the tech industry.
            Skills: Kubernetes, SQL, TensorFlow
            Education: Master's in Physics
            Experience: 9 years
            Projects: Project_0_673, Project_1_673, Project_2_673, Project_3_673, Project_4_673
            Certifications: None"
RES_0674,Candidate_674,Product Manager,"['Kubernetes', 'Docker', 'JavaScript', 'TensorFlow']",Master's in Physics,12,"['Project_0_674', 'Project_1_674']","['Azure Certified', 'Google Cloud Certified']","Name: Candidate_674
            Target Position: Product Manager
            Summary: Experienced professional with 12 years in the tech industry.
            Skills: Kubernetes, Docker, JavaScript, TensorFlow
            Education: Master's in Physics
            Experience: 12 years
            Projects: Project_0_674, Project_1_674
            Certifications: Azure Certified, Google Cloud Certified"
RES_0675,Candidate_675,UX Designer,"['React', 'Agile', 'NumPy', 'JavaScript', 'Kubernetes', 'GraphQL', 'TensorFlow', 'Node.js']",PhD in Mathematics,13,"['Project_0_675', 'Project_1_675', 'Project_2_675', 'Project_3_675', 'Project_4_675']",[],"Name: Candidate_675
            Target Position: UX Designer
            Summary: Experienced professional with 13 years in the tech industry.
            Skills: React, Agile, NumPy, JavaScript, Kubernetes, GraphQL, TensorFlow, Node.js
            Education: PhD in Mathematics
            Experience: 13 years
            Projects: Project_0_675, Project_1_675, Project_2_675, Project_3_675, Project_4_675
            Certifications: None"
RES_0676,Candidate_676,DevOps Engineer,"['Java', 'Node.js', 'React', 'NumPy']",Master's in Mathematics,7,"['Project_0_676', 'Project_1_676', 'Project_2_676', 'Project_3_676']",['Google Cloud Certified'],"Name: Candidate_676
            Target Position: DevOps Engineer
            Summary: Experienced professional with 7 years in the tech industry.
            Skills: Java, Node.js, React, NumPy
            Education: Master's in Mathematics
            Experience: 7 years
            Projects: Project_0_676, Project_1_676, Project_2_676, Project_3_676
            Certifications: Google Cloud Certified"
RES_0677,Candidate_677,System Administrator,"['Java', 'Agile', 'REST APIs']",Bachelor's in Engineering,12,['Project_0_677'],"['PMP', 'TensorFlow Developer', 'AWS Certified']","Name: Candidate_677
            Target Position: System Administrator
            Summary: Experienced professional with 12 years in the tech industry.
            Skills: Java, Agile, REST APIs
            Education: Bachelor's in Engineering
            Experience: 12 years
            Projects: Project_0_677
            Certifications: PMP, TensorFlow Developer, AWS Certified"
RES_0678,Candidate_678,Data Scientist,"['NumPy', 'SQL', 'AWS', 'Python', 'CI/CD', 'Pandas']",PhD in Computer Science,3,"['Project_0_678', 'Project_1_678', 'Project_2_678', 'Project_3_678', 'Project_4_678']",['Google Cloud Certified'],"Name: Candidate_678
            Target Position: Data Scientist
            Summary: Experienced professional with 3 years in the tech industry.
            Skills: NumPy, SQL, AWS, Python, CI/CD, Pandas
            Education: PhD in Computer Science
            Experience: 3 years
            Projects: Project_0_678, Project_1_678, Project_2_678, Project_3_678, Project_4_678
            Certifications: Google Cloud Certified"
RES_0679,Candidate_679,Backend Developer,"['NumPy', 'PostgreSQL', 'Node.js', 'React']",Bachelor's in Mathematics,13,['Project_0_679'],['Scrum Master'],"Name: Candidate_679
            Target Position: Backend Developer
            Summary: Experienced professional with 13 years in the tech industry.
            Skills: NumPy, PostgreSQL, Node.js, React
            Education: Bachelor's in Mathematics
            Experience: 13 years
            Projects: Project_0_679
            Certifications: Scrum Master"
RES_0680,Candidate_680,Backend Developer,"['Docker', 'Node.js', 'MongoDB', 'Kubernetes', 'GraphQL', 'PostgreSQL', 'Java']",Master's in Statistics,7,"['Project_0_680', 'Project_1_680']",[],"Name: Candidate_680
            Target Position: Backend Developer
            Summary: Experienced professional with 7 years in the tech industry.
            Skills: Docker, Node.js, MongoDB, Kubernetes, GraphQL, PostgreSQL, Java
            Education: Master's in Statistics
            Experience: 7 years
            Projects: Project_0_680, Project_1_680
            Certifications: None"
RES_0681,Candidate_681,DevOps Engineer,"['TensorFlow', 'GraphQL', 'Git', 'Python', 'SQL', 'Agile']",PhD in Computer Science,1,"['Project_0_681', 'Project_1_681']","['PMP', 'Scrum Master']","Name: Candidate_681
            Target Position: DevOps Engineer
            Summary: Experienced professional with 1 years in the tech industry.
            Skills: TensorFlow, GraphQL, Git, Python, SQL, Agile
            Education: PhD in Computer Science
            Experience: 1 years
            Projects: Project_0_681, Project_1_681
            Certifications: PMP, Scrum Master"
RES_0682,Candidate_682,Data Scientist,"['Python', 'AWS', 'Node.js', 'PostgreSQL', 'Docker', 'Pandas', 'Java', 'Agile']",Master's in Engineering,14,['Project_0_682'],"['PMP', 'AWS Certified', 'Google Cloud Certified']","Name: Candidate_682
            Target Position: Data Scientist
            Summary: Experienced professional with 14 years in the tech industry.
            Skills: Python, AWS, Node.js, PostgreSQL, Docker, Pandas, Java, Agile
            Education: Master's in Engineering
            Experience: 14 years
            Projects: Project_0_682
            Certifications: PMP, AWS Certified, Google Cloud Certified"
RES_0683,Candidate_683,UX Designer,"['Java', 'Kubernetes', 'Git', 'NumPy', 'Docker']",PhD in Mathematics,8,['Project_0_683'],"['Azure Certified', 'AWS Certified', 'Google Cloud Certified']","Name: Candidate_683
            Target Position: UX Designer
            Summary: Experienced professional with 8 years in the tech industry.
            Skills: Java, Kubernetes, Git, NumPy, Docker
            Education: PhD in Mathematics
            Experience: 8 years
            Projects: Project_0_683
            Certifications: Azure Certified, AWS Certified, Google Cloud Certified"
RES_0684,Candidate_684,Machine Learning Engineer,"['Java', 'PostgreSQL', 'React', 'CI/CD']",Bachelor's in Computer Science,9,['Project_0_684'],"['PMP', 'TensorFlow Developer']","Name: Candidate_684
            Target Position: Machine Learning Engineer
            Summary: Experienced professional with 9 years in the tech industry.
            Skills: Java, PostgreSQL, React, CI/CD
            Education: Bachelor's in Computer Science
            Experience: 9 years
            Projects: Project_0_684
            Certifications: PMP, TensorFlow Developer"
RES_0685,Candidate_685,QA Engineer,"['Kubernetes', 'AWS', 'Python', 'Git', 'Java', 'NumPy', 'SQL']",Master's in Physics,0,['Project_0_685'],"['Azure Certified', 'PMP', 'Google Cloud Certified']","Name: Candidate_685
            Target Position: QA Engineer
            Summary: Experienced professional with 0 years in the tech industry.
            Skills: Kubernetes, AWS, Python, Git, Java, NumPy, SQL
            Education: Master's in Physics
            Experience: 0 years
            Projects: Project_0_685
            Certifications: Azure Certified, PMP, Google Cloud Certified"
RES_0686,Candidate_686,Software Engineer,"['AWS', 'TensorFlow', 'Python', 'Docker', 'CI/CD', 'Pandas', 'PostgreSQL']",PhD in Statistics,11,"['Project_0_686', 'Project_1_686', 'Project_2_686']","['PMP', 'AWS Certified', 'Google Cloud Certified']","Name: Candidate_686
            Target Position: Software Engineer
            Summary: Experienced professional with 11 years in the tech industry.
            Skills: AWS, TensorFlow, Python, Docker, CI/CD, Pandas, PostgreSQL
            Education: PhD in Statistics
            Experience: 11 years
            Projects: Project_0_686, Project_1_686, Project_2_686
            Certifications: PMP, AWS Certified, Google Cloud Certified"
RES_0687,Candidate_687,Machine Learning Engineer,"['Kubernetes', 'PostgreSQL', 'CI/CD', 'Agile', 'Node.js', 'NumPy']",PhD in Statistics,8,"['Project_0_687', 'Project_1_687', 'Project_2_687', 'Project_3_687']","['PMP', 'TensorFlow Developer']","Name: Candidate_687
            Target Position: Machine Learning Engineer
            Summary: Experienced professional with 8 years in the tech industry.
            Skills: Kubernetes, PostgreSQL, CI/CD, Agile, Node.js, NumPy
            Education: PhD in Statistics
            Experience: 8 years
            Projects: Project_0_687, Project_1_687, Project_2_687, Project_3_687
            Certifications: PMP, TensorFlow Developer"
RES_0688,Candidate_688,UX Designer,"['NumPy', 'Agile', 'AWS', 'REST APIs']",Bachelor's in Statistics,9,['Project_0_688'],"['Azure Certified', 'PMP']","Name: Candidate_688
            Target Position: UX Designer
            Summary: Experienced professional with 9 years in the tech industry.
            Skills: NumPy, Agile, AWS, REST APIs
            Education: Bachelor's in Statistics
            Experience: 9 years
            Projects: Project_0_688
            Certifications: Azure Certified, PMP"
RES_0689,Candidate_689,UX Designer,"['JavaScript', 'AWS', 'GraphQL', 'PostgreSQL', 'Docker']",PhD in Computer Science,15,"['Project_0_689', 'Project_1_689', 'Project_2_689']",[],"Name: Candidate_689
            Target Position: UX Designer
            Summary: Experienced professional with 15 years in the tech industry.
            Skills: JavaScript, AWS, GraphQL, PostgreSQL, Docker
            Education: PhD in Computer Science
            Experience: 15 years
            Projects: Project_0_689, Project_1_689, Project_2_689
            Certifications: None"
RES_0690,Candidate_690,Backend Developer,"['SQL', 'PostgreSQL', 'Docker', 'GraphQL']",Bachelor's in Physics,5,"['Project_0_690', 'Project_1_690', 'Project_2_690', 'Project_3_690']",[],"Name: Candidate_690
            Target Position: Backend Developer
            Summary: Experienced professional with 5 years in the tech industry.
            Skills: SQL, PostgreSQL, Docker, GraphQL
            Education: Bachelor's in Physics
            Experience: 5 years
            Projects: Project_0_690, Project_1_690, Project_2_690, Project_3_690
            Certifications: None"
RES_0691,Candidate_691,QA Engineer,"['CI/CD', 'Python', 'AWS', 'Kubernetes', 'Agile', 'NumPy', 'Java']",PhD in Statistics,7,"['Project_0_691', 'Project_1_691', 'Project_2_691', 'Project_3_691']","['PMP', 'Scrum Master', 'TensorFlow Developer']","Name: Candidate_691
            Target Position: QA Engineer
            Summary: Experienced professional with 7 years in the tech industry.
            Skills: CI/CD, Python, AWS, Kubernetes, Agile, NumPy, Java
            Education: PhD in Statistics
            Experience: 7 years
            Projects: Project_0_691, Project_1_691, Project_2_691, Project_3_691
            Certifications: PMP, Scrum Master, TensorFlow Developer"
RES_0692,Candidate_692,Frontend Developer,"['SQL', 'Git', 'Docker', 'Kubernetes', 'GraphQL', 'Java', 'CI/CD']",Bachelor's in Statistics,2,['Project_0_692'],"['Azure Certified', 'Scrum Master', 'Google Cloud Certified']","Name: Candidate_692
            Target Position: Frontend Developer
            Summary: Experienced professional with 2 years in the tech industry.
            Skills: SQL, Git, Docker, Kubernetes, GraphQL, Java, CI/CD
            Education: Bachelor's in Statistics
            Experience: 2 years
            Projects: Project_0_692
            Certifications: Azure Certified, Scrum Master, Google Cloud Certified"
RES_0693,Candidate_693,Product Manager,"['TensorFlow', 'Node.js', 'Python', 'Git', 'PostgreSQL', 'AWS', 'GraphQL', 'Java']",Bachelor's in Mathematics,5,"['Project_0_693', 'Project_1_693']",[],"Name: Candidate_693
            Target Position: Product Manager
            Summary: Experienced professional with 5 years in the tech industry.
            Skills: TensorFlow, Node.js, Python, Git, PostgreSQL, AWS, GraphQL, Java
            Education: Bachelor's in Mathematics
            Experience: 5 years
            Projects: Project_0_693, Project_1_693
            Certifications: None"
RES_0694,Candidate_694,Product Manager,"['JavaScript', 'MongoDB', 'Node.js']",Master's in Statistics,3,['Project_0_694'],[],"Name: Candidate_694
            Target Position: Product Manager
            Summary: Experienced professional with 3 years in the tech industry.
            Skills: JavaScript, MongoDB, Node.js
            Education: Master's in Statistics
            Experience: 3 years
            Projects: Project_0_694
            Certifications: None"
RES_0695,Candidate_695,Software Engineer,"['NumPy', 'Kubernetes', 'JavaScript', 'SQL', 'Docker', 'Pandas', 'Java', 'PostgreSQL']",Master's in Physics,13,"['Project_0_695', 'Project_1_695']",['Azure Certified'],"Name: Candidate_695
            Target Position: Software Engineer
            Summary: Experienced professional with 13 years in the tech industry.
            Skills: NumPy, Kubernetes, JavaScript, SQL, Docker, Pandas, Java, PostgreSQL
            Education: Master's in Physics
            Experience: 13 years
            Projects: Project_0_695, Project_1_695
            Certifications: Azure Certified"
RES_0696,Candidate_696,Product Manager,"['AWS', 'Node.js', 'Agile']",Bachelor's in Computer Science,11,['Project_0_696'],"['PMP', 'Azure Certified']","Name: Candidate_696
            Target Position: Product Manager
            Summary: Experienced professional with 11 years in the tech industry.
            Skills: AWS, Node.js, Agile
            Education: Bachelor's in Computer Science
            Experience: 11 years
            Projects: Project_0_696
            Certifications: PMP, Azure Certified"
RES_0697,Candidate_697,Product Manager,"['NumPy', 'MongoDB', 'Kubernetes', 'REST APIs', 'Git', 'AWS', 'Node.js']",Bachelor's in Computer Science,12,"['Project_0_697', 'Project_1_697', 'Project_2_697', 'Project_3_697']",[],"Name: Candidate_697
            Target Position: Product Manager
            Summary: Experienced professional with 12 years in the tech industry.
            Skills: NumPy, MongoDB, Kubernetes, REST APIs, Git, AWS, Node.js
            Education: Bachelor's in Computer Science
            Experience: 12 years
            Projects: Project_0_697, Project_1_697, Project_2_697, Project_3_697
            Certifications: None"
RES_0698,Candidate_698,QA Engineer,"['TensorFlow', 'PyTorch', 'Java', 'Kubernetes', 'React', 'SQL']",Master's in Mathematics,15,['Project_0_698'],"['Google Cloud Certified', 'AWS Certified', 'Scrum Master']","Name: Candidate_698
            Target Position: QA Engineer
            Summary: Experienced professional with 15 years in the tech industry.
            Skills: TensorFlow, PyTorch, Java, Kubernetes, React, SQL
            Education: Master's in Mathematics
            Experience: 15 years
            Projects: Project_0_698
            Certifications: Google Cloud Certified, AWS Certified, Scrum Master"
RES_0699,Candidate_699,Backend Developer,"['Agile', 'PostgreSQL', 'NumPy', 'REST APIs']",Bachelor's in Computer Science,7,"['Project_0_699', 'Project_1_699', 'Project_2_699', 'Project_3_699', 'Project_4_699']",['TensorFlow Developer'],"Name: Candidate_699
            Target Position: Backend Developer
            Summary: Experienced professional with 7 years in the tech industry.
            Skills: Agile, PostgreSQL, NumPy, REST APIs
            Education: Bachelor's in Computer Science
            Experience: 7 years
            Projects: Project_0_699, Project_1_699, Project_2_699, Project_3_699, Project_4_699
            Certifications: TensorFlow Developer"
RES_0700,Candidate_700,Software Engineer,"['JavaScript', 'REST APIs', 'Node.js', 'CI/CD', 'React', 'SQL']",PhD in Physics,8,"['Project_0_700', 'Project_1_700']",['AWS Certified'],"Name: Candidate_700
            Target Position: Software Engineer
            Summary: Experienced professional with 8 years in the tech industry.
            Skills: JavaScript, REST APIs, Node.js, CI/CD, React, SQL
            Education: PhD in Physics
            Experience: 8 years
            Projects: Project_0_700, Project_1_700
            Certifications: AWS Certified"
RES_0701,Candidate_701,Data Analyst,"['REST APIs', 'Java', 'PostgreSQL', 'Git', 'Docker', 'React']",PhD in Physics,13,['Project_0_701'],[],"Name: Candidate_701
            Target Position: Data Analyst
            Summary: Experienced professional with 13 years in the tech industry.
            Skills: REST APIs, Java, PostgreSQL, Git, Docker, React
            Education: PhD in Physics
            Experience: 13 years
            Projects: Project_0_701
            Certifications: None"
RES_0702,Candidate_702,DevOps Engineer,"['React', 'Pandas', 'NumPy', 'JavaScript', 'CI/CD', 'Git']",PhD in Computer Science,14,"['Project_0_702', 'Project_1_702', 'Project_2_702', 'Project_3_702']","['PMP', 'TensorFlow Developer']","Name: Candidate_702
            Target Position: DevOps Engineer
            Summary: Experienced professional with 14 years in the tech industry.
            Skills: React, Pandas, NumPy, JavaScript, CI/CD, Git
            Education: PhD in Computer Science
            Experience: 14 years
            Projects: Project_0_702, Project_1_702, Project_2_702, Project_3_702
            Certifications: PMP, TensorFlow Developer"
RES_0703,Candidate_703,System Administrator,"['SQL', 'Docker', 'NumPy', 'Git', 'TensorFlow', 'PostgreSQL', 'GraphQL']",PhD in Statistics,13,['Project_0_703'],['AWS Certified'],"Name: Candidate_703
            Target Position: System Administrator
            Summary: Experienced professional with 13 years in the tech industry.
            Skills: SQL, Docker, NumPy, Git, TensorFlow, PostgreSQL, GraphQL
            Education: PhD in Statistics
            Experience: 13 years
            Projects: Project_0_703
            Certifications: AWS Certified"
RES_0704,Candidate_704,Software Engineer,"['REST APIs', 'CI/CD', 'TensorFlow', 'Python', 'JavaScript']",Bachelor's in Mathematics,1,"['Project_0_704', 'Project_1_704', 'Project_2_704']","['Google Cloud Certified', 'AWS Certified', 'Scrum Master']","Name: Candidate_704
            Target Position: Software Engineer
            Summary: Experienced professional with 1 years in the tech industry.
            Skills: REST APIs, CI/CD, TensorFlow, Python, JavaScript
            Education: Bachelor's in Mathematics
            Experience: 1 years
            Projects: Project_0_704, Project_1_704, Project_2_704
            Certifications: Google Cloud Certified, AWS Certified, Scrum Master"
RES_0705,Candidate_705,DevOps Engineer,"['React', 'MongoDB', 'Pandas', 'CI/CD', 'GraphQL']",PhD in Computer Science,6,['Project_0_705'],[],"Name: Candidate_705
            Target Position: DevOps Engineer
            Summary: Experienced professional with 6 years in the tech industry.
            Skills: React, MongoDB, Pandas, CI/CD, GraphQL
            Education: PhD in Computer Science
            Experience: 6 years
            Projects: Project_0_705
            Certifications: None"
RES_0706,Candidate_706,Full Stack Developer,"['PostgreSQL', 'Python', 'Node.js', 'Agile', 'Pandas', 'React', 'REST APIs']",PhD in Engineering,8,"['Project_0_706', 'Project_1_706', 'Project_2_706', 'Project_3_706', 'Project_4_706']",['PMP'],"Name: Candidate_706
            Target Position: Full Stack Developer
            Summary: Experienced professional with 8 years in the tech industry.
            Skills: PostgreSQL, Python, Node.js, Agile, Pandas, React, REST APIs
            Education: PhD in Engineering
            Experience: 8 years
            Projects: Project_0_706, Project_1_706, Project_2_706, Project_3_706, Project_4_706
            Certifications: PMP"
RES_0707,Candidate_707,System Administrator,"['SQL', 'PostgreSQL', 'CI/CD']",Master's in Physics,14,"['Project_0_707', 'Project_1_707', 'Project_2_707']",['PMP'],"Name: Candidate_707
            Target Position: System Administrator
            Summary: Experienced professional with 14 years in the tech industry.
            Skills: SQL, PostgreSQL, CI/CD
            Education: Master's in Physics
            Experience: 14 years
            Projects: Project_0_707, Project_1_707, Project_2_707
            Certifications: PMP"
RES_0708,Candidate_708,Frontend Developer,"['SQL', 'JavaScript', 'TensorFlow']",Bachelor's in Engineering,8,"['Project_0_708', 'Project_1_708', 'Project_2_708']",['Scrum Master'],"Name: Candidate_708
            Target Position: Frontend Developer
            Summary: Experienced professional with 8 years in the tech industry.
            Skills: SQL, JavaScript, TensorFlow
            Education: Bachelor's in Engineering
            Experience: 8 years
            Projects: Project_0_708, Project_1_708, Project_2_708
            Certifications: Scrum Master"
RES_0709,Candidate_709,DevOps Engineer,"['CI/CD', 'Node.js', 'TensorFlow', 'JavaScript']",Master's in Mathematics,6,['Project_0_709'],[],"Name: Candidate_709
            Target Position: DevOps Engineer
            Summary: Experienced professional with 6 years in the tech industry.
            Skills: CI/CD, Node.js, TensorFlow, JavaScript
            Education: Master's in Mathematics
            Experience: 6 years
            Projects: Project_0_709
            Certifications: None"
RES_0710,Candidate_710,QA Engineer,"['TensorFlow', 'Python', 'PyTorch', 'React', 'MongoDB']",Bachelor's in Mathematics,13,"['Project_0_710', 'Project_1_710', 'Project_2_710', 'Project_3_710', 'Project_4_710']",[],"Name: Candidate_710
            Target Position: QA Engineer
            Summary: Experienced professional with 13 years in the tech industry.
            Skills: TensorFlow, Python, PyTorch, React, MongoDB
            Education: Bachelor's in Mathematics
            Experience: 13 years
            Projects: Project_0_710, Project_1_710, Project_2_710, Project_3_710, Project_4_710
            Certifications: None"
RES_0711,Candidate_711,QA Engineer,"['Java', 'Agile', 'TensorFlow', 'PyTorch', 'Node.js', 'REST APIs', 'Docker', 'NumPy']",Bachelor's in Computer Science,8,"['Project_0_711', 'Project_1_711', 'Project_2_711']","['TensorFlow Developer', 'Scrum Master', 'Google Cloud Certified']","Name: Candidate_711
            Target Position: QA Engineer
            Summary: Experienced professional with 8 years in the tech industry.
            Skills: Java, Agile, TensorFlow, PyTorch, Node.js, REST APIs, Docker, NumPy
            Education: Bachelor's in Computer Science
            Experience: 8 years
            Projects: Project_0_711, Project_1_711, Project_2_711
            Certifications: TensorFlow Developer, Scrum Master, Google Cloud Certified"
RES_0712,Candidate_712,QA Engineer,"['Agile', 'Pandas', 'Kubernetes', 'Java']",Master's in Engineering,0,"['Project_0_712', 'Project_1_712']","['Scrum Master', 'TensorFlow Developer']","Name: Candidate_712
            Target Position: QA Engineer
            Summary: Experienced professional with 0 years in the tech industry.
            Skills: Agile, Pandas, Kubernetes, Java
            Education: Master's in Engineering
            Experience: 0 years
            Projects: Project_0_712, Project_1_712
            Certifications: Scrum Master, TensorFlow Developer"
RES_0713,Candidate_713,Data Scientist,"['Agile', 'Docker', 'PyTorch']",Bachelor's in Computer Science,13,"['Project_0_713', 'Project_1_713', 'Project_2_713', 'Project_3_713']",[],"Name: Candidate_713
            Target Position: Data Scientist
            Summary: Experienced professional with 13 years in the tech industry.
            Skills: Agile, Docker, PyTorch
            Education: Bachelor's in Computer Science
            Experience: 13 years
            Projects: Project_0_713, Project_1_713, Project_2_713, Project_3_713
            Certifications: None"
RES_0714,Candidate_714,Data Scientist,"['GraphQL', 'Pandas', 'Java', 'MongoDB']",Bachelor's in Mathematics,2,"['Project_0_714', 'Project_1_714', 'Project_2_714', 'Project_3_714', 'Project_4_714']","['Azure Certified', 'TensorFlow Developer']","Name: Candidate_714
            Target Position: Data Scientist
            Summary: Experienced professional with 2 years in the tech industry.
            Skills: GraphQL, Pandas, Java, MongoDB
            Education: Bachelor's in Mathematics
            Experience: 2 years
            Projects: Project_0_714, Project_1_714, Project_2_714, Project_3_714, Project_4_714
            Certifications: Azure Certified, TensorFlow Developer"
RES_0715,Candidate_715,Data Analyst,"['Python', 'REST APIs', 'JavaScript', 'GraphQL', 'Agile', 'TensorFlow', 'Java']",PhD in Computer Science,10,"['Project_0_715', 'Project_1_715', 'Project_2_715', 'Project_3_715', 'Project_4_715']",['PMP'],"Name: Candidate_715
            Target Position: Data Analyst
            Summary: Experienced professional with 10 years in the tech industry.
            Skills: Python, REST APIs, JavaScript, GraphQL, Agile, TensorFlow, Java
            Education: PhD in Computer Science
            Experience: 10 years
            Projects: Project_0_715, Project_1_715, Project_2_715, Project_3_715, Project_4_715
            Certifications: PMP"
RES_0716,Candidate_716,System Administrator,"['TensorFlow', 'JavaScript', 'MongoDB', 'React', 'SQL', 'Docker']",Master's in Statistics,9,"['Project_0_716', 'Project_1_716', 'Project_2_716', 'Project_3_716', 'Project_4_716']",[],"Name: Candidate_716
            Target Position: System Administrator
            Summary: Experienced professional with 9 years in the tech industry.
            Skills: TensorFlow, JavaScript, MongoDB, React, SQL, Docker
            Education: Master's in Statistics
            Experience: 9 years
            Projects: Project_0_716, Project_1_716, Project_2_716, Project_3_716, Project_4_716
            Certifications: None"
RES_0717,Candidate_717,Data Scientist,"['Agile', 'Java', 'React', 'PyTorch', 'Node.js']",Bachelor's in Engineering,12,"['Project_0_717', 'Project_1_717', 'Project_2_717', 'Project_3_717', 'Project_4_717']","['Google Cloud Certified', 'AWS Certified', 'Azure Certified']","Name: Candidate_717
            Target Position: Data Scientist
            Summary: Experienced professional with 12 years in the tech industry.
            Skills: Agile, Java, React, PyTorch, Node.js
            Education: Bachelor's in Engineering
            Experience: 12 years
            Projects: Project_0_717, Project_1_717, Project_2_717, Project_3_717, Project_4_717
            Certifications: Google Cloud Certified, AWS Certified, Azure Certified"
RES_0718,Candidate_718,System Administrator,"['JavaScript', 'MongoDB', 'AWS']",PhD in Computer Science,10,"['Project_0_718', 'Project_1_718', 'Project_2_718', 'Project_3_718', 'Project_4_718']","['PMP', 'TensorFlow Developer', 'Google Cloud Certified']","Name: Candidate_718
            Target Position: System Administrator
            Summary: Experienced professional with 10 years in the tech industry.
            Skills: JavaScript, MongoDB, AWS
            Education: PhD in Computer Science
            Experience: 10 years
            Projects: Project_0_718, Project_1_718, Project_2_718, Project_3_718, Project_4_718
            Certifications: PMP, TensorFlow Developer, Google Cloud Certified"
RES_0719,Candidate_719,Full Stack Developer,"['Python', 'PostgreSQL', 'Git', 'PyTorch', 'Docker']",Master's in Engineering,12,"['Project_0_719', 'Project_1_719']","['Scrum Master', 'AWS Certified']","Name: Candidate_719
            Target Position: Full Stack Developer
            Summary: Experienced professional with 12 years in the tech industry.
            Skills: Python, PostgreSQL, Git, PyTorch, Docker
            Education: Master's in Engineering
            Experience: 12 years
            Projects: Project_0_719, Project_1_719
            Certifications: Scrum Master, AWS Certified"
RES_0720,Candidate_720,DevOps Engineer,"['CI/CD', 'PyTorch', 'Git', 'Agile', 'AWS', 'JavaScript']",Bachelor's in Mathematics,9,['Project_0_720'],"['TensorFlow Developer', 'Azure Certified']","Name: Candidate_720
            Target Position: DevOps Engineer
            Summary: Experienced professional with 9 years in the tech industry.
            Skills: CI/CD, PyTorch, Git, Agile, AWS, JavaScript
            Education: Bachelor's in Mathematics
            Experience: 9 years
            Projects: Project_0_720
            Certifications: TensorFlow Developer, Azure Certified"
RES_0721,Candidate_721,Data Analyst,"['Pandas', 'Java', 'SQL']",PhD in Computer Science,2,"['Project_0_721', 'Project_1_721', 'Project_2_721', 'Project_3_721', 'Project_4_721']",[],"Name: Candidate_721
            Target Position: Data Analyst
            Summary: Experienced professional with 2 years in the tech industry.
            Skills: Pandas, Java, SQL
            Education: PhD in Computer Science
            Experience: 2 years
            Projects: Project_0_721, Project_1_721, Project_2_721, Project_3_721, Project_4_721
            Certifications: None"
RES_0722,Candidate_722,UX Designer,"['Node.js', 'PyTorch', 'Agile']",PhD in Engineering,11,['Project_0_722'],"['PMP', 'Azure Certified', 'AWS Certified']","Name: Candidate_722
            Target Position: UX Designer
            Summary: Experienced professional with 11 years in the tech industry.
            Skills: Node.js, PyTorch, Agile
            Education: PhD in Engineering
            Experience: 11 years
            Projects: Project_0_722
            Certifications: PMP, Azure Certified, AWS Certified"
RES_0723,Candidate_723,Backend Developer,"['AWS', 'React', 'Kubernetes']",Master's in Physics,5,"['Project_0_723', 'Project_1_723', 'Project_2_723', 'Project_3_723', 'Project_4_723']",['Google Cloud Certified'],"Name: Candidate_723
            Target Position: Backend Developer
            Summary: Experienced professional with 5 years in the tech industry.
            Skills: AWS, React, Kubernetes
            Education: Master's in Physics
            Experience: 5 years
            Projects: Project_0_723, Project_1_723, Project_2_723, Project_3_723, Project_4_723
            Certifications: Google Cloud Certified"
RES_0724,Candidate_724,Machine Learning Engineer,"['PostgreSQL', 'Kubernetes', 'Java', 'Docker', 'REST APIs', 'GraphQL', 'PyTorch', 'NumPy']",Bachelor's in Mathematics,12,['Project_0_724'],['Google Cloud Certified'],"Name: Candidate_724
            Target Position: Machine Learning Engineer
            Summary: Experienced professional with 12 years in the tech industry.
            Skills: PostgreSQL, Kubernetes, Java, Docker, REST APIs, GraphQL, PyTorch, NumPy
            Education: Bachelor's in Mathematics
            Experience: 12 years
            Projects: Project_0_724
            Certifications: Google Cloud Certified"
RES_0725,Candidate_725,DevOps Engineer,"['Pandas', 'Git', 'TensorFlow', 'Agile', 'JavaScript']",Master's in Computer Science,15,"['Project_0_725', 'Project_1_725', 'Project_2_725']","['Scrum Master', 'TensorFlow Developer', 'PMP']","Name: Candidate_725
            Target Position: DevOps Engineer
            Summary: Experienced professional with 15 years in the tech industry.
            Skills: Pandas, Git, TensorFlow, Agile, JavaScript
            Education: Master's in Computer Science
            Experience: 15 years
            Projects: Project_0_725, Project_1_725, Project_2_725
            Certifications: Scrum Master, TensorFlow Developer, PMP"
RES_0726,Candidate_726,QA Engineer,"['PostgreSQL', 'Git', 'REST APIs', 'Docker', 'MongoDB', 'Agile', 'Node.js', 'JavaScript']",Bachelor's in Engineering,2,['Project_0_726'],"['Azure Certified', 'Scrum Master']","Name: Candidate_726
            Target Position: QA Engineer
            Summary: Experienced professional with 2 years in the tech industry.
            Skills: PostgreSQL, Git, REST APIs, Docker, MongoDB, Agile, Node.js, JavaScript
            Education: Bachelor's in Engineering
            Experience: 2 years
            Projects: Project_0_726
            Certifications: Azure Certified, Scrum Master"
RES_0727,Candidate_727,Data Analyst,"['JavaScript', 'MongoDB', 'NumPy', 'AWS', 'REST APIs', 'Agile', 'CI/CD', 'Pandas']",PhD in Mathematics,10,['Project_0_727'],[],"Name: Candidate_727
            Target Position: Data Analyst
            Summary: Experienced professional with 10 years in the tech industry.
            Skills: JavaScript, MongoDB, NumPy, AWS, REST APIs, Agile, CI/CD, Pandas
            Education: PhD in Mathematics
            Experience: 10 years
            Projects: Project_0_727
            Certifications: None"
RES_0728,Candidate_728,Frontend Developer,"['PyTorch', 'Kubernetes', 'Docker', 'NumPy', 'Pandas', 'SQL']",Master's in Engineering,13,"['Project_0_728', 'Project_1_728']",[],"Name: Candidate_728
            Target Position: Frontend Developer
            Summary: Experienced professional with 13 years in the tech industry.
            Skills: PyTorch, Kubernetes, Docker, NumPy, Pandas, SQL
            Education: Master's in Engineering
            Experience: 13 years
            Projects: Project_0_728, Project_1_728
            Certifications: None"
RES_0729,Candidate_729,Software Engineer,"['Git', 'Python', 'NumPy', 'GraphQL', 'PostgreSQL', 'React']",PhD in Computer Science,1,"['Project_0_729', 'Project_1_729', 'Project_2_729', 'Project_3_729', 'Project_4_729']","['Scrum Master', 'TensorFlow Developer']","Name: Candidate_729
            Target Position: Software Engineer
            Summary: Experienced professional with 1 years in the tech industry.
            Skills: Git, Python, NumPy, GraphQL, PostgreSQL, React
            Education: PhD in Computer Science
            Experience: 1 years
            Projects: Project_0_729, Project_1_729, Project_2_729, Project_3_729, Project_4_729
            Certifications: Scrum Master, TensorFlow Developer"
RES_0730,Candidate_730,Product Manager,"['Agile', 'Kubernetes', 'JavaScript', 'GraphQL', 'PyTorch', 'CI/CD']",Master's in Statistics,12,"['Project_0_730', 'Project_1_730']",['Google Cloud Certified'],"Name: Candidate_730
            Target Position: Product Manager
            Summary: Experienced professional with 12 years in the tech industry.
            Skills: Agile, Kubernetes, JavaScript, GraphQL, PyTorch, CI/CD
            Education: Master's in Statistics
            Experience: 12 years
            Projects: Project_0_730, Project_1_730
            Certifications: Google Cloud Certified"
RES_0731,Candidate_731,QA Engineer,"['TensorFlow', 'CI/CD', 'Agile']",Bachelor's in Statistics,2,"['Project_0_731', 'Project_1_731']","['PMP', 'AWS Certified']","Name: Candidate_731
            Target Position: QA Engineer
            Summary: Experienced professional with 2 years in the tech industry.
            Skills: TensorFlow, CI/CD, Agile
            Education: Bachelor's in Statistics
            Experience: 2 years
            Projects: Project_0_731, Project_1_731
            Certifications: PMP, AWS Certified"
RES_0732,Candidate_732,System Administrator,"['NumPy', 'PostgreSQL', 'Python', 'React', 'SQL', 'Agile']",PhD in Mathematics,1,"['Project_0_732', 'Project_1_732', 'Project_2_732', 'Project_3_732', 'Project_4_732']","['Azure Certified', 'Scrum Master', 'Google Cloud Certified']","Name: Candidate_732
            Target Position: System Administrator
            Summary: Experienced professional with 1 years in the tech industry.
            Skills: NumPy, PostgreSQL, Python, React, SQL, Agile
            Education: PhD in Mathematics
            Experience: 1 years
            Projects: Project_0_732, Project_1_732, Project_2_732, Project_3_732, Project_4_732
            Certifications: Azure Certified, Scrum Master, Google Cloud Certified"
RES_0733,Candidate_733,Data Scientist,"['MongoDB', 'Git', 'Python', 'CI/CD', 'SQL', 'Kubernetes']",PhD in Engineering,5,"['Project_0_733', 'Project_1_733', 'Project_2_733', 'Project_3_733']","['Scrum Master', 'Google Cloud Certified']","Name: Candidate_733
            Target Position: Data Scientist
            Summary: Experienced professional with 5 years in the tech industry.
            Skills: MongoDB, Git, Python, CI/CD, SQL, Kubernetes
            Education: PhD in Engineering
            Experience: 5 years
            Projects: Project_0_733, Project_1_733, Project_2_733, Project_3_733
            Certifications: Scrum Master, Google Cloud Certified"
RES_0734,Candidate_734,Data Scientist,"['React', 'Node.js', 'JavaScript', 'Pandas', 'Kubernetes', 'Python']",PhD in Physics,8,"['Project_0_734', 'Project_1_734', 'Project_2_734']",['Scrum Master'],"Name: Candidate_734
            Target Position: Data Scientist
            Summary: Experienced professional with 8 years in the tech industry.
            Skills: React, Node.js, JavaScript, Pandas, Kubernetes, Python
            Education: PhD in Physics
            Experience: 8 years
            Projects: Project_0_734, Project_1_734, Project_2_734
            Certifications: Scrum Master"
RES_0735,Candidate_735,System Administrator,"['NumPy', 'Docker', 'REST APIs']",Master's in Mathematics,0,"['Project_0_735', 'Project_1_735', 'Project_2_735', 'Project_3_735', 'Project_4_735']","['Scrum Master', 'Google Cloud Certified', 'Azure Certified']","Name: Candidate_735
            Target Position: System Administrator
            Summary: Experienced professional with 0 years in the tech industry.
            Skills: NumPy, Docker, REST APIs
            Education: Master's in Mathematics
            Experience: 0 years
            Projects: Project_0_735, Project_1_735, Project_2_735, Project_3_735, Project_4_735
            Certifications: Scrum Master, Google Cloud Certified, Azure Certified"
RES_0736,Candidate_736,Product Manager,"['PyTorch', 'REST APIs', 'Docker', 'React']",Bachelor's in Mathematics,7,"['Project_0_736', 'Project_1_736', 'Project_2_736']","['AWS Certified', 'PMP']","Name: Candidate_736
            Target Position: Product Manager
            Summary: Experienced professional with 7 years in the tech industry.
            Skills: PyTorch, REST APIs, Docker, React
            Education: Bachelor's in Mathematics
            Experience: 7 years
            Projects: Project_0_736, Project_1_736, Project_2_736
            Certifications: AWS Certified, PMP"
RES_0737,Candidate_737,Software Engineer,"['Node.js', 'JavaScript', 'Pandas', 'TensorFlow', 'GraphQL', 'Git', 'AWS']",PhD in Mathematics,7,"['Project_0_737', 'Project_1_737', 'Project_2_737']","['Scrum Master', 'TensorFlow Developer']","Name: Candidate_737
            Target Position: Software Engineer
            Summary: Experienced professional with 7 years in the tech industry.
            Skills: Node.js, JavaScript, Pandas, TensorFlow, GraphQL, Git, AWS
            Education: PhD in Mathematics
            Experience: 7 years
            Projects: Project_0_737, Project_1_737, Project_2_737
            Certifications: Scrum Master, TensorFlow Developer"
RES_0738,Candidate_738,Backend Developer,"['PyTorch', 'TensorFlow', 'JavaScript', 'REST APIs']",PhD in Physics,1,"['Project_0_738', 'Project_1_738', 'Project_2_738', 'Project_3_738']","['Google Cloud Certified', 'AWS Certified']","Name: Candidate_738
            Target Position: Backend Developer
            Summary: Experienced professional with 1 years in the tech industry.
            Skills: PyTorch, TensorFlow, JavaScript, REST APIs
            Education: PhD in Physics
            Experience: 1 years
            Projects: Project_0_738, Project_1_738, Project_2_738, Project_3_738
            Certifications: Google Cloud Certified, AWS Certified"
RES_0739,Candidate_739,UX Designer,"['MongoDB', 'NumPy', 'JavaScript', 'AWS', 'PyTorch', 'REST APIs']",PhD in Engineering,3,"['Project_0_739', 'Project_1_739', 'Project_2_739', 'Project_3_739', 'Project_4_739']",[],"Name: Candidate_739
            Target Position: UX Designer
            Summary: Experienced professional with 3 years in the tech industry.
            Skills: MongoDB, NumPy, JavaScript, AWS, PyTorch, REST APIs
            Education: PhD in Engineering
            Experience: 3 years
            Projects: Project_0_739, Project_1_739, Project_2_739, Project_3_739, Project_4_739
            Certifications: None"
RES_0740,Candidate_740,Product Manager,"['AWS', 'Docker', 'TensorFlow', 'GraphQL', 'React', 'REST APIs']",PhD in Physics,10,"['Project_0_740', 'Project_1_740', 'Project_2_740', 'Project_3_740', 'Project_4_740']",['PMP'],"Name: Candidate_740
            Target Position: Product Manager
            Summary: Experienced professional with 10 years in the tech industry.
            Skills: AWS, Docker, TensorFlow, GraphQL, React, REST APIs
            Education: PhD in Physics
            Experience: 10 years
            Projects: Project_0_740, Project_1_740, Project_2_740, Project_3_740, Project_4_740
            Certifications: PMP"
RES_0741,Candidate_741,Business Analyst,"['PostgreSQL', 'AWS', 'Python', 'Agile', 'GraphQL', 'Docker', 'REST APIs', 'Node.js']",PhD in Engineering,2,"['Project_0_741', 'Project_1_741', 'Project_2_741', 'Project_3_741', 'Project_4_741']",['TensorFlow Developer'],"Name: Candidate_741
            Target Position: Business Analyst
            Summary: Experienced professional with 2 years in the tech industry.
            Skills: PostgreSQL, AWS, Python, Agile, GraphQL, Docker, REST APIs, Node.js
            Education: PhD in Engineering
            Experience: 2 years
            Projects: Project_0_741, Project_1_741, Project_2_741, Project_3_741, Project_4_741
            Certifications: TensorFlow Developer"
RES_0742,Candidate_742,UX Designer,"['Python', 'GraphQL', 'Docker', 'Agile', 'PostgreSQL']",Master's in Statistics,8,"['Project_0_742', 'Project_1_742']","['Scrum Master', 'TensorFlow Developer', 'AWS Certified']","Name: Candidate_742
            Target Position: UX Designer
            Summary: Experienced professional with 8 years in the tech industry.
            Skills: Python, GraphQL, Docker, Agile, PostgreSQL
            Education: Master's in Statistics
            Experience: 8 years
            Projects: Project_0_742, Project_1_742
            Certifications: Scrum Master, TensorFlow Developer, AWS Certified"
RES_0743,Candidate_743,Full Stack Developer,"['GraphQL', 'Python', 'Agile', 'SQL']",Master's in Statistics,11,"['Project_0_743', 'Project_1_743', 'Project_2_743', 'Project_3_743']","['Azure Certified', 'PMP', 'TensorFlow Developer']","Name: Candidate_743
            Target Position: Full Stack Developer
            Summary: Experienced professional with 11 years in the tech industry.
            Skills: GraphQL, Python, Agile, SQL
            Education: Master's in Statistics
            Experience: 11 years
            Projects: Project_0_743, Project_1_743, Project_2_743, Project_3_743
            Certifications: Azure Certified, PMP, TensorFlow Developer"
RES_0744,Candidate_744,Frontend Developer,"['Java', 'Pandas', 'React', 'PostgreSQL', 'Agile', 'NumPy']",Bachelor's in Physics,3,"['Project_0_744', 'Project_1_744', 'Project_2_744', 'Project_3_744', 'Project_4_744']",[],"Name: Candidate_744
            Target Position: Frontend Developer
            Summary: Experienced professional with 3 years in the tech industry.
            Skills: Java, Pandas, React, PostgreSQL, Agile, NumPy
            Education: Bachelor's in Physics
            Experience: 3 years
            Projects: Project_0_744, Project_1_744, Project_2_744, Project_3_744, Project_4_744
            Certifications: None"
RES_0745,Candidate_745,Frontend Developer,"['TensorFlow', 'Agile', 'Pandas', 'Kubernetes', 'SQL']",Bachelor's in Statistics,9,"['Project_0_745', 'Project_1_745']",[],"Name: Candidate_745
            Target Position: Frontend Developer
            Summary: Experienced professional with 9 years in the tech industry.
            Skills: TensorFlow, Agile, Pandas, Kubernetes, SQL
            Education: Bachelor's in Statistics
            Experience: 9 years
            Projects: Project_0_745, Project_1_745
            Certifications: None"
RES_0746,Candidate_746,Full Stack Developer,"['Java', 'GraphQL', 'NumPy', 'Python', 'Kubernetes', 'MongoDB']",PhD in Statistics,14,"['Project_0_746', 'Project_1_746']",[],"Name: Candidate_746
            Target Position: Full Stack Developer
            Summary: Experienced professional with 14 years in the tech industry.
            Skills: Java, GraphQL, NumPy, Python, Kubernetes, MongoDB
            Education: PhD in Statistics
            Experience: 14 years
            Projects: Project_0_746, Project_1_746
            Certifications: None"
RES_0747,Candidate_747,Backend Developer,"['NumPy', 'TensorFlow', 'Docker', 'PostgreSQL', 'React', 'REST APIs']",Bachelor's in Computer Science,14,"['Project_0_747', 'Project_1_747', 'Project_2_747', 'Project_3_747', 'Project_4_747']",[],"Name: Candidate_747
            Target Position: Backend Developer
            Summary: Experienced professional with 14 years in the tech industry.
            Skills: NumPy, TensorFlow, Docker, PostgreSQL, React, REST APIs
            Education: Bachelor's in Computer Science
            Experience: 14 years
            Projects: Project_0_747, Project_1_747, Project_2_747, Project_3_747, Project_4_747
            Certifications: None"
RES_0748,Candidate_748,Business Analyst,"['REST APIs', 'GraphQL', 'MongoDB', 'Java', 'NumPy']",PhD in Mathematics,5,"['Project_0_748', 'Project_1_748']","['Google Cloud Certified', 'AWS Certified']","Name: Candidate_748
            Target Position: Business Analyst
            Summary: Experienced professional with 5 years in the tech industry.
            Skills: REST APIs, GraphQL, MongoDB, Java, NumPy
            Education: PhD in Mathematics
            Experience: 5 years
            Projects: Project_0_748, Project_1_748
            Certifications: Google Cloud Certified, AWS Certified"
RES_0749,Candidate_749,UX Designer,"['SQL', 'PyTorch', 'Git']",Master's in Engineering,6,"['Project_0_749', 'Project_1_749', 'Project_2_749', 'Project_3_749']","['Scrum Master', 'PMP', 'Azure Certified']","Name: Candidate_749
            Target Position: UX Designer
            Summary: Experienced professional with 6 years in the tech industry.
            Skills: SQL, PyTorch, Git
            Education: Master's in Engineering
            Experience: 6 years
            Projects: Project_0_749, Project_1_749, Project_2_749, Project_3_749
            Certifications: Scrum Master, PMP, Azure Certified"
RES_0750,Candidate_750,QA Engineer,"['JavaScript', 'Git', 'SQL']",PhD in Physics,10,"['Project_0_750', 'Project_1_750', 'Project_2_750']",[],"Name: Candidate_750
            Target Position: QA Engineer
            Summary: Experienced professional with 10 years in the tech industry.
            Skills: JavaScript, Git, SQL
            Education: PhD in Physics
            Experience: 10 years
            Projects: Project_0_750, Project_1_750, Project_2_750
            Certifications: None"
RES_0751,Candidate_751,Frontend Developer,"['React', 'Kubernetes', 'NumPy', 'AWS']",PhD in Engineering,13,['Project_0_751'],['AWS Certified'],"Name: Candidate_751
            Target Position: Frontend Developer
            Summary: Experienced professional with 13 years in the tech industry.
            Skills: React, Kubernetes, NumPy, AWS
            Education: PhD in Engineering
            Experience: 13 years
            Projects: Project_0_751
            Certifications: AWS Certified"
RES_0752,Candidate_752,Full Stack Developer,"['CI/CD', 'React', 'NumPy', 'Git', 'SQL', 'GraphQL', 'REST APIs', 'Agile']",Master's in Mathematics,6,"['Project_0_752', 'Project_1_752', 'Project_2_752', 'Project_3_752', 'Project_4_752']","['Scrum Master', 'Azure Certified', 'PMP']","Name: Candidate_752
            Target Position: Full Stack Developer
            Summary: Experienced professional with 6 years in the tech industry.
            Skills: CI/CD, React, NumPy, Git, SQL, GraphQL, REST APIs, Agile
            Education: Master's in Mathematics
            Experience: 6 years
            Projects: Project_0_752, Project_1_752, Project_2_752, Project_3_752, Project_4_752
            Certifications: Scrum Master, Azure Certified, PMP"
RES_0753,Candidate_753,Machine Learning Engineer,"['NumPy', 'GraphQL', 'PostgreSQL']",PhD in Mathematics,0,"['Project_0_753', 'Project_1_753', 'Project_2_753', 'Project_3_753']",[],"Name: Candidate_753
            Target Position: Machine Learning Engineer
            Summary: Experienced professional with 0 years in the tech industry.
            Skills: NumPy, GraphQL, PostgreSQL
            Education: PhD in Mathematics
            Experience: 0 years
            Projects: Project_0_753, Project_1_753, Project_2_753, Project_3_753
            Certifications: None"
RES_0754,Candidate_754,UX Designer,"['MongoDB', 'PyTorch', 'React', 'GraphQL', 'NumPy', 'Agile']",PhD in Physics,2,"['Project_0_754', 'Project_1_754']",['PMP'],"Name: Candidate_754
            Target Position: UX Designer
            Summary: Experienced professional with 2 years in the tech industry.
            Skills: MongoDB, PyTorch, React, GraphQL, NumPy, Agile
            Education: PhD in Physics
            Experience: 2 years
            Projects: Project_0_754, Project_1_754
            Certifications: PMP"
RES_0755,Candidate_755,Data Scientist,"['Agile', 'JavaScript', 'NumPy', 'Docker', 'REST APIs', 'Kubernetes', 'React']",PhD in Mathematics,5,"['Project_0_755', 'Project_1_755']",['PMP'],"Name: Candidate_755
            Target Position: Data Scientist
            Summary: Experienced professional with 5 years in the tech industry.
            Skills: Agile, JavaScript, NumPy, Docker, REST APIs, Kubernetes, React
            Education: PhD in Mathematics
            Experience: 5 years
            Projects: Project_0_755, Project_1_755
            Certifications: PMP"
RES_0756,Candidate_756,System Administrator,"['AWS', 'Python', 'JavaScript', 'REST APIs', 'CI/CD', 'GraphQL']",PhD in Mathematics,8,"['Project_0_756', 'Project_1_756']","['Azure Certified', 'TensorFlow Developer']","Name: Candidate_756
            Target Position: System Administrator
            Summary: Experienced professional with 8 years in the tech industry.
            Skills: AWS, Python, JavaScript, REST APIs, CI/CD, GraphQL
            Education: PhD in Mathematics
            Experience: 8 years
            Projects: Project_0_756, Project_1_756
            Certifications: Azure Certified, TensorFlow Developer"
RES_0757,Candidate_757,UX Designer,"['Kubernetes', 'Agile', 'Node.js', 'Docker', 'NumPy', 'PostgreSQL', 'JavaScript', 'Python']",Bachelor's in Physics,15,"['Project_0_757', 'Project_1_757', 'Project_2_757', 'Project_3_757']",[],"Name: Candidate_757
            Target Position: UX Designer
            Summary: Experienced professional with 15 years in the tech industry.
            Skills: Kubernetes, Agile, Node.js, Docker, NumPy, PostgreSQL, JavaScript, Python
            Education: Bachelor's in Physics
            Experience: 15 years
            Projects: Project_0_757, Project_1_757, Project_2_757, Project_3_757
            Certifications: None"
RES_0758,Candidate_758,Machine Learning Engineer,"['Docker', 'PostgreSQL', 'CI/CD', 'NumPy']",Master's in Mathematics,10,"['Project_0_758', 'Project_1_758']","['PMP', 'TensorFlow Developer']","Name: Candidate_758
            Target Position: Machine Learning Engineer
            Summary: Experienced professional with 10 years in the tech industry.
            Skills: Docker, PostgreSQL, CI/CD, NumPy
            Education: Master's in Mathematics
            Experience: 10 years
            Projects: Project_0_758, Project_1_758
            Certifications: PMP, TensorFlow Developer"
RES_0759,Candidate_759,Frontend Developer,"['PostgreSQL', 'Agile', 'Git']",Bachelor's in Computer Science,13,"['Project_0_759', 'Project_1_759', 'Project_2_759']",['TensorFlow Developer'],"Name: Candidate_759
            Target Position: Frontend Developer
            Summary: Experienced professional with 13 years in the tech industry.
            Skills: PostgreSQL, Agile, Git
            Education: Bachelor's in Computer Science
            Experience: 13 years
            Projects: Project_0_759, Project_1_759, Project_2_759
            Certifications: TensorFlow Developer"
RES_0760,Candidate_760,System Administrator,"['Python', 'PostgreSQL', 'Node.js', 'JavaScript', 'CI/CD', 'React', 'SQL', 'PyTorch']",PhD in Physics,5,"['Project_0_760', 'Project_1_760', 'Project_2_760', 'Project_3_760', 'Project_4_760']",[],"Name: Candidate_760
            Target Position: System Administrator
            Summary: Experienced professional with 5 years in the tech industry.
            Skills: Python, PostgreSQL, Node.js, JavaScript, CI/CD, React, SQL, PyTorch
            Education: PhD in Physics
            Experience: 5 years
            Projects: Project_0_760, Project_1_760, Project_2_760, Project_3_760, Project_4_760
            Certifications: None"
RES_0761,Candidate_761,Data Scientist,"['PyTorch', 'REST APIs', 'TensorFlow', 'GraphQL', 'Agile']",Bachelor's in Computer Science,12,"['Project_0_761', 'Project_1_761', 'Project_2_761']","['Scrum Master', 'PMP']","Name: Candidate_761
            Target Position: Data Scientist
            Summary: Experienced professional with 12 years in the tech industry.
            Skills: PyTorch, REST APIs, TensorFlow, GraphQL, Agile
            Education: Bachelor's in Computer Science
            Experience: 12 years
            Projects: Project_0_761, Project_1_761, Project_2_761
            Certifications: Scrum Master, PMP"
RES_0762,Candidate_762,Business Analyst,"['MongoDB', 'AWS', 'Python', 'Node.js']",Bachelor's in Computer Science,8,"['Project_0_762', 'Project_1_762', 'Project_2_762', 'Project_3_762', 'Project_4_762']","['Google Cloud Certified', 'AWS Certified', 'Scrum Master']","Name: Candidate_762
            Target Position: Business Analyst
            Summary: Experienced professional with 8 years in the tech industry.
            Skills: MongoDB, AWS, Python, Node.js
            Education: Bachelor's in Computer Science
            Experience: 8 years
            Projects: Project_0_762, Project_1_762, Project_2_762, Project_3_762, Project_4_762
            Certifications: Google Cloud Certified, AWS Certified, Scrum Master"
RES_0763,Candidate_763,QA Engineer,"['CI/CD', 'Kubernetes', 'Python', 'PyTorch', 'GraphQL', 'AWS']",PhD in Statistics,13,"['Project_0_763', 'Project_1_763']",['AWS Certified'],"Name: Candidate_763
            Target Position: QA Engineer
            Summary: Experienced professional with 13 years in the tech industry.
            Skills: CI/CD, Kubernetes, Python, PyTorch, GraphQL, AWS
            Education: PhD in Statistics
            Experience: 13 years
            Projects: Project_0_763, Project_1_763
            Certifications: AWS Certified"
RES_0764,Candidate_764,Frontend Developer,"['PyTorch', 'React', 'Python', 'SQL', 'Pandas', 'Git', 'PostgreSQL', 'CI/CD']",Bachelor's in Statistics,1,['Project_0_764'],['Scrum Master'],"Name: Candidate_764
            Target Position: Frontend Developer
            Summary: Experienced professional with 1 years in the tech industry.
            Skills: PyTorch, React, Python, SQL, Pandas, Git, PostgreSQL, CI/CD
            Education: Bachelor's in Statistics
            Experience: 1 years
            Projects: Project_0_764
            Certifications: Scrum Master"
RES_0765,Candidate_765,Machine Learning Engineer,"['MongoDB', 'Docker', 'React', 'CI/CD', 'TensorFlow', 'Python']",PhD in Computer Science,7,['Project_0_765'],"['AWS Certified', 'Azure Certified', 'TensorFlow Developer']","Name: Candidate_765
            Target Position: Machine Learning Engineer
            Summary: Experienced professional with 7 years in the tech industry.
            Skills: MongoDB, Docker, React, CI/CD, TensorFlow, Python
            Education: PhD in Computer Science
            Experience: 7 years
            Projects: Project_0_765
            Certifications: AWS Certified, Azure Certified, TensorFlow Developer"
RES_0766,Candidate_766,Product Manager,"['PyTorch', 'TensorFlow', 'React', 'Java', 'MongoDB', 'Docker', 'Agile']",Bachelor's in Physics,4,"['Project_0_766', 'Project_1_766', 'Project_2_766', 'Project_3_766', 'Project_4_766']","['TensorFlow Developer', 'AWS Certified']","Name: Candidate_766
            Target Position: Product Manager
            Summary: Experienced professional with 4 years in the tech industry.
            Skills: PyTorch, TensorFlow, React, Java, MongoDB, Docker, Agile
            Education: Bachelor's in Physics
            Experience: 4 years
            Projects: Project_0_766, Project_1_766, Project_2_766, Project_3_766, Project_4_766
            Certifications: TensorFlow Developer, AWS Certified"
RES_0767,Candidate_767,Product Manager,"['Agile', 'SQL', 'Python']",Master's in Computer Science,0,"['Project_0_767', 'Project_1_767', 'Project_2_767', 'Project_3_767']","['Azure Certified', 'AWS Certified', 'TensorFlow Developer']","Name: Candidate_767
            Target Position: Product Manager
            Summary: Experienced professional with 0 years in the tech industry.
            Skills: Agile, SQL, Python
            Education: Master's in Computer Science
            Experience: 0 years
            Projects: Project_0_767, Project_1_767, Project_2_767, Project_3_767
            Certifications: Azure Certified, AWS Certified, TensorFlow Developer"
RES_0768,Candidate_768,DevOps Engineer,"['PostgreSQL', 'Docker', 'Node.js']",Master's in Computer Science,5,['Project_0_768'],"['TensorFlow Developer', 'Google Cloud Certified']","Name: Candidate_768
            Target Position: DevOps Engineer
            Summary: Experienced professional with 5 years in the tech industry.
            Skills: PostgreSQL, Docker, Node.js
            Education: Master's in Computer Science
            Experience: 5 years
            Projects: Project_0_768
            Certifications: TensorFlow Developer, Google Cloud Certified"
RES_0769,Candidate_769,Data Analyst,"['SQL', 'Java', 'MongoDB', 'GraphQL', 'Node.js', 'Docker']",PhD in Mathematics,12,"['Project_0_769', 'Project_1_769', 'Project_2_769', 'Project_3_769']","['Azure Certified', 'PMP']","Name: Candidate_769
            Target Position: Data Analyst
            Summary: Experienced professional with 12 years in the tech industry.
            Skills: SQL, Java, MongoDB, GraphQL, Node.js, Docker
            Education: PhD in Mathematics
            Experience: 12 years
            Projects: Project_0_769, Project_1_769, Project_2_769, Project_3_769
            Certifications: Azure Certified, PMP"
RES_0770,Candidate_770,Backend Developer,"['CI/CD', 'Java', 'Pandas']",Bachelor's in Engineering,11,"['Project_0_770', 'Project_1_770', 'Project_2_770', 'Project_3_770']",[],"Name: Candidate_770
            Target Position: Backend Developer
            Summary: Experienced professional with 11 years in the tech industry.
            Skills: CI/CD, Java, Pandas
            Education: Bachelor's in Engineering
            Experience: 11 years
            Projects: Project_0_770, Project_1_770, Project_2_770, Project_3_770
            Certifications: None"
RES_0771,Candidate_771,DevOps Engineer,"['GraphQL', 'PostgreSQL', 'REST APIs', 'Git', 'Pandas', 'Docker']",Master's in Physics,6,"['Project_0_771', 'Project_1_771']","['Azure Certified', 'Scrum Master', 'TensorFlow Developer']","Name: Candidate_771
            Target Position: DevOps Engineer
            Summary: Experienced professional with 6 years in the tech industry.
            Skills: GraphQL, PostgreSQL, REST APIs, Git, Pandas, Docker
            Education: Master's in Physics
            Experience: 6 years
            Projects: Project_0_771, Project_1_771
            Certifications: Azure Certified, Scrum Master, TensorFlow Developer"
RES_0772,Candidate_772,Business Analyst,"['JavaScript', 'TensorFlow', 'NumPy']",PhD in Statistics,6,"['Project_0_772', 'Project_1_772', 'Project_2_772', 'Project_3_772']",[],"Name: Candidate_772
            Target Position: Business Analyst
            Summary: Experienced professional with 6 years in the tech industry.
            Skills: JavaScript, TensorFlow, NumPy
            Education: PhD in Statistics
            Experience: 6 years
            Projects: Project_0_772, Project_1_772, Project_2_772, Project_3_772
            Certifications: None"
RES_0773,Candidate_773,Business Analyst,"['Kubernetes', 'Python', 'Agile']",Master's in Physics,1,"['Project_0_773', 'Project_1_773', 'Project_2_773', 'Project_3_773']","['Scrum Master', 'PMP', 'TensorFlow Developer']","Name: Candidate_773
            Target Position: Business Analyst
            Summary: Experienced professional with 1 years in the tech industry.
            Skills: Kubernetes, Python, Agile
            Education: Master's in Physics
            Experience: 1 years
            Projects: Project_0_773, Project_1_773, Project_2_773, Project_3_773
            Certifications: Scrum Master, PMP, TensorFlow Developer"
RES_0774,Candidate_774,Product Manager,"['Agile', 'Node.js', 'GraphQL', 'Python', 'Pandas', 'NumPy', 'Kubernetes']",Bachelor's in Engineering,15,['Project_0_774'],"['Azure Certified', 'TensorFlow Developer', 'Google Cloud Certified']","Name: Candidate_774
            Target Position: Product Manager
            Summary: Experienced professional with 15 years in the tech industry.
            Skills: Agile, Node.js, GraphQL, Python, Pandas, NumPy, Kubernetes
            Education: Bachelor's in Engineering
            Experience: 15 years
            Projects: Project_0_774
            Certifications: Azure Certified, TensorFlow Developer, Google Cloud Certified"
RES_0775,Candidate_775,Data Analyst,"['AWS', 'Agile', 'Kubernetes']",Master's in Physics,12,"['Project_0_775', 'Project_1_775', 'Project_2_775', 'Project_3_775']",[],"Name: Candidate_775
            Target Position: Data Analyst
            Summary: Experienced professional with 12 years in the tech industry.
            Skills: AWS, Agile, Kubernetes
            Education: Master's in Physics
            Experience: 12 years
            Projects: Project_0_775, Project_1_775, Project_2_775, Project_3_775
            Certifications: None"
RES_0776,Candidate_776,DevOps Engineer,"['SQL', 'Git', 'PostgreSQL', 'React', 'NumPy', 'Agile']",Master's in Physics,9,['Project_0_776'],[],"Name: Candidate_776
            Target Position: DevOps Engineer
            Summary: Experienced professional with 9 years in the tech industry.
            Skills: SQL, Git, PostgreSQL, React, NumPy, Agile
            Education: Master's in Physics
            Experience: 9 years
            Projects: Project_0_776
            Certifications: None"
RES_0777,Candidate_777,Full Stack Developer,"['JavaScript', 'AWS', 'Docker', 'PyTorch', 'Python', 'Kubernetes']",PhD in Physics,6,"['Project_0_777', 'Project_1_777']","['Google Cloud Certified', 'Scrum Master']","Name: Candidate_777
            Target Position: Full Stack Developer
            Summary: Experienced professional with 6 years in the tech industry.
            Skills: JavaScript, AWS, Docker, PyTorch, Python, Kubernetes
            Education: PhD in Physics
            Experience: 6 years
            Projects: Project_0_777, Project_1_777
            Certifications: Google Cloud Certified, Scrum Master"
RES_0778,Candidate_778,Business Analyst,"['Agile', 'Pandas', 'Java']",PhD in Physics,8,"['Project_0_778', 'Project_1_778']",['Azure Certified'],"Name: Candidate_778
            Target Position: Business Analyst
            Summary: Experienced professional with 8 years in the tech industry.
            Skills: Agile, Pandas, Java
            Education: PhD in Physics
            Experience: 8 years
            Projects: Project_0_778, Project_1_778
            Certifications: Azure Certified"
RES_0779,Candidate_779,UX Designer,"['PyTorch', 'Pandas', 'Docker', 'GraphQL', 'PostgreSQL', 'AWS', 'TensorFlow']",Bachelor's in Engineering,0,"['Project_0_779', 'Project_1_779']","['AWS Certified', 'TensorFlow Developer']","Name: Candidate_779
            Target Position: UX Designer
            Summary: Experienced professional with 0 years in the tech industry.
            Skills: PyTorch, Pandas, Docker, GraphQL, PostgreSQL, AWS, TensorFlow
            Education: Bachelor's in Engineering
            Experience: 0 years
            Projects: Project_0_779, Project_1_779
            Certifications: AWS Certified, TensorFlow Developer"
RES_0780,Candidate_780,Business Analyst,"['REST APIs', 'Kubernetes', 'React', 'Agile', 'AWS', 'SQL', 'Java']",PhD in Computer Science,11,"['Project_0_780', 'Project_1_780', 'Project_2_780']",['Scrum Master'],"Name: Candidate_780
            Target Position: Business Analyst
            Summary: Experienced professional with 11 years in the tech industry.
            Skills: REST APIs, Kubernetes, React, Agile, AWS, SQL, Java
            Education: PhD in Computer Science
            Experience: 11 years
            Projects: Project_0_780, Project_1_780, Project_2_780
            Certifications: Scrum Master"
RES_0781,Candidate_781,Data Analyst,"['Node.js', 'GraphQL', 'AWS', 'NumPy', 'TensorFlow', 'Agile']",Bachelor's in Engineering,12,"['Project_0_781', 'Project_1_781', 'Project_2_781']","['Azure Certified', 'AWS Certified', 'TensorFlow Developer']","Name: Candidate_781
            Target Position: Data Analyst
            Summary: Experienced professional with 12 years in the tech industry.
            Skills: Node.js, GraphQL, AWS, NumPy, TensorFlow, Agile
            Education: Bachelor's in Engineering
            Experience: 12 years
            Projects: Project_0_781, Project_1_781, Project_2_781
            Certifications: Azure Certified, AWS Certified, TensorFlow Developer"
RES_0782,Candidate_782,Full Stack Developer,"['MongoDB', 'Agile', 'Git', 'Kubernetes', 'GraphQL', 'TensorFlow', 'Python']",PhD in Engineering,3,"['Project_0_782', 'Project_1_782']","['Scrum Master', 'Google Cloud Certified', 'PMP']","Name: Candidate_782
            Target Position: Full Stack Developer
            Summary: Experienced professional with 3 years in the tech industry.
            Skills: MongoDB, Agile, Git, Kubernetes, GraphQL, TensorFlow, Python
            Education: PhD in Engineering
            Experience: 3 years
            Projects: Project_0_782, Project_1_782
            Certifications: Scrum Master, Google Cloud Certified, PMP"
RES_0783,Candidate_783,Product Manager,"['PostgreSQL', 'MongoDB', 'React', 'Node.js', 'TensorFlow', 'Python', 'Docker']",PhD in Statistics,1,['Project_0_783'],"['TensorFlow Developer', 'Google Cloud Certified']","Name: Candidate_783
            Target Position: Product Manager
            Summary: Experienced professional with 1 years in the tech industry.
            Skills: PostgreSQL, MongoDB, React, Node.js, TensorFlow, Python, Docker
            Education: PhD in Statistics
            Experience: 1 years
            Projects: Project_0_783
            Certifications: TensorFlow Developer, Google Cloud Certified"
RES_0784,Candidate_784,UX Designer,"['Node.js', 'REST APIs', 'Docker', 'Java', 'Agile']",Master's in Physics,11,['Project_0_784'],[],"Name: Candidate_784
            Target Position: UX Designer
            Summary: Experienced professional with 11 years in the tech industry.
            Skills: Node.js, REST APIs, Docker, Java, Agile
            Education: Master's in Physics
            Experience: 11 years
            Projects: Project_0_784
            Certifications: None"
RES_0785,Candidate_785,DevOps Engineer,"['PyTorch', 'PostgreSQL', 'Python']",Bachelor's in Mathematics,6,"['Project_0_785', 'Project_1_785']","['Google Cloud Certified', 'TensorFlow Developer']","Name: Candidate_785
            Target Position: DevOps Engineer
            Summary: Experienced professional with 6 years in the tech industry.
            Skills: PyTorch, PostgreSQL, Python
            Education: Bachelor's in Mathematics
            Experience: 6 years
            Projects: Project_0_785, Project_1_785
            Certifications: Google Cloud Certified, TensorFlow Developer"
RES_0786,Candidate_786,Data Scientist,"['CI/CD', 'Java', 'Node.js']",PhD in Statistics,1,['Project_0_786'],"['TensorFlow Developer', 'Azure Certified']","Name: Candidate_786
            Target Position: Data Scientist
            Summary: Experienced professional with 1 years in the tech industry.
            Skills: CI/CD, Java, Node.js
            Education: PhD in Statistics
            Experience: 1 years
            Projects: Project_0_786
            Certifications: TensorFlow Developer, Azure Certified"
RES_0787,Candidate_787,Machine Learning Engineer,"['PostgreSQL', 'PyTorch', 'Kubernetes', 'JavaScript']",Master's in Mathematics,2,"['Project_0_787', 'Project_1_787']","['Scrum Master', 'Google Cloud Certified']","Name: Candidate_787
            Target Position: Machine Learning Engineer
            Summary: Experienced professional with 2 years in the tech industry.
            Skills: PostgreSQL, PyTorch, Kubernetes, JavaScript
            Education: Master's in Mathematics
            Experience: 2 years
            Projects: Project_0_787, Project_1_787
            Certifications: Scrum Master, Google Cloud Certified"
RES_0788,Candidate_788,UX Designer,"['Git', 'Python', 'Pandas', 'Agile', 'AWS', 'Kubernetes', 'JavaScript']",Bachelor's in Statistics,14,"['Project_0_788', 'Project_1_788', 'Project_2_788', 'Project_3_788', 'Project_4_788']","['Scrum Master', 'TensorFlow Developer', 'Azure Certified']","Name: Candidate_788
            Target Position: UX Designer
            Summary: Experienced professional with 14 years in the tech industry.
            Skills: Git, Python, Pandas, Agile, AWS, Kubernetes, JavaScript
            Education: Bachelor's in Statistics
            Experience: 14 years
            Projects: Project_0_788, Project_1_788, Project_2_788, Project_3_788, Project_4_788
            Certifications: Scrum Master, TensorFlow Developer, Azure Certified"
RES_0789,Candidate_789,Data Scientist,"['MongoDB', 'Node.js', 'PostgreSQL', 'Python']",Master's in Computer Science,1,"['Project_0_789', 'Project_1_789', 'Project_2_789']","['AWS Certified', 'TensorFlow Developer', 'Scrum Master']","Name: Candidate_789
            Target Position: Data Scientist
            Summary: Experienced professional with 1 years in the tech industry.
            Skills: MongoDB, Node.js, PostgreSQL, Python
            Education: Master's in Computer Science
            Experience: 1 years
            Projects: Project_0_789, Project_1_789, Project_2_789
            Certifications: AWS Certified, TensorFlow Developer, Scrum Master"
RES_0790,Candidate_790,UX Designer,"['Agile', 'PyTorch', 'Git', 'Pandas', 'SQL', 'Python', 'GraphQL']",Bachelor's in Physics,5,"['Project_0_790', 'Project_1_790']",[],"Name: Candidate_790
            Target Position: UX Designer
            Summary: Experienced professional with 5 years in the tech industry.
            Skills: Agile, PyTorch, Git, Pandas, SQL, Python, GraphQL
            Education: Bachelor's in Physics
            Experience: 5 years
            Projects: Project_0_790, Project_1_790
            Certifications: None"
RES_0791,Candidate_791,Product Manager,"['Agile', 'Python', 'JavaScript', 'Java', 'CI/CD', 'React', 'TensorFlow']",Bachelor's in Statistics,7,"['Project_0_791', 'Project_1_791', 'Project_2_791', 'Project_3_791']",[],"Name: Candidate_791
            Target Position: Product Manager
            Summary: Experienced professional with 7 years in the tech industry.
            Skills: Agile, Python, JavaScript, Java, CI/CD, React, TensorFlow
            Education: Bachelor's in Statistics
            Experience: 7 years
            Projects: Project_0_791, Project_1_791, Project_2_791, Project_3_791
            Certifications: None"
RES_0792,Candidate_792,Data Scientist,"['PyTorch', 'React', 'Java', 'AWS', 'Agile']",Bachelor's in Physics,13,"['Project_0_792', 'Project_1_792', 'Project_2_792', 'Project_3_792']","['Google Cloud Certified', 'AWS Certified', 'TensorFlow Developer']","Name: Candidate_792
            Target Position: Data Scientist
            Summary: Experienced professional with 13 years in the tech industry.
            Skills: PyTorch, React, Java, AWS, Agile
            Education: Bachelor's in Physics
            Experience: 13 years
            Projects: Project_0_792, Project_1_792, Project_2_792, Project_3_792
            Certifications: Google Cloud Certified, AWS Certified, TensorFlow Developer"
RES_0793,Candidate_793,System Administrator,"['Git', 'CI/CD', 'React', 'Agile', 'SQL', 'Pandas', 'MongoDB', 'AWS']",PhD in Engineering,11,"['Project_0_793', 'Project_1_793', 'Project_2_793', 'Project_3_793', 'Project_4_793']","['TensorFlow Developer', 'Google Cloud Certified', 'AWS Certified']","Name: Candidate_793
            Target Position: System Administrator
            Summary: Experienced professional with 11 years in the tech industry.
            Skills: Git, CI/CD, React, Agile, SQL, Pandas, MongoDB, AWS
            Education: PhD in Engineering
            Experience: 11 years
            Projects: Project_0_793, Project_1_793, Project_2_793, Project_3_793, Project_4_793
            Certifications: TensorFlow Developer, Google Cloud Certified, AWS Certified"
RES_0794,Candidate_794,Frontend Developer,"['Git', 'TensorFlow', 'Kubernetes', 'NumPy']",Bachelor's in Statistics,6,"['Project_0_794', 'Project_1_794', 'Project_2_794', 'Project_3_794', 'Project_4_794']","['Scrum Master', 'AWS Certified', 'PMP']","Name: Candidate_794
            Target Position: Frontend Developer
            Summary: Experienced professional with 6 years in the tech industry.
            Skills: Git, TensorFlow, Kubernetes, NumPy
            Education: Bachelor's in Statistics
            Experience: 6 years
            Projects: Project_0_794, Project_1_794, Project_2_794, Project_3_794, Project_4_794
            Certifications: Scrum Master, AWS Certified, PMP"
RES_0795,Candidate_795,QA Engineer,"['TensorFlow', 'NumPy', 'SQL']",Master's in Mathematics,9,['Project_0_795'],"['AWS Certified', 'Google Cloud Certified']","Name: Candidate_795
            Target Position: QA Engineer
            Summary: Experienced professional with 9 years in the tech industry.
            Skills: TensorFlow, NumPy, SQL
            Education: Master's in Mathematics
            Experience: 9 years
            Projects: Project_0_795
            Certifications: AWS Certified, Google Cloud Certified"
RES_0796,Candidate_796,Full Stack Developer,"['REST APIs', 'JavaScript', 'React', 'GraphQL', 'Docker', 'Java', 'PostgreSQL', 'CI/CD']",Master's in Mathematics,5,"['Project_0_796', 'Project_1_796']","['Scrum Master', 'Google Cloud Certified', 'PMP']","Name: Candidate_796
            Target Position: Full Stack Developer
            Summary: Experienced professional with 5 years in the tech industry.
            Skills: REST APIs, JavaScript, React, GraphQL, Docker, Java, PostgreSQL, CI/CD
            Education: Master's in Mathematics
            Experience: 5 years
            Projects: Project_0_796, Project_1_796
            Certifications: Scrum Master, Google Cloud Certified, PMP"
RES_0797,Candidate_797,QA Engineer,"['Agile', 'Pandas', 'TensorFlow', 'Python', 'Node.js', 'NumPy']",Bachelor's in Engineering,11,"['Project_0_797', 'Project_1_797', 'Project_2_797']",[],"Name: Candidate_797
            Target Position: QA Engineer
            Summary: Experienced professional with 11 years in the tech industry.
            Skills: Agile, Pandas, TensorFlow, Python, Node.js, NumPy
            Education: Bachelor's in Engineering
            Experience: 11 years
            Projects: Project_0_797, Project_1_797, Project_2_797
            Certifications: None"
RES_0798,Candidate_798,UX Designer,"['SQL', 'GraphQL', 'Git', 'CI/CD', 'Python']",Master's in Physics,2,['Project_0_798'],"['Azure Certified', 'TensorFlow Developer', 'AWS Certified']","Name: Candidate_798
            Target Position: UX Designer
            Summary: Experienced professional with 2 years in the tech industry.
            Skills: SQL, GraphQL, Git, CI/CD, Python
            Education: Master's in Physics
            Experience: 2 years
            Projects: Project_0_798
            Certifications: Azure Certified, TensorFlow Developer, AWS Certified"
RES_0799,Candidate_799,QA Engineer,"['Python', 'GraphQL', 'Java', 'MongoDB', 'Git', 'NumPy']",PhD in Physics,9,"['Project_0_799', 'Project_1_799']",[],"Name: Candidate_799
            Target Position: QA Engineer
            Summary: Experienced professional with 9 years in the tech industry.
            Skills: Python, GraphQL, Java, MongoDB, Git, NumPy
            Education: PhD in Physics
            Experience: 9 years
            Projects: Project_0_799, Project_1_799
            Certifications: None"
RES_0800,Candidate_800,Full Stack Developer,"['PostgreSQL', 'Git', 'Pandas', 'Node.js', 'SQL', 'AWS']",PhD in Statistics,2,"['Project_0_800', 'Project_1_800', 'Project_2_800', 'Project_3_800', 'Project_4_800']","['TensorFlow Developer', 'AWS Certified']","Name: Candidate_800
            Target Position: Full Stack Developer
            Summary: Experienced professional with 2 years in the tech industry.
            Skills: PostgreSQL, Git, Pandas, Node.js, SQL, AWS
            Education: PhD in Statistics
            Experience: 2 years
            Projects: Project_0_800, Project_1_800, Project_2_800, Project_3_800, Project_4_800
            Certifications: TensorFlow Developer, AWS Certified"
RES_0801,Candidate_801,QA Engineer,"['Node.js', 'Git', 'Agile', 'MongoDB', 'GraphQL', 'Kubernetes']",Bachelor's in Physics,5,"['Project_0_801', 'Project_1_801', 'Project_2_801', 'Project_3_801']","['Azure Certified', 'TensorFlow Developer']","Name: Candidate_801
            Target Position: QA Engineer
            Summary: Experienced professional with 5 years in the tech industry.
            Skills: Node.js, Git, Agile, MongoDB, GraphQL, Kubernetes
            Education: Bachelor's in Physics
            Experience: 5 years
            Projects: Project_0_801, Project_1_801, Project_2_801, Project_3_801
            Certifications: Azure Certified, TensorFlow Developer"
RES_0802,Candidate_802,Product Manager,"['GraphQL', 'PyTorch', 'Python', 'React', 'Git', 'Docker', 'Agile', 'Pandas']",PhD in Mathematics,14,"['Project_0_802', 'Project_1_802']",['TensorFlow Developer'],"Name: Candidate_802
            Target Position: Product Manager
            Summary: Experienced professional with 14 years in the tech industry.
            Skills: GraphQL, PyTorch, Python, React, Git, Docker, Agile, Pandas
            Education: PhD in Mathematics
            Experience: 14 years
            Projects: Project_0_802, Project_1_802
            Certifications: TensorFlow Developer"
RES_0803,Candidate_803,Full Stack Developer,"['JavaScript', 'Python', 'MongoDB']",Master's in Statistics,4,['Project_0_803'],[],"Name: Candidate_803
            Target Position: Full Stack Developer
            Summary: Experienced professional with 4 years in the tech industry.
            Skills: JavaScript, Python, MongoDB
            Education: Master's in Statistics
            Experience: 4 years
            Projects: Project_0_803
            Certifications: None"
RES_0804,Candidate_804,Full Stack Developer,"['Java', 'REST APIs', 'Node.js', 'Agile']",Master's in Mathematics,12,['Project_0_804'],[],"Name: Candidate_804
            Target Position: Full Stack Developer
            Summary: Experienced professional with 12 years in the tech industry.
            Skills: Java, REST APIs, Node.js, Agile
            Education: Master's in Mathematics
            Experience: 12 years
            Projects: Project_0_804
            Certifications: None"
RES_0805,Candidate_805,UX Designer,"['AWS', 'TensorFlow', 'SQL', 'Agile']",PhD in Engineering,4,"['Project_0_805', 'Project_1_805', 'Project_2_805', 'Project_3_805']","['TensorFlow Developer', 'Google Cloud Certified', 'Scrum Master']","Name: Candidate_805
            Target Position: UX Designer
            Summary: Experienced professional with 4 years in the tech industry.
            Skills: AWS, TensorFlow, SQL, Agile
            Education: PhD in Engineering
            Experience: 4 years
            Projects: Project_0_805, Project_1_805, Project_2_805, Project_3_805
            Certifications: TensorFlow Developer, Google Cloud Certified, Scrum Master"
RES_0806,Candidate_806,Data Scientist,"['Docker', 'AWS', 'CI/CD', 'Git', 'Kubernetes', 'GraphQL']",Master's in Physics,12,"['Project_0_806', 'Project_1_806']",['Azure Certified'],"Name: Candidate_806
            Target Position: Data Scientist
            Summary: Experienced professional with 12 years in the tech industry.
            Skills: Docker, AWS, CI/CD, Git, Kubernetes, GraphQL
            Education: Master's in Physics
            Experience: 12 years
            Projects: Project_0_806, Project_1_806
            Certifications: Azure Certified"
RES_0807,Candidate_807,UX Designer,"['Git', 'Pandas', 'CI/CD', 'SQL', 'Node.js']",Master's in Computer Science,5,['Project_0_807'],['Scrum Master'],"Name: Candidate_807
            Target Position: UX Designer
            Summary: Experienced professional with 5 years in the tech industry.
            Skills: Git, Pandas, CI/CD, SQL, Node.js
            Education: Master's in Computer Science
            Experience: 5 years
            Projects: Project_0_807
            Certifications: Scrum Master"
RES_0808,Candidate_808,UX Designer,"['Java', 'Kubernetes', 'AWS']",Master's in Mathematics,14,"['Project_0_808', 'Project_1_808', 'Project_2_808', 'Project_3_808', 'Project_4_808']","['TensorFlow Developer', 'Google Cloud Certified', 'AWS Certified']","Name: Candidate_808
            Target Position: UX Designer
            Summary: Experienced professional with 14 years in the tech industry.
            Skills: Java, Kubernetes, AWS
            Education: Master's in Mathematics
            Experience: 14 years
            Projects: Project_0_808, Project_1_808, Project_2_808, Project_3_808, Project_4_808
            Certifications: TensorFlow Developer, Google Cloud Certified, AWS Certified"
RES_0809,Candidate_809,Machine Learning Engineer,"['CI/CD', 'REST APIs', 'MongoDB', 'PyTorch', 'SQL', 'Node.js', 'React']",Bachelor's in Computer Science,9,"['Project_0_809', 'Project_1_809']","['AWS Certified', 'Azure Certified']","Name: Candidate_809
            Target Position: Machine Learning Engineer
            Summary: Experienced professional with 9 years in the tech industry.
            Skills: CI/CD, REST APIs, MongoDB, PyTorch, SQL, Node.js, React
            Education: Bachelor's in Computer Science
            Experience: 9 years
            Projects: Project_0_809, Project_1_809
            Certifications: AWS Certified, Azure Certified"
RES_0810,Candidate_810,DevOps Engineer,"['SQL', 'Kubernetes', 'Node.js', 'Pandas', 'PyTorch']",Master's in Mathematics,2,"['Project_0_810', 'Project_1_810', 'Project_2_810', 'Project_3_810']","['TensorFlow Developer', 'Azure Certified', 'Scrum Master']","Name: Candidate_810
            Target Position: DevOps Engineer
            Summary: Experienced professional with 2 years in the tech industry.
            Skills: SQL, Kubernetes, Node.js, Pandas, PyTorch
            Education: Master's in Mathematics
            Experience: 2 years
            Projects: Project_0_810, Project_1_810, Project_2_810, Project_3_810
            Certifications: TensorFlow Developer, Azure Certified, Scrum Master"
RES_0811,Candidate_811,Data Analyst,"['PyTorch', 'Docker', 'React', 'Kubernetes']",Bachelor's in Engineering,11,"['Project_0_811', 'Project_1_811', 'Project_2_811']",['Scrum Master'],"Name: Candidate_811
            Target Position: Data Analyst
            Summary: Experienced professional with 11 years in the tech industry.
            Skills: PyTorch, Docker, React, Kubernetes
            Education: Bachelor's in Engineering
            Experience: 11 years
            Projects: Project_0_811, Project_1_811, Project_2_811
            Certifications: Scrum Master"
RES_0812,Candidate_812,QA Engineer,"['GraphQL', 'Git', 'TensorFlow', 'Kubernetes', 'Java']",Master's in Engineering,0,"['Project_0_812', 'Project_1_812', 'Project_2_812', 'Project_3_812']",[],"Name: Candidate_812
            Target Position: QA Engineer
            Summary: Experienced professional with 0 years in the tech industry.
            Skills: GraphQL, Git, TensorFlow, Kubernetes, Java
            Education: Master's in Engineering
            Experience: 0 years
            Projects: Project_0_812, Project_1_812, Project_2_812, Project_3_812
            Certifications: None"
RES_0813,Candidate_813,DevOps Engineer,"['REST APIs', 'CI/CD', 'Java', 'AWS', 'GraphQL', 'MongoDB', 'Agile', 'Node.js']",Bachelor's in Statistics,3,"['Project_0_813', 'Project_1_813', 'Project_2_813', 'Project_3_813']","['Google Cloud Certified', 'Scrum Master']","Name: Candidate_813
            Target Position: DevOps Engineer
            Summary: Experienced professional with 3 years in the tech industry.
            Skills: REST APIs, CI/CD, Java, AWS, GraphQL, MongoDB, Agile, Node.js
            Education: Bachelor's in Statistics
            Experience: 3 years
            Projects: Project_0_813, Project_1_813, Project_2_813, Project_3_813
            Certifications: Google Cloud Certified, Scrum Master"
RES_0814,Candidate_814,Frontend Developer,"['JavaScript', 'PyTorch', 'Docker', 'REST APIs', 'NumPy']",Bachelor's in Engineering,5,"['Project_0_814', 'Project_1_814', 'Project_2_814']","['Google Cloud Certified', 'Scrum Master']","Name: Candidate_814
            Target Position: Frontend Developer
            Summary: Experienced professional with 5 years in the tech industry.
            Skills: JavaScript, PyTorch, Docker, REST APIs, NumPy
            Education: Bachelor's in Engineering
            Experience: 5 years
            Projects: Project_0_814, Project_1_814, Project_2_814
            Certifications: Google Cloud Certified, Scrum Master"
RES_0815,Candidate_815,System Administrator,"['PyTorch', 'Git', 'TensorFlow', 'Java', 'AWS', 'CI/CD', 'MongoDB', 'REST APIs']",PhD in Statistics,9,"['Project_0_815', 'Project_1_815', 'Project_2_815']",[],"Name: Candidate_815
            Target Position: System Administrator
            Summary: Experienced professional with 9 years in the tech industry.
            Skills: PyTorch, Git, TensorFlow, Java, AWS, CI/CD, MongoDB, REST APIs
            Education: PhD in Statistics
            Experience: 9 years
            Projects: Project_0_815, Project_1_815, Project_2_815
            Certifications: None"
RES_0816,Candidate_816,System Administrator,"['SQL', 'TensorFlow', 'Pandas']",Bachelor's in Engineering,10,"['Project_0_816', 'Project_1_816']",[],"Name: Candidate_816
            Target Position: System Administrator
            Summary: Experienced professional with 10 years in the tech industry.
            Skills: SQL, TensorFlow, Pandas
            Education: Bachelor's in Engineering
            Experience: 10 years
            Projects: Project_0_816, Project_1_816
            Certifications: None"
RES_0817,Candidate_817,Full Stack Developer,"['Docker', 'Agile', 'PyTorch', 'Python']",PhD in Physics,3,"['Project_0_817', 'Project_1_817']",[],"Name: Candidate_817
            Target Position: Full Stack Developer
            Summary: Experienced professional with 3 years in the tech industry.
            Skills: Docker, Agile, PyTorch, Python
            Education: PhD in Physics
            Experience: 3 years
            Projects: Project_0_817, Project_1_817
            Certifications: None"
RES_0818,Candidate_818,UX Designer,"['REST APIs', 'MongoDB', 'Docker']",PhD in Computer Science,2,['Project_0_818'],[],"Name: Candidate_818
            Target Position: UX Designer
            Summary: Experienced professional with 2 years in the tech industry.
            Skills: REST APIs, MongoDB, Docker
            Education: PhD in Computer Science
            Experience: 2 years
            Projects: Project_0_818
            Certifications: None"
RES_0819,Candidate_819,Software Engineer,"['Agile', 'JavaScript', 'REST APIs']",Master's in Computer Science,0,['Project_0_819'],"['Google Cloud Certified', 'PMP', 'AWS Certified']","Name: Candidate_819
            Target Position: Software Engineer
            Summary: Experienced professional with 0 years in the tech industry.
            Skills: Agile, JavaScript, REST APIs
            Education: Master's in Computer Science
            Experience: 0 years
            Projects: Project_0_819
            Certifications: Google Cloud Certified, PMP, AWS Certified"
RES_0820,Candidate_820,Full Stack Developer,"['PostgreSQL', 'GraphQL', 'MongoDB', 'Docker', 'Java', 'PyTorch', 'Git']",PhD in Physics,6,"['Project_0_820', 'Project_1_820', 'Project_2_820', 'Project_3_820']","['PMP', 'Google Cloud Certified', 'Azure Certified']","Name: Candidate_820
            Target Position: Full Stack Developer
            Summary: Experienced professional with 6 years in the tech industry.
            Skills: PostgreSQL, GraphQL, MongoDB, Docker, Java, PyTorch, Git
            Education: PhD in Physics
            Experience: 6 years
            Projects: Project_0_820, Project_1_820, Project_2_820, Project_3_820
            Certifications: PMP, Google Cloud Certified, Azure Certified"
RES_0821,Candidate_821,Product Manager,"['AWS', 'Docker', 'REST APIs', 'Pandas', 'SQL', 'CI/CD', 'Kubernetes']",PhD in Engineering,8,"['Project_0_821', 'Project_1_821', 'Project_2_821', 'Project_3_821', 'Project_4_821']",['Scrum Master'],"Name: Candidate_821
            Target Position: Product Manager
            Summary: Experienced professional with 8 years in the tech industry.
            Skills: AWS, Docker, REST APIs, Pandas, SQL, CI/CD, Kubernetes
            Education: PhD in Engineering
            Experience: 8 years
            Projects: Project_0_821, Project_1_821, Project_2_821, Project_3_821, Project_4_821
            Certifications: Scrum Master"
RES_0822,Candidate_822,Machine Learning Engineer,"['MongoDB', 'NumPy', 'JavaScript', 'PyTorch']",PhD in Physics,13,"['Project_0_822', 'Project_1_822', 'Project_2_822', 'Project_3_822']","['PMP', 'AWS Certified']","Name: Candidate_822
            Target Position: Machine Learning Engineer
            Summary: Experienced professional with 13 years in the tech industry.
            Skills: MongoDB, NumPy, JavaScript, PyTorch
            Education: PhD in Physics
            Experience: 13 years
            Projects: Project_0_822, Project_1_822, Project_2_822, Project_3_822
            Certifications: PMP, AWS Certified"
RES_0823,Candidate_823,Business Analyst,"['NumPy', 'TensorFlow', 'Java', 'JavaScript', 'Pandas', 'CI/CD', 'Kubernetes', 'PostgreSQL']",Bachelor's in Mathematics,11,"['Project_0_823', 'Project_1_823']",['Google Cloud Certified'],"Name: Candidate_823
            Target Position: Business Analyst
            Summary: Experienced professional with 11 years in the tech industry.
            Skills: NumPy, TensorFlow, Java, JavaScript, Pandas, CI/CD, Kubernetes, PostgreSQL
            Education: Bachelor's in Mathematics
            Experience: 11 years
            Projects: Project_0_823, Project_1_823
            Certifications: Google Cloud Certified"
RES_0824,Candidate_824,System Administrator,"['JavaScript', 'CI/CD', 'TensorFlow', 'GraphQL', 'Pandas', 'REST APIs', 'MongoDB', 'Git']",Master's in Physics,0,"['Project_0_824', 'Project_1_824', 'Project_2_824']",['Scrum Master'],"Name: Candidate_824
            Target Position: System Administrator
            Summary: Experienced professional with 0 years in the tech industry.
            Skills: JavaScript, CI/CD, TensorFlow, GraphQL, Pandas, REST APIs, MongoDB, Git
            Education: Master's in Physics
            Experience: 0 years
            Projects: Project_0_824, Project_1_824, Project_2_824
            Certifications: Scrum Master"
RES_0825,Candidate_825,UX Designer,"['GraphQL', 'Python', 'PyTorch', 'AWS', 'Agile', 'Docker', 'Pandas', 'SQL']",Bachelor's in Statistics,0,"['Project_0_825', 'Project_1_825']","['Google Cloud Certified', 'PMP', 'Scrum Master']","Name: Candidate_825
            Target Position: UX Designer
            Summary: Experienced professional with 0 years in the tech industry.
            Skills: GraphQL, Python, PyTorch, AWS, Agile, Docker, Pandas, SQL
            Education: Bachelor's in Statistics
            Experience: 0 years
            Projects: Project_0_825, Project_1_825
            Certifications: Google Cloud Certified, PMP, Scrum Master"
RES_0826,Candidate_826,Full Stack Developer,"['PyTorch', 'NumPy', 'AWS', 'Docker', 'Java', 'GraphQL', 'REST APIs']",PhD in Mathematics,0,"['Project_0_826', 'Project_1_826']","['TensorFlow Developer', 'PMP', 'Scrum Master']","Name: Candidate_826
            Target Position: Full Stack Developer
            Summary: Experienced professional with 0 years in the tech industry.
            Skills: PyTorch, NumPy, AWS, Docker, Java, GraphQL, REST APIs
            Education: PhD in Mathematics
            Experience: 0 years
            Projects: Project_0_826, Project_1_826
            Certifications: TensorFlow Developer, PMP, Scrum Master"
RES_0827,Candidate_827,Backend Developer,"['CI/CD', 'REST APIs', 'PostgreSQL', 'React', 'GraphQL', 'Git']",PhD in Mathematics,6,['Project_0_827'],"['Scrum Master', 'Google Cloud Certified', 'Azure Certified']","Name: Candidate_827
            Target Position: Backend Developer
            Summary: Experienced professional with 6 years in the tech industry.
            Skills: CI/CD, REST APIs, PostgreSQL, React, GraphQL, Git
            Education: PhD in Mathematics
            Experience: 6 years
            Projects: Project_0_827
            Certifications: Scrum Master, Google Cloud Certified, Azure Certified"
RES_0828,Candidate_828,System Administrator,"['MongoDB', 'NumPy', 'Docker', 'Java', 'Agile', 'PyTorch', 'Python', 'JavaScript']",Bachelor's in Computer Science,7,"['Project_0_828', 'Project_1_828', 'Project_2_828', 'Project_3_828']",['AWS Certified'],"Name: Candidate_828
            Target Position: System Administrator
            Summary: Experienced professional with 7 years in the tech industry.
            Skills: MongoDB, NumPy, Docker, Java, Agile, PyTorch, Python, JavaScript
            Education: Bachelor's in Computer Science
            Experience: 7 years
            Projects: Project_0_828, Project_1_828, Project_2_828, Project_3_828
            Certifications: AWS Certified"
RES_0829,Candidate_829,Full Stack Developer,"['PostgreSQL', 'Pandas', 'Git', 'REST APIs', 'AWS']",Bachelor's in Computer Science,5,['Project_0_829'],[],"Name: Candidate_829
            Target Position: Full Stack Developer
            Summary: Experienced professional with 5 years in the tech industry.
            Skills: PostgreSQL, Pandas, Git, REST APIs, AWS
            Education: Bachelor's in Computer Science
            Experience: 5 years
            Projects: Project_0_829
            Certifications: None"
RES_0830,Candidate_830,Product Manager,"['Docker', 'Node.js', 'Kubernetes', 'NumPy', 'PostgreSQL']",Bachelor's in Computer Science,15,"['Project_0_830', 'Project_1_830']",[],"Name: Candidate_830
            Target Position: Product Manager
            Summary: Experienced professional with 15 years in the tech industry.
            Skills: Docker, Node.js, Kubernetes, NumPy, PostgreSQL
            Education: Bachelor's in Computer Science
            Experience: 15 years
            Projects: Project_0_830, Project_1_830
            Certifications: None"
RES_0831,Candidate_831,DevOps Engineer,"['Git', 'PostgreSQL', 'AWS']",Bachelor's in Physics,14,"['Project_0_831', 'Project_1_831', 'Project_2_831', 'Project_3_831']",['PMP'],"Name: Candidate_831
            Target Position: DevOps Engineer
            Summary: Experienced professional with 14 years in the tech industry.
            Skills: Git, PostgreSQL, AWS
            Education: Bachelor's in Physics
            Experience: 14 years
            Projects: Project_0_831, Project_1_831, Project_2_831, Project_3_831
            Certifications: PMP"
RES_0832,Candidate_832,Machine Learning Engineer,"['JavaScript', 'AWS', 'NumPy', 'SQL', 'PostgreSQL']",Bachelor's in Computer Science,3,['Project_0_832'],"['AWS Certified', 'Azure Certified', 'Google Cloud Certified']","Name: Candidate_832
            Target Position: Machine Learning Engineer
            Summary: Experienced professional with 3 years in the tech industry.
            Skills: JavaScript, AWS, NumPy, SQL, PostgreSQL
            Education: Bachelor's in Computer Science
            Experience: 3 years
            Projects: Project_0_832
            Certifications: AWS Certified, Azure Certified, Google Cloud Certified"
RES_0833,Candidate_833,Full Stack Developer,"['JavaScript', 'PyTorch', 'PostgreSQL', 'REST APIs', 'Agile', 'MongoDB', 'Node.js', 'Pandas']",Master's in Mathematics,1,"['Project_0_833', 'Project_1_833', 'Project_2_833']","['PMP', 'Google Cloud Certified', 'Azure Certified']","Name: Candidate_833
            Target Position: Full Stack Developer
            Summary: Experienced professional with 1 years in the tech industry.
            Skills: JavaScript, PyTorch, PostgreSQL, REST APIs, Agile, MongoDB, Node.js, Pandas
            Education: Master's in Mathematics
            Experience: 1 years
            Projects: Project_0_833, Project_1_833, Project_2_833
            Certifications: PMP, Google Cloud Certified, Azure Certified"
RES_0834,Candidate_834,QA Engineer,"['PostgreSQL', 'Agile', 'PyTorch', 'REST APIs', 'Pandas', 'React', 'GraphQL']",PhD in Engineering,12,"['Project_0_834', 'Project_1_834', 'Project_2_834', 'Project_3_834']",[],"Name: Candidate_834
            Target Position: QA Engineer
            Summary: Experienced professional with 12 years in the tech industry.
            Skills: PostgreSQL, Agile, PyTorch, REST APIs, Pandas, React, GraphQL
            Education: PhD in Engineering
            Experience: 12 years
            Projects: Project_0_834, Project_1_834, Project_2_834, Project_3_834
            Certifications: None"
RES_0835,Candidate_835,Data Analyst,"['GraphQL', 'React', 'NumPy', 'AWS', 'JavaScript']",PhD in Computer Science,8,"['Project_0_835', 'Project_1_835', 'Project_2_835', 'Project_3_835', 'Project_4_835']","['Scrum Master', 'Azure Certified', 'PMP']","Name: Candidate_835
            Target Position: Data Analyst
            Summary: Experienced professional with 8 years in the tech industry.
            Skills: GraphQL, React, NumPy, AWS, JavaScript
            Education: PhD in Computer Science
            Experience: 8 years
            Projects: Project_0_835, Project_1_835, Project_2_835, Project_3_835, Project_4_835
            Certifications: Scrum Master, Azure Certified, PMP"
RES_0836,Candidate_836,Full Stack Developer,"['Pandas', 'React', 'CI/CD', 'JavaScript']",Master's in Computer Science,13,"['Project_0_836', 'Project_1_836', 'Project_2_836', 'Project_3_836']",['PMP'],"Name: Candidate_836
            Target Position: Full Stack Developer
            Summary: Experienced professional with 13 years in the tech industry.
            Skills: Pandas, React, CI/CD, JavaScript
            Education: Master's in Computer Science
            Experience: 13 years
            Projects: Project_0_836, Project_1_836, Project_2_836, Project_3_836
            Certifications: PMP"
RES_0837,Candidate_837,Full Stack Developer,"['REST APIs', 'Python', 'SQL', 'Node.js', 'Java']",PhD in Physics,9,"['Project_0_837', 'Project_1_837', 'Project_2_837', 'Project_3_837', 'Project_4_837']","['TensorFlow Developer', 'PMP', 'AWS Certified']","Name: Candidate_837
            Target Position: Full Stack Developer
            Summary: Experienced professional with 9 years in the tech industry.
            Skills: REST APIs, Python, SQL, Node.js, Java
            Education: PhD in Physics
            Experience: 9 years
            Projects: Project_0_837, Project_1_837, Project_2_837, Project_3_837, Project_4_837
            Certifications: TensorFlow Developer, PMP, AWS Certified"
RES_0838,Candidate_838,Full Stack Developer,"['Pandas', 'Python', 'Agile', 'Node.js']",PhD in Physics,8,['Project_0_838'],[],"Name: Candidate_838
            Target Position: Full Stack Developer
            Summary: Experienced professional with 8 years in the tech industry.
            Skills: Pandas, Python, Agile, Node.js
            Education: PhD in Physics
            Experience: 8 years
            Projects: Project_0_838
            Certifications: None"
RES_0839,Candidate_839,QA Engineer,"['TensorFlow', 'Kubernetes', 'Git', 'React', 'PyTorch', 'JavaScript', 'GraphQL']",PhD in Physics,14,['Project_0_839'],"['Scrum Master', 'AWS Certified', 'Azure Certified']","Name: Candidate_839
            Target Position: QA Engineer
            Summary: Experienced professional with 14 years in the tech industry.
            Skills: TensorFlow, Kubernetes, Git, React, PyTorch, JavaScript, GraphQL
            Education: PhD in Physics
            Experience: 14 years
            Projects: Project_0_839
            Certifications: Scrum Master, AWS Certified, Azure Certified"
RES_0840,Candidate_840,Data Scientist,"['PyTorch', 'AWS', 'CI/CD']",PhD in Engineering,5,"['Project_0_840', 'Project_1_840', 'Project_2_840', 'Project_3_840', 'Project_4_840']","['PMP', 'Google Cloud Certified', 'AWS Certified']","Name: Candidate_840
            Target Position: Data Scientist
            Summary: Experienced professional with 5 years in the tech industry.
            Skills: PyTorch, AWS, CI/CD
            Education: PhD in Engineering
            Experience: 5 years
            Projects: Project_0_840, Project_1_840, Project_2_840, Project_3_840, Project_4_840
            Certifications: PMP, Google Cloud Certified, AWS Certified"
RES_0841,Candidate_841,Full Stack Developer,"['Git', 'Docker', 'PostgreSQL', 'CI/CD']",PhD in Physics,2,"['Project_0_841', 'Project_1_841', 'Project_2_841', 'Project_3_841']","['TensorFlow Developer', 'Google Cloud Certified', 'AWS Certified']","Name: Candidate_841
            Target Position: Full Stack Developer
            Summary: Experienced professional with 2 years in the tech industry.
            Skills: Git, Docker, PostgreSQL, CI/CD
            Education: PhD in Physics
            Experience: 2 years
            Projects: Project_0_841, Project_1_841, Project_2_841, Project_3_841
            Certifications: TensorFlow Developer, Google Cloud Certified, AWS Certified"
RES_0842,Candidate_842,Data Scientist,"['Docker', 'MongoDB', 'GraphQL', 'Kubernetes', 'REST APIs', 'Git', 'AWS']",Master's in Computer Science,12,"['Project_0_842', 'Project_1_842']","['Azure Certified', 'PMP', 'TensorFlow Developer']","Name: Candidate_842
            Target Position: Data Scientist
            Summary: Experienced professional with 12 years in the tech industry.
            Skills: Docker, MongoDB, GraphQL, Kubernetes, REST APIs, Git, AWS
            Education: Master's in Computer Science
            Experience: 12 years
            Projects: Project_0_842, Project_1_842
            Certifications: Azure Certified, PMP, TensorFlow Developer"
RES_0843,Candidate_843,Product Manager,"['REST APIs', 'Pandas', 'PyTorch', 'MongoDB', 'Docker', 'Agile', 'Git']",Bachelor's in Computer Science,6,"['Project_0_843', 'Project_1_843', 'Project_2_843']","['AWS Certified', 'TensorFlow Developer', 'Scrum Master']","Name: Candidate_843
            Target Position: Product Manager
            Summary: Experienced professional with 6 years in the tech industry.
            Skills: REST APIs, Pandas, PyTorch, MongoDB, Docker, Agile, Git
            Education: Bachelor's in Computer Science
            Experience: 6 years
            Projects: Project_0_843, Project_1_843, Project_2_843
            Certifications: AWS Certified, TensorFlow Developer, Scrum Master"
RES_0844,Candidate_844,UX Designer,"['GraphQL', 'JavaScript', 'PostgreSQL', 'Node.js', 'PyTorch', 'AWS']",Bachelor's in Physics,9,"['Project_0_844', 'Project_1_844', 'Project_2_844', 'Project_3_844', 'Project_4_844']","['TensorFlow Developer', 'Azure Certified', 'Scrum Master']","Name: Candidate_844
            Target Position: UX Designer
            Summary: Experienced professional with 9 years in the tech industry.
            Skills: GraphQL, JavaScript, PostgreSQL, Node.js, PyTorch, AWS
            Education: Bachelor's in Physics
            Experience: 9 years
            Projects: Project_0_844, Project_1_844, Project_2_844, Project_3_844, Project_4_844
            Certifications: TensorFlow Developer, Azure Certified, Scrum Master"
RES_0845,Candidate_845,Data Analyst,"['PyTorch', 'MongoDB', 'Java', 'NumPy', 'REST APIs', 'Python', 'TensorFlow']",Bachelor's in Engineering,14,['Project_0_845'],"['TensorFlow Developer', 'Scrum Master', 'Google Cloud Certified']","Name: Candidate_845
            Target Position: Data Analyst
            Summary: Experienced professional with 14 years in the tech industry.
            Skills: PyTorch, MongoDB, Java, NumPy, REST APIs, Python, TensorFlow
            Education: Bachelor's in Engineering
            Experience: 14 years
            Projects: Project_0_845
            Certifications: TensorFlow Developer, Scrum Master, Google Cloud Certified"
RES_0846,Candidate_846,QA Engineer,"['Pandas', 'Docker', 'NumPy']",Master's in Computer Science,2,['Project_0_846'],['Azure Certified'],"Name: Candidate_846
            Target Position: QA Engineer
            Summary: Experienced professional with 2 years in the tech industry.
            Skills: Pandas, Docker, NumPy
            Education: Master's in Computer Science
            Experience: 2 years
            Projects: Project_0_846
            Certifications: Azure Certified"
RES_0847,Candidate_847,Business Analyst,"['React', 'Git', 'Java', 'AWS', 'Python', 'Docker']",Master's in Computer Science,3,['Project_0_847'],['PMP'],"Name: Candidate_847
            Target Position: Business Analyst
            Summary: Experienced professional with 3 years in the tech industry.
            Skills: React, Git, Java, AWS, Python, Docker
            Education: Master's in Computer Science
            Experience: 3 years
            Projects: Project_0_847
            Certifications: PMP"
RES_0848,Candidate_848,Product Manager,"['React', 'TensorFlow', 'CI/CD', 'PostgreSQL', 'Python']",Bachelor's in Mathematics,11,"['Project_0_848', 'Project_1_848', 'Project_2_848', 'Project_3_848', 'Project_4_848']",['Google Cloud Certified'],"Name: Candidate_848
            Target Position: Product Manager
            Summary: Experienced professional with 11 years in the tech industry.
            Skills: React, TensorFlow, CI/CD, PostgreSQL, Python
            Education: Bachelor's in Mathematics
            Experience: 11 years
            Projects: Project_0_848, Project_1_848, Project_2_848, Project_3_848, Project_4_848
            Certifications: Google Cloud Certified"
RES_0849,Candidate_849,Frontend Developer,"['Node.js', 'GraphQL', 'Docker', 'JavaScript', 'SQL', 'AWS']",Master's in Physics,1,"['Project_0_849', 'Project_1_849']",[],"Name: Candidate_849
            Target Position: Frontend Developer
            Summary: Experienced professional with 1 years in the tech industry.
            Skills: Node.js, GraphQL, Docker, JavaScript, SQL, AWS
            Education: Master's in Physics
            Experience: 1 years
            Projects: Project_0_849, Project_1_849
            Certifications: None"
RES_0850,Candidate_850,UX Designer,"['Node.js', 'TensorFlow', 'Python', 'PyTorch', 'SQL']",PhD in Statistics,6,['Project_0_850'],[],"Name: Candidate_850
            Target Position: UX Designer
            Summary: Experienced professional with 6 years in the tech industry.
            Skills: Node.js, TensorFlow, Python, PyTorch, SQL
            Education: PhD in Statistics
            Experience: 6 years
            Projects: Project_0_850
            Certifications: None"
RES_0851,Candidate_851,Machine Learning Engineer,"['Kubernetes', 'Java', 'Docker', 'Python', 'NumPy']",Master's in Mathematics,11,"['Project_0_851', 'Project_1_851']",['AWS Certified'],"Name: Candidate_851
            Target Position: Machine Learning Engineer
            Summary: Experienced professional with 11 years in the tech industry.
            Skills: Kubernetes, Java, Docker, Python, NumPy
            Education: Master's in Mathematics
            Experience: 11 years
            Projects: Project_0_851, Project_1_851
            Certifications: AWS Certified"
RES_0852,Candidate_852,System Administrator,"['MongoDB', 'Kubernetes', 'AWS']",Bachelor's in Mathematics,1,"['Project_0_852', 'Project_1_852', 'Project_2_852', 'Project_3_852', 'Project_4_852']",['AWS Certified'],"Name: Candidate_852
            Target Position: System Administrator
            Summary: Experienced professional with 1 years in the tech industry.
            Skills: MongoDB, Kubernetes, AWS
            Education: Bachelor's in Mathematics
            Experience: 1 years
            Projects: Project_0_852, Project_1_852, Project_2_852, Project_3_852, Project_4_852
            Certifications: AWS Certified"
RES_0853,Candidate_853,Data Scientist,"['Kubernetes', 'Git', 'React', 'Docker', 'Java', 'MongoDB', 'REST APIs', 'SQL']",Bachelor's in Statistics,10,"['Project_0_853', 'Project_1_853']",['Scrum Master'],"Name: Candidate_853
            Target Position: Data Scientist
            Summary: Experienced professional with 10 years in the tech industry.
            Skills: Kubernetes, Git, React, Docker, Java, MongoDB, REST APIs, SQL
            Education: Bachelor's in Statistics
            Experience: 10 years
            Projects: Project_0_853, Project_1_853
            Certifications: Scrum Master"
RES_0854,Candidate_854,Software Engineer,"['PostgreSQL', 'JavaScript', 'Kubernetes', 'React', 'GraphQL', 'Node.js', 'SQL', 'AWS']",PhD in Mathematics,4,"['Project_0_854', 'Project_1_854', 'Project_2_854', 'Project_3_854']","['Scrum Master', 'Google Cloud Certified']","Name: Candidate_854
            Target Position: Software Engineer
            Summary: Experienced professional with 4 years in the tech industry.
            Skills: PostgreSQL, JavaScript, Kubernetes, React, GraphQL, Node.js, SQL, AWS
            Education: PhD in Mathematics
            Experience: 4 years
            Projects: Project_0_854, Project_1_854, Project_2_854, Project_3_854
            Certifications: Scrum Master, Google Cloud Certified"
RES_0855,Candidate_855,Data Analyst,"['NumPy', 'GraphQL', 'Kubernetes', 'Java', 'React']",Master's in Statistics,15,"['Project_0_855', 'Project_1_855', 'Project_2_855']","['TensorFlow Developer', 'Azure Certified', 'AWS Certified']","Name: Candidate_855
            Target Position: Data Analyst
            Summary: Experienced professional with 15 years in the tech industry.
            Skills: NumPy, GraphQL, Kubernetes, Java, React
            Education: Master's in Statistics
            Experience: 15 years
            Projects: Project_0_855, Project_1_855, Project_2_855
            Certifications: TensorFlow Developer, Azure Certified, AWS Certified"
RES_0856,Candidate_856,Software Engineer,"['PyTorch', 'PostgreSQL', 'MongoDB']",Master's in Computer Science,2,"['Project_0_856', 'Project_1_856', 'Project_2_856', 'Project_3_856', 'Project_4_856']","['Azure Certified', 'Google Cloud Certified']","Name: Candidate_856
            Target Position: Software Engineer
            Summary: Experienced professional with 2 years in the tech industry.
            Skills: PyTorch, PostgreSQL, MongoDB
            Education: Master's in Computer Science
            Experience: 2 years
            Projects: Project_0_856, Project_1_856, Project_2_856, Project_3_856, Project_4_856
            Certifications: Azure Certified, Google Cloud Certified"
RES_0857,Candidate_857,Full Stack Developer,"['REST APIs', 'Kubernetes', 'Docker', 'Java', 'React', 'PostgreSQL', 'JavaScript', 'Pandas']",Bachelor's in Mathematics,9,"['Project_0_857', 'Project_1_857']",['TensorFlow Developer'],"Name: Candidate_857
            Target Position: Full Stack Developer
            Summary: Experienced professional with 9 years in the tech industry.
            Skills: REST APIs, Kubernetes, Docker, Java, React, PostgreSQL, JavaScript, Pandas
            Education: Bachelor's in Mathematics
            Experience: 9 years
            Projects: Project_0_857, Project_1_857
            Certifications: TensorFlow Developer"
RES_0858,Candidate_858,QA Engineer,"['JavaScript', 'Python', 'Kubernetes', 'SQL', 'AWS', 'PyTorch']",Master's in Statistics,13,"['Project_0_858', 'Project_1_858', 'Project_2_858', 'Project_3_858', 'Project_4_858']",[],"Name: Candidate_858
            Target Position: QA Engineer
            Summary: Experienced professional with 13 years in the tech industry.
            Skills: JavaScript, Python, Kubernetes, SQL, AWS, PyTorch
            Education: Master's in Statistics
            Experience: 13 years
            Projects: Project_0_858, Project_1_858, Project_2_858, Project_3_858, Project_4_858
            Certifications: None"
RES_0859,Candidate_859,QA Engineer,"['GraphQL', 'React', 'AWS', 'Agile', 'PyTorch', 'SQL', 'Git', 'CI/CD']",PhD in Physics,4,"['Project_0_859', 'Project_1_859', 'Project_2_859', 'Project_3_859', 'Project_4_859']",['AWS Certified'],"Name: Candidate_859
            Target Position: QA Engineer
            Summary: Experienced professional with 4 years in the tech industry.
            Skills: GraphQL, React, AWS, Agile, PyTorch, SQL, Git, CI/CD
            Education: PhD in Physics
            Experience: 4 years
            Projects: Project_0_859, Project_1_859, Project_2_859, Project_3_859, Project_4_859
            Certifications: AWS Certified"
RES_0860,Candidate_860,Data Analyst,"['Kubernetes', 'Git', 'NumPy']",PhD in Engineering,9,"['Project_0_860', 'Project_1_860', 'Project_2_860', 'Project_3_860', 'Project_4_860']","['AWS Certified', 'Google Cloud Certified', 'Scrum Master']","Name: Candidate_860
            Target Position: Data Analyst
            Summary: Experienced professional with 9 years in the tech industry.
            Skills: Kubernetes, Git, NumPy
            Education: PhD in Engineering
            Experience: 9 years
            Projects: Project_0_860, Project_1_860, Project_2_860, Project_3_860, Project_4_860
            Certifications: AWS Certified, Google Cloud Certified, Scrum Master"
RES_0861,Candidate_861,Data Analyst,"['Node.js', 'Kubernetes', 'SQL', 'PyTorch', 'NumPy', 'JavaScript', 'React']",Bachelor's in Computer Science,7,"['Project_0_861', 'Project_1_861']","['AWS Certified', 'Azure Certified', 'TensorFlow Developer']","Name: Candidate_861
            Target Position: Data Analyst
            Summary: Experienced professional with 7 years in the tech industry.
            Skills: Node.js, Kubernetes, SQL, PyTorch, NumPy, JavaScript, React
            Education: Bachelor's in Computer Science
            Experience: 7 years
            Projects: Project_0_861, Project_1_861
            Certifications: AWS Certified, Azure Certified, TensorFlow Developer"
RES_0862,Candidate_862,Backend Developer,"['Docker', 'Pandas', 'Agile', 'Java', 'MongoDB']",Bachelor's in Computer Science,13,"['Project_0_862', 'Project_1_862', 'Project_2_862']","['PMP', 'Azure Certified', 'Google Cloud Certified']","Name: Candidate_862
            Target Position: Backend Developer
            Summary: Experienced professional with 13 years in the tech industry.
            Skills: Docker, Pandas, Agile, Java, MongoDB
            Education: Bachelor's in Computer Science
            Experience: 13 years
            Projects: Project_0_862, Project_1_862, Project_2_862
            Certifications: PMP, Azure Certified, Google Cloud Certified"
RES_0863,Candidate_863,Data Scientist,"['REST APIs', 'GraphQL', 'CI/CD', 'Kubernetes', 'JavaScript', 'PostgreSQL']",PhD in Statistics,6,"['Project_0_863', 'Project_1_863', 'Project_2_863', 'Project_3_863', 'Project_4_863']",['Google Cloud Certified'],"Name: Candidate_863
            Target Position: Data Scientist
            Summary: Experienced professional with 6 years in the tech industry.
            Skills: REST APIs, GraphQL, CI/CD, Kubernetes, JavaScript, PostgreSQL
            Education: PhD in Statistics
            Experience: 6 years
            Projects: Project_0_863, Project_1_863, Project_2_863, Project_3_863, Project_4_863
            Certifications: Google Cloud Certified"
RES_0864,Candidate_864,Software Engineer,"['REST APIs', 'MongoDB', 'JavaScript', 'Kubernetes', 'React', 'GraphQL', 'PyTorch']",Bachelor's in Mathematics,4,"['Project_0_864', 'Project_1_864', 'Project_2_864', 'Project_3_864', 'Project_4_864']",['TensorFlow Developer'],"Name: Candidate_864
            Target Position: Software Engineer
            Summary: Experienced professional with 4 years in the tech industry.
            Skills: REST APIs, MongoDB, JavaScript, Kubernetes, React, GraphQL, PyTorch
            Education: Bachelor's in Mathematics
            Experience: 4 years
            Projects: Project_0_864, Project_1_864, Project_2_864, Project_3_864, Project_4_864
            Certifications: TensorFlow Developer"
RES_0865,Candidate_865,Business Analyst,"['Pandas', 'Git', 'Docker', 'GraphQL', 'MongoDB', 'CI/CD', 'PyTorch']",Bachelor's in Statistics,10,"['Project_0_865', 'Project_1_865']",[],"Name: Candidate_865
            Target Position: Business Analyst
            Summary: Experienced professional with 10 years in the tech industry.
            Skills: Pandas, Git, Docker, GraphQL, MongoDB, CI/CD, PyTorch
            Education: Bachelor's in Statistics
            Experience: 10 years
            Projects: Project_0_865, Project_1_865
            Certifications: None"
RES_0866,Candidate_866,QA Engineer,"['Docker', 'Node.js', 'MongoDB', 'Git']",PhD in Mathematics,7,['Project_0_866'],"['PMP', 'AWS Certified', 'Google Cloud Certified']","Name: Candidate_866
            Target Position: QA Engineer
            Summary: Experienced professional with 7 years in the tech industry.
            Skills: Docker, Node.js, MongoDB, Git
            Education: PhD in Mathematics
            Experience: 7 years
            Projects: Project_0_866
            Certifications: PMP, AWS Certified, Google Cloud Certified"
RES_0867,Candidate_867,UX Designer,"['REST APIs', 'Java', 'MongoDB', 'GraphQL', 'Python']",Bachelor's in Physics,0,['Project_0_867'],[],"Name: Candidate_867
            Target Position: UX Designer
            Summary: Experienced professional with 0 years in the tech industry.
            Skills: REST APIs, Java, MongoDB, GraphQL, Python
            Education: Bachelor's in Physics
            Experience: 0 years
            Projects: Project_0_867
            Certifications: None"
RES_0868,Candidate_868,Data Analyst,"['Docker', 'Agile', 'Kubernetes', 'GraphQL', 'Java', 'PostgreSQL']",PhD in Computer Science,9,"['Project_0_868', 'Project_1_868', 'Project_2_868', 'Project_3_868', 'Project_4_868']","['PMP', 'AWS Certified']","Name: Candidate_868
            Target Position: Data Analyst
            Summary: Experienced professional with 9 years in the tech industry.
            Skills: Docker, Agile, Kubernetes, GraphQL, Java, PostgreSQL
            Education: PhD in Computer Science
            Experience: 9 years
            Projects: Project_0_868, Project_1_868, Project_2_868, Project_3_868, Project_4_868
            Certifications: PMP, AWS Certified"
RES_0869,Candidate_869,Data Scientist,"['MongoDB', 'Kubernetes', 'GraphQL']",Bachelor's in Physics,1,['Project_0_869'],"['AWS Certified', 'PMP']","Name: Candidate_869
            Target Position: Data Scientist
            Summary: Experienced professional with 1 years in the tech industry.
            Skills: MongoDB, Kubernetes, GraphQL
            Education: Bachelor's in Physics
            Experience: 1 years
            Projects: Project_0_869
            Certifications: AWS Certified, PMP"
RES_0870,Candidate_870,Full Stack Developer,"['Docker', 'Git', 'SQL', 'Agile', 'PyTorch']",Bachelor's in Statistics,15,"['Project_0_870', 'Project_1_870']","['PMP', 'Azure Certified']","Name: Candidate_870
            Target Position: Full Stack Developer
            Summary: Experienced professional with 15 years in the tech industry.
            Skills: Docker, Git, SQL, Agile, PyTorch
            Education: Bachelor's in Statistics
            Experience: 15 years
            Projects: Project_0_870, Project_1_870
            Certifications: PMP, Azure Certified"
RES_0871,Candidate_871,Data Analyst,"['Node.js', 'React', 'CI/CD', 'PyTorch', 'Pandas', 'AWS']",Master's in Statistics,15,"['Project_0_871', 'Project_1_871']",[],"Name: Candidate_871
            Target Position: Data Analyst
            Summary: Experienced professional with 15 years in the tech industry.
            Skills: Node.js, React, CI/CD, PyTorch, Pandas, AWS
            Education: Master's in Statistics
            Experience: 15 years
            Projects: Project_0_871, Project_1_871
            Certifications: None"
RES_0872,Candidate_872,QA Engineer,"['Node.js', 'React', 'PyTorch', 'Docker', 'MongoDB', 'Pandas', 'TensorFlow', 'NumPy']",PhD in Computer Science,2,"['Project_0_872', 'Project_1_872']",[],"Name: Candidate_872
            Target Position: QA Engineer
            Summary: Experienced professional with 2 years in the tech industry.
            Skills: Node.js, React, PyTorch, Docker, MongoDB, Pandas, TensorFlow, NumPy
            Education: PhD in Computer Science
            Experience: 2 years
            Projects: Project_0_872, Project_1_872
            Certifications: None"
RES_0873,Candidate_873,System Administrator,"['PyTorch', 'SQL', 'MongoDB']",Bachelor's in Mathematics,4,"['Project_0_873', 'Project_1_873', 'Project_2_873', 'Project_3_873']","['Google Cloud Certified', 'PMP']","Name: Candidate_873
            Target Position: System Administrator
            Summary: Experienced professional with 4 years in the tech industry.
            Skills: PyTorch, SQL, MongoDB
            Education: Bachelor's in Mathematics
            Experience: 4 years
            Projects: Project_0_873, Project_1_873, Project_2_873, Project_3_873
            Certifications: Google Cloud Certified, PMP"
RES_0874,Candidate_874,Frontend Developer,"['SQL', 'Java', 'PyTorch', 'Node.js', 'React', 'Pandas']",Bachelor's in Mathematics,12,"['Project_0_874', 'Project_1_874', 'Project_2_874']",[],"Name: Candidate_874
            Target Position: Frontend Developer
            Summary: Experienced professional with 12 years in the tech industry.
            Skills: SQL, Java, PyTorch, Node.js, React, Pandas
            Education: Bachelor's in Mathematics
            Experience: 12 years
            Projects: Project_0_874, Project_1_874, Project_2_874
            Certifications: None"
RES_0875,Candidate_875,Backend Developer,"['Node.js', 'MongoDB', 'Docker', 'GraphQL', 'JavaScript', 'Java', 'Kubernetes', 'Git']",Master's in Physics,1,"['Project_0_875', 'Project_1_875']",[],"Name: Candidate_875
            Target Position: Backend Developer
            Summary: Experienced professional with 1 years in the tech industry.
            Skills: Node.js, MongoDB, Docker, GraphQL, JavaScript, Java, Kubernetes, Git
            Education: Master's in Physics
            Experience: 1 years
            Projects: Project_0_875, Project_1_875
            Certifications: None"
RES_0876,Candidate_876,Data Analyst,"['Docker', 'PyTorch', 'SQL', 'CI/CD']",Bachelor's in Computer Science,11,"['Project_0_876', 'Project_1_876', 'Project_2_876', 'Project_3_876']",[],"Name: Candidate_876
            Target Position: Data Analyst
            Summary: Experienced professional with 11 years in the tech industry.
            Skills: Docker, PyTorch, SQL, CI/CD
            Education: Bachelor's in Computer Science
            Experience: 11 years
            Projects: Project_0_876, Project_1_876, Project_2_876, Project_3_876
            Certifications: None"
RES_0877,Candidate_877,Software Engineer,"['CI/CD', 'GraphQL', 'NumPy', 'Node.js', 'Java', 'PyTorch']",PhD in Statistics,9,"['Project_0_877', 'Project_1_877', 'Project_2_877', 'Project_3_877', 'Project_4_877']",['TensorFlow Developer'],"Name: Candidate_877
            Target Position: Software Engineer
            Summary: Experienced professional with 9 years in the tech industry.
            Skills: CI/CD, GraphQL, NumPy, Node.js, Java, PyTorch
            Education: PhD in Statistics
            Experience: 9 years
            Projects: Project_0_877, Project_1_877, Project_2_877, Project_3_877, Project_4_877
            Certifications: TensorFlow Developer"
RES_0878,Candidate_878,UX Designer,"['MongoDB', 'JavaScript', 'Agile']",PhD in Physics,11,['Project_0_878'],[],"Name: Candidate_878
            Target Position: UX Designer
            Summary: Experienced professional with 11 years in the tech industry.
            Skills: MongoDB, JavaScript, Agile
            Education: PhD in Physics
            Experience: 11 years
            Projects: Project_0_878
            Certifications: None"
RES_0879,Candidate_879,Product Manager,"['REST APIs', 'Java', 'MongoDB', 'GraphQL']",Bachelor's in Computer Science,1,"['Project_0_879', 'Project_1_879', 'Project_2_879']",[],"Name: Candidate_879
            Target Position: Product Manager
            Summary: Experienced professional with 1 years in the tech industry.
            Skills: REST APIs, Java, MongoDB, GraphQL
            Education: Bachelor's in Computer Science
            Experience: 1 years
            Projects: Project_0_879, Project_1_879, Project_2_879
            Certifications: None"
RES_0880,Candidate_880,Data Scientist,"['React', 'REST APIs', 'Git', 'Node.js', 'CI/CD']",Bachelor's in Physics,10,"['Project_0_880', 'Project_1_880']",['Scrum Master'],"Name: Candidate_880
            Target Position: Data Scientist
            Summary: Experienced professional with 10 years in the tech industry.
            Skills: React, REST APIs, Git, Node.js, CI/CD
            Education: Bachelor's in Physics
            Experience: 10 years
            Projects: Project_0_880, Project_1_880
            Certifications: Scrum Master"
RES_0881,Candidate_881,Data Analyst,"['AWS', 'Kubernetes', 'Git', 'Agile', 'GraphQL', 'CI/CD']",Bachelor's in Engineering,5,"['Project_0_881', 'Project_1_881']",['PMP'],"Name: Candidate_881
            Target Position: Data Analyst
            Summary: Experienced professional with 5 years in the tech industry.
            Skills: AWS, Kubernetes, Git, Agile, GraphQL, CI/CD
            Education: Bachelor's in Engineering
            Experience: 5 years
            Projects: Project_0_881, Project_1_881
            Certifications: PMP"
RES_0882,Candidate_882,Full Stack Developer,"['Agile', 'NumPy', 'CI/CD', 'PostgreSQL', 'AWS', 'GraphQL', 'SQL']",Master's in Physics,7,['Project_0_882'],['PMP'],"Name: Candidate_882
            Target Position: Full Stack Developer
            Summary: Experienced professional with 7 years in the tech industry.
            Skills: Agile, NumPy, CI/CD, PostgreSQL, AWS, GraphQL, SQL
            Education: Master's in Physics
            Experience: 7 years
            Projects: Project_0_882
            Certifications: PMP"
RES_0883,Candidate_883,Business Analyst,"['SQL', 'Python', 'GraphQL', 'Java', 'CI/CD']",Bachelor's in Statistics,12,"['Project_0_883', 'Project_1_883', 'Project_2_883', 'Project_3_883']","['TensorFlow Developer', 'Azure Certified', 'Scrum Master']","Name: Candidate_883
            Target Position: Business Analyst
            Summary: Experienced professional with 12 years in the tech industry.
            Skills: SQL, Python, GraphQL, Java, CI/CD
            Education: Bachelor's in Statistics
            Experience: 12 years
            Projects: Project_0_883, Project_1_883, Project_2_883, Project_3_883
            Certifications: TensorFlow Developer, Azure Certified, Scrum Master"
RES_0884,Candidate_884,Machine Learning Engineer,"['Kubernetes', 'Python', 'REST APIs', 'MongoDB', 'Agile', 'SQL', 'AWS']",Bachelor's in Statistics,13,['Project_0_884'],[],"Name: Candidate_884
            Target Position: Machine Learning Engineer
            Summary: Experienced professional with 13 years in the tech industry.
            Skills: Kubernetes, Python, REST APIs, MongoDB, Agile, SQL, AWS
            Education: Bachelor's in Statistics
            Experience: 13 years
            Projects: Project_0_884
            Certifications: None"
RES_0885,Candidate_885,Data Analyst,"['Agile', 'Python', 'React', 'Java', 'Docker', 'SQL', 'JavaScript', 'TensorFlow']",Master's in Engineering,11,"['Project_0_885', 'Project_1_885']",[],"Name: Candidate_885
            Target Position: Data Analyst
            Summary: Experienced professional with 11 years in the tech industry.
            Skills: Agile, Python, React, Java, Docker, SQL, JavaScript, TensorFlow
            Education: Master's in Engineering
            Experience: 11 years
            Projects: Project_0_885, Project_1_885
            Certifications: None"
RES_0886,Candidate_886,DevOps Engineer,"['Java', 'TensorFlow', 'Pandas', 'GraphQL', 'Docker']",Bachelor's in Physics,9,"['Project_0_886', 'Project_1_886', 'Project_2_886', 'Project_3_886']",[],"Name: Candidate_886
            Target Position: DevOps Engineer
            Summary: Experienced professional with 9 years in the tech industry.
            Skills: Java, TensorFlow, Pandas, GraphQL, Docker
            Education: Bachelor's in Physics
            Experience: 9 years
            Projects: Project_0_886, Project_1_886, Project_2_886, Project_3_886
            Certifications: None"
RES_0887,Candidate_887,Software Engineer,"['Node.js', 'JavaScript', 'AWS', 'PyTorch', 'Docker', 'Kubernetes', 'Agile']",Bachelor's in Statistics,13,"['Project_0_887', 'Project_1_887', 'Project_2_887', 'Project_3_887']","['PMP', 'AWS Certified', 'TensorFlow Developer']","Name: Candidate_887
            Target Position: Software Engineer
            Summary: Experienced professional with 13 years in the tech industry.
            Skills: Node.js, JavaScript, AWS, PyTorch, Docker, Kubernetes, Agile
            Education: Bachelor's in Statistics
            Experience: 13 years
            Projects: Project_0_887, Project_1_887, Project_2_887, Project_3_887
            Certifications: PMP, AWS Certified, TensorFlow Developer"
RES_0888,Candidate_888,DevOps Engineer,"['TensorFlow', 'CI/CD', 'PostgreSQL', 'REST APIs', 'JavaScript', 'PyTorch']",PhD in Physics,2,"['Project_0_888', 'Project_1_888', 'Project_2_888']",[],"Name: Candidate_888
            Target Position: DevOps Engineer
            Summary: Experienced professional with 2 years in the tech industry.
            Skills: TensorFlow, CI/CD, PostgreSQL, REST APIs, JavaScript, PyTorch
            Education: PhD in Physics
            Experience: 2 years
            Projects: Project_0_888, Project_1_888, Project_2_888
            Certifications: None"
RES_0889,Candidate_889,Product Manager,"['MongoDB', 'Docker', 'TensorFlow', 'Java']",Bachelor's in Mathematics,4,"['Project_0_889', 'Project_1_889', 'Project_2_889', 'Project_3_889', 'Project_4_889']",['Azure Certified'],"Name: Candidate_889
            Target Position: Product Manager
            Summary: Experienced professional with 4 years in the tech industry.
            Skills: MongoDB, Docker, TensorFlow, Java
            Education: Bachelor's in Mathematics
            Experience: 4 years
            Projects: Project_0_889, Project_1_889, Project_2_889, Project_3_889, Project_4_889
            Certifications: Azure Certified"
RES_0890,Candidate_890,Frontend Developer,"['PostgreSQL', 'Node.js', 'MongoDB', 'AWS']",Bachelor's in Physics,6,"['Project_0_890', 'Project_1_890', 'Project_2_890']",[],"Name: Candidate_890
            Target Position: Frontend Developer
            Summary: Experienced professional with 6 years in the tech industry.
            Skills: PostgreSQL, Node.js, MongoDB, AWS
            Education: Bachelor's in Physics
            Experience: 6 years
            Projects: Project_0_890, Project_1_890, Project_2_890
            Certifications: None"
RES_0891,Candidate_891,UX Designer,"['Pandas', 'AWS', 'Python']",Bachelor's in Physics,15,"['Project_0_891', 'Project_1_891', 'Project_2_891', 'Project_3_891', 'Project_4_891']","['AWS Certified', 'TensorFlow Developer']","Name: Candidate_891
            Target Position: UX Designer
            Summary: Experienced professional with 15 years in the tech industry.
            Skills: Pandas, AWS, Python
            Education: Bachelor's in Physics
            Experience: 15 years
            Projects: Project_0_891, Project_1_891, Project_2_891, Project_3_891, Project_4_891
            Certifications: AWS Certified, TensorFlow Developer"
RES_0892,Candidate_892,Frontend Developer,"['PostgreSQL', 'Java', 'AWS', 'SQL', 'Docker']",PhD in Engineering,11,"['Project_0_892', 'Project_1_892']",[],"Name: Candidate_892
            Target Position: Frontend Developer
            Summary: Experienced professional with 11 years in the tech industry.
            Skills: PostgreSQL, Java, AWS, SQL, Docker
            Education: PhD in Engineering
            Experience: 11 years
            Projects: Project_0_892, Project_1_892
            Certifications: None"
RES_0893,Candidate_893,Machine Learning Engineer,"['Python', 'Java', 'NumPy', 'PostgreSQL']",Bachelor's in Physics,6,['Project_0_893'],"['Azure Certified', 'Scrum Master', 'AWS Certified']","Name: Candidate_893
            Target Position: Machine Learning Engineer
            Summary: Experienced professional with 6 years in the tech industry.
            Skills: Python, Java, NumPy, PostgreSQL
            Education: Bachelor's in Physics
            Experience: 6 years
            Projects: Project_0_893
            Certifications: Azure Certified, Scrum Master, AWS Certified"
RES_0894,Candidate_894,Frontend Developer,"['Docker', 'PyTorch', 'CI/CD', 'REST APIs', 'PostgreSQL', 'React', 'GraphQL']",PhD in Physics,10,"['Project_0_894', 'Project_1_894', 'Project_2_894', 'Project_3_894', 'Project_4_894']","['Scrum Master', 'PMP']","Name: Candidate_894
            Target Position: Frontend Developer
            Summary: Experienced professional with 10 years in the tech industry.
            Skills: Docker, PyTorch, CI/CD, REST APIs, PostgreSQL, React, GraphQL
            Education: PhD in Physics
            Experience: 10 years
            Projects: Project_0_894, Project_1_894, Project_2_894, Project_3_894, Project_4_894
            Certifications: Scrum Master, PMP"
RES_0895,Candidate_895,System Administrator,"['AWS', 'JavaScript', 'PyTorch', 'Agile', 'REST APIs', 'Node.js', 'Kubernetes']",Master's in Mathematics,5,['Project_0_895'],['TensorFlow Developer'],"Name: Candidate_895
            Target Position: System Administrator
            Summary: Experienced professional with 5 years in the tech industry.
            Skills: AWS, JavaScript, PyTorch, Agile, REST APIs, Node.js, Kubernetes
            Education: Master's in Mathematics
            Experience: 5 years
            Projects: Project_0_895
            Certifications: TensorFlow Developer"
RES_0896,Candidate_896,Data Scientist,"['Docker', 'Pandas', 'PyTorch']",Master's in Statistics,3,"['Project_0_896', 'Project_1_896', 'Project_2_896', 'Project_3_896', 'Project_4_896']","['Azure Certified', 'Google Cloud Certified']","Name: Candidate_896
            Target Position: Data Scientist
            Summary: Experienced professional with 3 years in the tech industry.
            Skills: Docker, Pandas, PyTorch
            Education: Master's in Statistics
            Experience: 3 years
            Projects: Project_0_896, Project_1_896, Project_2_896, Project_3_896, Project_4_896
            Certifications: Azure Certified, Google Cloud Certified"
RES_0897,Candidate_897,DevOps Engineer,"['Node.js', 'TensorFlow', 'Git', 'PyTorch', 'PostgreSQL', 'REST APIs']",Bachelor's in Statistics,12,['Project_0_897'],"['Azure Certified', 'Google Cloud Certified']","Name: Candidate_897
            Target Position: DevOps Engineer
            Summary: Experienced professional with 12 years in the tech industry.
            Skills: Node.js, TensorFlow, Git, PyTorch, PostgreSQL, REST APIs
            Education: Bachelor's in Statistics
            Experience: 12 years
            Projects: Project_0_897
            Certifications: Azure Certified, Google Cloud Certified"
RES_0898,Candidate_898,DevOps Engineer,"['PyTorch', 'Pandas', 'Java', 'Agile', 'React', 'PostgreSQL', 'Git', 'Node.js']",PhD in Physics,5,['Project_0_898'],"['PMP', 'Azure Certified']","Name: Candidate_898
            Target Position: DevOps Engineer
            Summary: Experienced professional with 5 years in the tech industry.
            Skills: PyTorch, Pandas, Java, Agile, React, PostgreSQL, Git, Node.js
            Education: PhD in Physics
            Experience: 5 years
            Projects: Project_0_898
            Certifications: PMP, Azure Certified"
RES_0899,Candidate_899,Product Manager,"['MongoDB', 'AWS', 'SQL', 'Agile', 'Docker', 'React']",Bachelor's in Computer Science,2,['Project_0_899'],['AWS Certified'],"Name: Candidate_899
            Target Position: Product Manager
            Summary: Experienced professional with 2 years in the tech industry.
            Skills: MongoDB, AWS, SQL, Agile, Docker, React
            Education: Bachelor's in Computer Science
            Experience: 2 years
            Projects: Project_0_899
            Certifications: AWS Certified"
RES_0900,Candidate_900,DevOps Engineer,"['Node.js', 'Python', 'React']",Bachelor's in Mathematics,1,"['Project_0_900', 'Project_1_900']",['TensorFlow Developer'],"Name: Candidate_900
            Target Position: DevOps Engineer
            Summary: Experienced professional with 1 years in the tech industry.
            Skills: Node.js, Python, React
            Education: Bachelor's in Mathematics
            Experience: 1 years
            Projects: Project_0_900, Project_1_900
            Certifications: TensorFlow Developer"
RES_0901,Candidate_901,UX Designer,"['React', 'CI/CD', 'Kubernetes', 'NumPy', 'Pandas', 'PostgreSQL', 'SQL', 'AWS']",Bachelor's in Mathematics,14,"['Project_0_901', 'Project_1_901', 'Project_2_901']",[],"Name: Candidate_901
            Target Position: UX Designer
            Summary: Experienced professional with 14 years in the tech industry.
            Skills: React, CI/CD, Kubernetes, NumPy, Pandas, PostgreSQL, SQL, AWS
            Education: Bachelor's in Mathematics
            Experience: 14 years
            Projects: Project_0_901, Project_1_901, Project_2_901
            Certifications: None"
RES_0902,Candidate_902,Machine Learning Engineer,"['React', 'Agile', 'Node.js', 'PyTorch', 'TensorFlow']",Master's in Computer Science,9,"['Project_0_902', 'Project_1_902']",['PMP'],"Name: Candidate_902
            Target Position: Machine Learning Engineer
            Summary: Experienced professional with 9 years in the tech industry.
            Skills: React, Agile, Node.js, PyTorch, TensorFlow
            Education: Master's in Computer Science
            Experience: 9 years
            Projects: Project_0_902, Project_1_902
            Certifications: PMP"
RES_0903,Candidate_903,Product Manager,"['SQL', 'Docker', 'PostgreSQL', 'REST APIs', 'Node.js', 'CI/CD', 'GraphQL', 'Git']",PhD in Mathematics,4,['Project_0_903'],[],"Name: Candidate_903
            Target Position: Product Manager
            Summary: Experienced professional with 4 years in the tech industry.
            Skills: SQL, Docker, PostgreSQL, REST APIs, Node.js, CI/CD, GraphQL, Git
            Education: PhD in Mathematics
            Experience: 4 years
            Projects: Project_0_903
            Certifications: None"
RES_0904,Candidate_904,System Administrator,"['PyTorch', 'AWS', 'Docker', 'SQL', 'REST APIs', 'NumPy', 'Kubernetes']",Bachelor's in Engineering,1,"['Project_0_904', 'Project_1_904']",['Azure Certified'],"Name: Candidate_904
            Target Position: System Administrator
            Summary: Experienced professional with 1 years in the tech industry.
            Skills: PyTorch, AWS, Docker, SQL, REST APIs, NumPy, Kubernetes
            Education: Bachelor's in Engineering
            Experience: 1 years
            Projects: Project_0_904, Project_1_904
            Certifications: Azure Certified"
RES_0905,Candidate_905,Full Stack Developer,"['PostgreSQL', 'Java', 'Agile', 'SQL', 'TensorFlow', 'REST APIs', 'Python']",Master's in Physics,15,"['Project_0_905', 'Project_1_905', 'Project_2_905']","['Google Cloud Certified', 'Azure Certified']","Name: Candidate_905
            Target Position: Full Stack Developer
            Summary: Experienced professional with 15 years in the tech industry.
            Skills: PostgreSQL, Java, Agile, SQL, TensorFlow, REST APIs, Python
            Education: Master's in Physics
            Experience: 15 years
            Projects: Project_0_905, Project_1_905, Project_2_905
            Certifications: Google Cloud Certified, Azure Certified"
RES_0906,Candidate_906,Data Analyst,"['JavaScript', 'Docker', 'Python', 'CI/CD']",Bachelor's in Computer Science,3,['Project_0_906'],"['PMP', 'TensorFlow Developer']","Name: Candidate_906
            Target Position: Data Analyst
            Summary: Experienced professional with 3 years in the tech industry.
            Skills: JavaScript, Docker, Python, CI/CD
            Education: Bachelor's in Computer Science
            Experience: 3 years
            Projects: Project_0_906
            Certifications: PMP, TensorFlow Developer"
RES_0907,Candidate_907,UX Designer,"['Kubernetes', 'AWS', 'Agile', 'Docker', 'PyTorch', 'Python', 'React', 'Git']",PhD in Statistics,3,"['Project_0_907', 'Project_1_907', 'Project_2_907', 'Project_3_907']",[],"Name: Candidate_907
            Target Position: UX Designer
            Summary: Experienced professional with 3 years in the tech industry.
            Skills: Kubernetes, AWS, Agile, Docker, PyTorch, Python, React, Git
            Education: PhD in Statistics
            Experience: 3 years
            Projects: Project_0_907, Project_1_907, Project_2_907, Project_3_907
            Certifications: None"
RES_0908,Candidate_908,QA Engineer,"['NumPy', 'MongoDB', 'CI/CD', 'Kubernetes', 'PyTorch']",PhD in Engineering,13,['Project_0_908'],"['Google Cloud Certified', 'TensorFlow Developer']","Name: Candidate_908
            Target Position: QA Engineer
            Summary: Experienced professional with 13 years in the tech industry.
            Skills: NumPy, MongoDB, CI/CD, Kubernetes, PyTorch
            Education: PhD in Engineering
            Experience: 13 years
            Projects: Project_0_908
            Certifications: Google Cloud Certified, TensorFlow Developer"
RES_0909,Candidate_909,Data Analyst,"['REST APIs', 'AWS', 'React', 'Docker', 'MongoDB', 'GraphQL', 'TensorFlow', 'Node.js']",PhD in Computer Science,14,"['Project_0_909', 'Project_1_909', 'Project_2_909']",[],"Name: Candidate_909
            Target Position: Data Analyst
            Summary: Experienced professional with 14 years in the tech industry.
            Skills: REST APIs, AWS, React, Docker, MongoDB, GraphQL, TensorFlow, Node.js
            Education: PhD in Computer Science
            Experience: 14 years
            Projects: Project_0_909, Project_1_909, Project_2_909
            Certifications: None"
RES_0910,Candidate_910,Software Engineer,"['REST APIs', 'Kubernetes', 'Agile', 'JavaScript']",Master's in Physics,3,"['Project_0_910', 'Project_1_910', 'Project_2_910']","['AWS Certified', 'Azure Certified']","Name: Candidate_910
            Target Position: Software Engineer
            Summary: Experienced professional with 3 years in the tech industry.
            Skills: REST APIs, Kubernetes, Agile, JavaScript
            Education: Master's in Physics
            Experience: 3 years
            Projects: Project_0_910, Project_1_910, Project_2_910
            Certifications: AWS Certified, Azure Certified"
RES_0911,Candidate_911,Full Stack Developer,"['Agile', 'GraphQL', 'NumPy', 'React', 'Pandas', 'Node.js']",Bachelor's in Statistics,1,['Project_0_911'],[],"Name: Candidate_911
            Target Position: Full Stack Developer
            Summary: Experienced professional with 1 years in the tech industry.
            Skills: Agile, GraphQL, NumPy, React, Pandas, Node.js
            Education: Bachelor's in Statistics
            Experience: 1 years
            Projects: Project_0_911
            Certifications: None"
RES_0912,Candidate_912,Full Stack Developer,"['Python', 'REST APIs', 'Java']",Bachelor's in Mathematics,2,"['Project_0_912', 'Project_1_912', 'Project_2_912', 'Project_3_912', 'Project_4_912']",['TensorFlow Developer'],"Name: Candidate_912
            Target Position: Full Stack Developer
            Summary: Experienced professional with 2 years in the tech industry.
            Skills: Python, REST APIs, Java
            Education: Bachelor's in Mathematics
            Experience: 2 years
            Projects: Project_0_912, Project_1_912, Project_2_912, Project_3_912, Project_4_912
            Certifications: TensorFlow Developer"
RES_0913,Candidate_913,Data Analyst,"['Node.js', 'Agile', 'GraphQL', 'Kubernetes', 'TensorFlow']",PhD in Computer Science,1,"['Project_0_913', 'Project_1_913', 'Project_2_913', 'Project_3_913', 'Project_4_913']","['Azure Certified', 'PMP', 'TensorFlow Developer']","Name: Candidate_913
            Target Position: Data Analyst
            Summary: Experienced professional with 1 years in the tech industry.
            Skills: Node.js, Agile, GraphQL, Kubernetes, TensorFlow
            Education: PhD in Computer Science
            Experience: 1 years
            Projects: Project_0_913, Project_1_913, Project_2_913, Project_3_913, Project_4_913
            Certifications: Azure Certified, PMP, TensorFlow Developer"
RES_0914,Candidate_914,DevOps Engineer,"['MongoDB', 'Node.js', 'GraphQL', 'Agile', 'Docker', 'AWS', 'Git']",PhD in Physics,5,"['Project_0_914', 'Project_1_914', 'Project_2_914', 'Project_3_914', 'Project_4_914']",['Scrum Master'],"Name: Candidate_914
            Target Position: DevOps Engineer
            Summary: Experienced professional with 5 years in the tech industry.
            Skills: MongoDB, Node.js, GraphQL, Agile, Docker, AWS, Git
            Education: PhD in Physics
            Experience: 5 years
            Projects: Project_0_914, Project_1_914, Project_2_914, Project_3_914, Project_4_914
            Certifications: Scrum Master"
RES_0915,Candidate_915,System Administrator,"['REST APIs', 'Python', 'Node.js', 'Agile', 'Docker']",Bachelor's in Physics,15,"['Project_0_915', 'Project_1_915', 'Project_2_915', 'Project_3_915', 'Project_4_915']","['Azure Certified', 'AWS Certified']","Name: Candidate_915
            Target Position: System Administrator
            Summary: Experienced professional with 15 years in the tech industry.
            Skills: REST APIs, Python, Node.js, Agile, Docker
            Education: Bachelor's in Physics
            Experience: 15 years
            Projects: Project_0_915, Project_1_915, Project_2_915, Project_3_915, Project_4_915
            Certifications: Azure Certified, AWS Certified"
RES_0916,Candidate_916,QA Engineer,"['Git', 'GraphQL', 'Agile', 'MongoDB', 'React', 'SQL']",Master's in Engineering,5,"['Project_0_916', 'Project_1_916', 'Project_2_916', 'Project_3_916']",['TensorFlow Developer'],"Name: Candidate_916
            Target Position: QA Engineer
            Summary: Experienced professional with 5 years in the tech industry.
            Skills: Git, GraphQL, Agile, MongoDB, React, SQL
            Education: Master's in Engineering
            Experience: 5 years
            Projects: Project_0_916, Project_1_916, Project_2_916, Project_3_916
            Certifications: TensorFlow Developer"
RES_0917,Candidate_917,Data Scientist,"['Pandas', 'Java', 'AWS', 'MongoDB', 'React', 'PostgreSQL', 'Docker']",Bachelor's in Computer Science,9,"['Project_0_917', 'Project_1_917']","['Scrum Master', 'AWS Certified']","Name: Candidate_917
            Target Position: Data Scientist
            Summary: Experienced professional with 9 years in the tech industry.
            Skills: Pandas, Java, AWS, MongoDB, React, PostgreSQL, Docker
            Education: Bachelor's in Computer Science
            Experience: 9 years
            Projects: Project_0_917, Project_1_917
            Certifications: Scrum Master, AWS Certified"
RES_0918,Candidate_918,Data Scientist,"['Python', 'TensorFlow', 'JavaScript', 'Node.js', 'PyTorch', 'GraphQL']",Master's in Mathematics,15,"['Project_0_918', 'Project_1_918', 'Project_2_918']",['PMP'],"Name: Candidate_918
            Target Position: Data Scientist
            Summary: Experienced professional with 15 years in the tech industry.
            Skills: Python, TensorFlow, JavaScript, Node.js, PyTorch, GraphQL
            Education: Master's in Mathematics
            Experience: 15 years
            Projects: Project_0_918, Project_1_918, Project_2_918
            Certifications: PMP"
RES_0919,Candidate_919,Business Analyst,"['PyTorch', 'NumPy', 'CI/CD', 'Node.js', 'REST APIs']",PhD in Statistics,9,"['Project_0_919', 'Project_1_919', 'Project_2_919', 'Project_3_919']",[],"Name: Candidate_919
            Target Position: Business Analyst
            Summary: Experienced professional with 9 years in the tech industry.
            Skills: PyTorch, NumPy, CI/CD, Node.js, REST APIs
            Education: PhD in Statistics
            Experience: 9 years
            Projects: Project_0_919, Project_1_919, Project_2_919, Project_3_919
            Certifications: None"
RES_0920,Candidate_920,Frontend Developer,"['Docker', 'MongoDB', 'Git', 'GraphQL']",Master's in Computer Science,4,"['Project_0_920', 'Project_1_920', 'Project_2_920']",[],"Name: Candidate_920
            Target Position: Frontend Developer
            Summary: Experienced professional with 4 years in the tech industry.
            Skills: Docker, MongoDB, Git, GraphQL
            Education: Master's in Computer Science
            Experience: 4 years
            Projects: Project_0_920, Project_1_920, Project_2_920
            Certifications: None"
RES_0921,Candidate_921,Frontend Developer,"['CI/CD', 'MongoDB', 'REST APIs', 'PyTorch', 'TensorFlow']",Master's in Statistics,14,"['Project_0_921', 'Project_1_921', 'Project_2_921', 'Project_3_921']",['Scrum Master'],"Name: Candidate_921
            Target Position: Frontend Developer
            Summary: Experienced professional with 14 years in the tech industry.
            Skills: CI/CD, MongoDB, REST APIs, PyTorch, TensorFlow
            Education: Master's in Statistics
            Experience: 14 years
            Projects: Project_0_921, Project_1_921, Project_2_921, Project_3_921
            Certifications: Scrum Master"
RES_0922,Candidate_922,Business Analyst,"['Git', 'PostgreSQL', 'NumPy', 'Docker', 'MongoDB', 'React']",Master's in Statistics,4,"['Project_0_922', 'Project_1_922', 'Project_2_922', 'Project_3_922']",[],"Name: Candidate_922
            Target Position: Business Analyst
            Summary: Experienced professional with 4 years in the tech industry.
            Skills: Git, PostgreSQL, NumPy, Docker, MongoDB, React
            Education: Master's in Statistics
            Experience: 4 years
            Projects: Project_0_922, Project_1_922, Project_2_922, Project_3_922
            Certifications: None"
RES_0923,Candidate_923,Machine Learning Engineer,"['PyTorch', 'MongoDB', 'GraphQL', 'Docker', 'React', 'JavaScript', 'Node.js']",Master's in Mathematics,4,"['Project_0_923', 'Project_1_923']",[],"Name: Candidate_923
            Target Position: Machine Learning Engineer
            Summary: Experienced professional with 4 years in the tech industry.
            Skills: PyTorch, MongoDB, GraphQL, Docker, React, JavaScript, Node.js
            Education: Master's in Mathematics
            Experience: 4 years
            Projects: Project_0_923, Project_1_923
            Certifications: None"
RES_0924,Candidate_924,Full Stack Developer,"['SQL', 'Java', 'JavaScript', 'PyTorch', 'Pandas', 'GraphQL', 'Agile', 'AWS']",Master's in Mathematics,9,"['Project_0_924', 'Project_1_924', 'Project_2_924', 'Project_3_924']",[],"Name: Candidate_924
            Target Position: Full Stack Developer
            Summary: Experienced professional with 9 years in the tech industry.
            Skills: SQL, Java, JavaScript, PyTorch, Pandas, GraphQL, Agile, AWS
            Education: Master's in Mathematics
            Experience: 9 years
            Projects: Project_0_924, Project_1_924, Project_2_924, Project_3_924
            Certifications: None"
RES_0925,Candidate_925,Machine Learning Engineer,"['SQL', 'PyTorch', 'Pandas', 'AWS']",PhD in Statistics,8,"['Project_0_925', 'Project_1_925', 'Project_2_925', 'Project_3_925', 'Project_4_925']","['PMP', 'Google Cloud Certified']","Name: Candidate_925
            Target Position: Machine Learning Engineer
            Summary: Experienced professional with 8 years in the tech industry.
            Skills: SQL, PyTorch, Pandas, AWS
            Education: PhD in Statistics
            Experience: 8 years
            Projects: Project_0_925, Project_1_925, Project_2_925, Project_3_925, Project_4_925
            Certifications: PMP, Google Cloud Certified"
RES_0926,Candidate_926,QA Engineer,"['REST APIs', 'CI/CD', 'Docker', 'Node.js', 'Kubernetes', 'TensorFlow', 'Java']",Bachelor's in Computer Science,7,"['Project_0_926', 'Project_1_926']",['PMP'],"Name: Candidate_926
            Target Position: QA Engineer
            Summary: Experienced professional with 7 years in the tech industry.
            Skills: REST APIs, CI/CD, Docker, Node.js, Kubernetes, TensorFlow, Java
            Education: Bachelor's in Computer Science
            Experience: 7 years
            Projects: Project_0_926, Project_1_926
            Certifications: PMP"
RES_0927,Candidate_927,Machine Learning Engineer,"['CI/CD', 'Node.js', 'Agile', 'NumPy', 'PyTorch']",Bachelor's in Statistics,4,"['Project_0_927', 'Project_1_927']",[],"Name: Candidate_927
            Target Position: Machine Learning Engineer
            Summary: Experienced professional with 4 years in the tech industry.
            Skills: CI/CD, Node.js, Agile, NumPy, PyTorch
            Education: Bachelor's in Statistics
            Experience: 4 years
            Projects: Project_0_927, Project_1_927
            Certifications: None"
RES_0928,Candidate_928,Business Analyst,"['TensorFlow', 'Agile', 'MongoDB', 'Kubernetes', 'SQL', 'NumPy', 'React', 'Java']",Master's in Engineering,5,"['Project_0_928', 'Project_1_928', 'Project_2_928']",[],"Name: Candidate_928
            Target Position: Business Analyst
            Summary: Experienced professional with 5 years in the tech industry.
            Skills: TensorFlow, Agile, MongoDB, Kubernetes, SQL, NumPy, React, Java
            Education: Master's in Engineering
            Experience: 5 years
            Projects: Project_0_928, Project_1_928, Project_2_928
            Certifications: None"
RES_0929,Candidate_929,Data Scientist,"['Docker', 'AWS', 'Python', 'TensorFlow', 'PostgreSQL', 'Node.js', 'Java']",PhD in Statistics,13,"['Project_0_929', 'Project_1_929', 'Project_2_929', 'Project_3_929']",['Azure Certified'],"Name: Candidate_929
            Target Position: Data Scientist
            Summary: Experienced professional with 13 years in the tech industry.
            Skills: Docker, AWS, Python, TensorFlow, PostgreSQL, Node.js, Java
            Education: PhD in Statistics
            Experience: 13 years
            Projects: Project_0_929, Project_1_929, Project_2_929, Project_3_929
            Certifications: Azure Certified"
RES_0930,Candidate_930,Data Analyst,"['Agile', 'Pandas', 'AWS', 'PostgreSQL', 'REST APIs']",PhD in Engineering,2,['Project_0_930'],[],"Name: Candidate_930
            Target Position: Data Analyst
            Summary: Experienced professional with 2 years in the tech industry.
            Skills: Agile, Pandas, AWS, PostgreSQL, REST APIs
            Education: PhD in Engineering
            Experience: 2 years
            Projects: Project_0_930
            Certifications: None"
RES_0931,Candidate_931,Product Manager,"['Kubernetes', 'GraphQL', 'PostgreSQL', 'Node.js']",Bachelor's in Statistics,9,['Project_0_931'],"['AWS Certified', 'TensorFlow Developer', 'PMP']","Name: Candidate_931
            Target Position: Product Manager
            Summary: Experienced professional with 9 years in the tech industry.
            Skills: Kubernetes, GraphQL, PostgreSQL, Node.js
            Education: Bachelor's in Statistics
            Experience: 9 years
            Projects: Project_0_931
            Certifications: AWS Certified, TensorFlow Developer, PMP"
RES_0932,Candidate_932,Software Engineer,"['Kubernetes', 'React', 'Pandas', 'Java', 'PyTorch']",Master's in Computer Science,7,"['Project_0_932', 'Project_1_932', 'Project_2_932', 'Project_3_932', 'Project_4_932']",[],"Name: Candidate_932
            Target Position: Software Engineer
            Summary: Experienced professional with 7 years in the tech industry.
            Skills: Kubernetes, React, Pandas, Java, PyTorch
            Education: Master's in Computer Science
            Experience: 7 years
            Projects: Project_0_932, Project_1_932, Project_2_932, Project_3_932, Project_4_932
            Certifications: None"
RES_0933,Candidate_933,Software Engineer,"['Git', 'TensorFlow', 'Docker', 'NumPy', 'Node.js', 'Agile', 'Java', 'React']",Master's in Engineering,5,"['Project_0_933', 'Project_1_933']","['TensorFlow Developer', 'PMP', 'Scrum Master']","Name: Candidate_933
            Target Position: Software Engineer
            Summary: Experienced professional with 5 years in the tech industry.
            Skills: Git, TensorFlow, Docker, NumPy, Node.js, Agile, Java, React
            Education: Master's in Engineering
            Experience: 5 years
            Projects: Project_0_933, Project_1_933
            Certifications: TensorFlow Developer, PMP, Scrum Master"
RES_0934,Candidate_934,Full Stack Developer,"['SQL', 'Pandas', 'MongoDB', 'Python']",Master's in Physics,5,"['Project_0_934', 'Project_1_934', 'Project_2_934', 'Project_3_934']",[],"Name: Candidate_934
            Target Position: Full Stack Developer
            Summary: Experienced professional with 5 years in the tech industry.
            Skills: SQL, Pandas, MongoDB, Python
            Education: Master's in Physics
            Experience: 5 years
            Projects: Project_0_934, Project_1_934, Project_2_934, Project_3_934
            Certifications: None"
RES_0935,Candidate_935,Data Analyst,"['React', 'Git', 'MongoDB', 'AWS', 'Node.js', 'JavaScript']",PhD in Engineering,6,['Project_0_935'],['Scrum Master'],"Name: Candidate_935
            Target Position: Data Analyst
            Summary: Experienced professional with 6 years in the tech industry.
            Skills: React, Git, MongoDB, AWS, Node.js, JavaScript
            Education: PhD in Engineering
            Experience: 6 years
            Projects: Project_0_935
            Certifications: Scrum Master"
RES_0936,Candidate_936,Frontend Developer,"['Node.js', 'Pandas', 'Git']",Master's in Physics,2,"['Project_0_936', 'Project_1_936', 'Project_2_936', 'Project_3_936']",['Scrum Master'],"Name: Candidate_936
            Target Position: Frontend Developer
            Summary: Experienced professional with 2 years in the tech industry.
            Skills: Node.js, Pandas, Git
            Education: Master's in Physics
            Experience: 2 years
            Projects: Project_0_936, Project_1_936, Project_2_936, Project_3_936
            Certifications: Scrum Master"
RES_0937,Candidate_937,Software Engineer,"['React', 'Node.js', 'SQL', 'NumPy', 'Agile', 'CI/CD']",Master's in Mathematics,11,"['Project_0_937', 'Project_1_937', 'Project_2_937']",[],"Name: Candidate_937
            Target Position: Software Engineer
            Summary: Experienced professional with 11 years in the tech industry.
            Skills: React, Node.js, SQL, NumPy, Agile, CI/CD
            Education: Master's in Mathematics
            Experience: 11 years
            Projects: Project_0_937, Project_1_937, Project_2_937
            Certifications: None"
RES_0938,Candidate_938,Frontend Developer,"['Kubernetes', 'PyTorch', 'CI/CD', 'JavaScript', 'PostgreSQL', 'AWS']",PhD in Physics,15,"['Project_0_938', 'Project_1_938', 'Project_2_938']",['Scrum Master'],"Name: Candidate_938
            Target Position: Frontend Developer
            Summary: Experienced professional with 15 years in the tech industry.
            Skills: Kubernetes, PyTorch, CI/CD, JavaScript, PostgreSQL, AWS
            Education: PhD in Physics
            Experience: 15 years
            Projects: Project_0_938, Project_1_938, Project_2_938
            Certifications: Scrum Master"
RES_0939,Candidate_939,Software Engineer,"['Docker', 'Git', 'Kubernetes']",Master's in Statistics,1,"['Project_0_939', 'Project_1_939', 'Project_2_939', 'Project_3_939']","['AWS Certified', 'Scrum Master']","Name: Candidate_939
            Target Position: Software Engineer
            Summary: Experienced professional with 1 years in the tech industry.
            Skills: Docker, Git, Kubernetes
            Education: Master's in Statistics
            Experience: 1 years
            Projects: Project_0_939, Project_1_939, Project_2_939, Project_3_939
            Certifications: AWS Certified, Scrum Master"
RES_0940,Candidate_940,QA Engineer,"['CI/CD', 'PostgreSQL', 'NumPy']",Master's in Physics,3,"['Project_0_940', 'Project_1_940', 'Project_2_940', 'Project_3_940', 'Project_4_940']",['PMP'],"Name: Candidate_940
            Target Position: QA Engineer
            Summary: Experienced professional with 3 years in the tech industry.
            Skills: CI/CD, PostgreSQL, NumPy
            Education: Master's in Physics
            Experience: 3 years
            Projects: Project_0_940, Project_1_940, Project_2_940, Project_3_940, Project_4_940
            Certifications: PMP"
RES_0941,Candidate_941,Data Analyst,"['Pandas', 'REST APIs', 'GraphQL', 'PyTorch', 'MongoDB', 'TensorFlow', 'Docker']",Master's in Statistics,12,"['Project_0_941', 'Project_1_941', 'Project_2_941', 'Project_3_941']",[],"Name: Candidate_941
            Target Position: Data Analyst
            Summary: Experienced professional with 12 years in the tech industry.
            Skills: Pandas, REST APIs, GraphQL, PyTorch, MongoDB, TensorFlow, Docker
            Education: Master's in Statistics
            Experience: 12 years
            Projects: Project_0_941, Project_1_941, Project_2_941, Project_3_941
            Certifications: None"
RES_0942,Candidate_942,QA Engineer,"['TensorFlow', 'JavaScript', 'Node.js', 'Agile', 'Pandas', 'REST APIs']",PhD in Mathematics,1,['Project_0_942'],['TensorFlow Developer'],"Name: Candidate_942
            Target Position: QA Engineer
            Summary: Experienced professional with 1 years in the tech industry.
            Skills: TensorFlow, JavaScript, Node.js, Agile, Pandas, REST APIs
            Education: PhD in Mathematics
            Experience: 1 years
            Projects: Project_0_942
            Certifications: TensorFlow Developer"
RES_0943,Candidate_943,Software Engineer,"['REST APIs', 'Git', 'Docker', 'AWS', 'PostgreSQL']",PhD in Mathematics,6,"['Project_0_943', 'Project_1_943', 'Project_2_943', 'Project_3_943', 'Project_4_943']",[],"Name: Candidate_943
            Target Position: Software Engineer
            Summary: Experienced professional with 6 years in the tech industry.
            Skills: REST APIs, Git, Docker, AWS, PostgreSQL
            Education: PhD in Mathematics
            Experience: 6 years
            Projects: Project_0_943, Project_1_943, Project_2_943, Project_3_943, Project_4_943
            Certifications: None"
RES_0944,Candidate_944,Machine Learning Engineer,"['REST APIs', 'PostgreSQL', 'Pandas', 'Node.js', 'GraphQL', 'NumPy', 'React', 'Kubernetes']",Master's in Physics,7,"['Project_0_944', 'Project_1_944', 'Project_2_944', 'Project_3_944', 'Project_4_944']",['PMP'],"Name: Candidate_944
            Target Position: Machine Learning Engineer
            Summary: Experienced professional with 7 years in the tech industry.
            Skills: REST APIs, PostgreSQL, Pandas, Node.js, GraphQL, NumPy, React, Kubernetes
            Education: Master's in Physics
            Experience: 7 years
            Projects: Project_0_944, Project_1_944, Project_2_944, Project_3_944, Project_4_944
            Certifications: PMP"
RES_0945,Candidate_945,Data Analyst,"['SQL', 'Python', 'Java']",Bachelor's in Engineering,11,"['Project_0_945', 'Project_1_945', 'Project_2_945', 'Project_3_945', 'Project_4_945']",['AWS Certified'],"Name: Candidate_945
            Target Position: Data Analyst
            Summary: Experienced professional with 11 years in the tech industry.
            Skills: SQL, Python, Java
            Education: Bachelor's in Engineering
            Experience: 11 years
            Projects: Project_0_945, Project_1_945, Project_2_945, Project_3_945, Project_4_945
            Certifications: AWS Certified"
RES_0946,Candidate_946,Frontend Developer,"['JavaScript', 'CI/CD', 'React', 'Git', 'REST APIs']",PhD in Statistics,8,"['Project_0_946', 'Project_1_946']",['Scrum Master'],"Name: Candidate_946
            Target Position: Frontend Developer
            Summary: Experienced professional with 8 years in the tech industry.
            Skills: JavaScript, CI/CD, React, Git, REST APIs
            Education: PhD in Statistics
            Experience: 8 years
            Projects: Project_0_946, Project_1_946
            Certifications: Scrum Master"
RES_0947,Candidate_947,Product Manager,"['REST APIs', 'Java', 'Node.js', 'Pandas', 'React']",Master's in Mathematics,15,"['Project_0_947', 'Project_1_947', 'Project_2_947']","['Azure Certified', 'Google Cloud Certified']","Name: Candidate_947
            Target Position: Product Manager
            Summary: Experienced professional with 15 years in the tech industry.
            Skills: REST APIs, Java, Node.js, Pandas, React
            Education: Master's in Mathematics
            Experience: 15 years
            Projects: Project_0_947, Project_1_947, Project_2_947
            Certifications: Azure Certified, Google Cloud Certified"
RES_0948,Candidate_948,Backend Developer,"['JavaScript', 'SQL', 'Java', 'MongoDB', 'Docker']",Bachelor's in Statistics,7,"['Project_0_948', 'Project_1_948', 'Project_2_948', 'Project_3_948', 'Project_4_948']",['AWS Certified'],"Name: Candidate_948
            Target Position: Backend Developer
            Summary: Experienced professional with 7 years in the tech industry.
            Skills: JavaScript, SQL, Java, MongoDB, Docker
            Education: Bachelor's in Statistics
            Experience: 7 years
            Projects: Project_0_948, Project_1_948, Project_2_948, Project_3_948, Project_4_948
            Certifications: AWS Certified"
RES_0949,Candidate_949,Data Analyst,"['REST APIs', 'Java', 'Pandas', 'JavaScript', 'Git', 'SQL', 'TensorFlow']",Bachelor's in Computer Science,13,"['Project_0_949', 'Project_1_949', 'Project_2_949', 'Project_3_949']",['Google Cloud Certified'],"Name: Candidate_949
            Target Position: Data Analyst
            Summary: Experienced professional with 13 years in the tech industry.
            Skills: REST APIs, Java, Pandas, JavaScript, Git, SQL, TensorFlow
            Education: Bachelor's in Computer Science
            Experience: 13 years
            Projects: Project_0_949, Project_1_949, Project_2_949, Project_3_949
            Certifications: Google Cloud Certified"
RES_0950,Candidate_950,QA Engineer,"['Agile', 'Kubernetes', 'MongoDB', 'Git']",PhD in Engineering,15,"['Project_0_950', 'Project_1_950', 'Project_2_950', 'Project_3_950']",[],"Name: Candidate_950
            Target Position: QA Engineer
            Summary: Experienced professional with 15 years in the tech industry.
            Skills: Agile, Kubernetes, MongoDB, Git
            Education: PhD in Engineering
            Experience: 15 years
            Projects: Project_0_950, Project_1_950, Project_2_950, Project_3_950
            Certifications: None"
RES_0951,Candidate_951,Machine Learning Engineer,"['AWS', 'NumPy', 'MongoDB', 'PostgreSQL', 'CI/CD']",Bachelor's in Computer Science,9,['Project_0_951'],"['Google Cloud Certified', 'PMP']","Name: Candidate_951
            Target Position: Machine Learning Engineer
            Summary: Experienced professional with 9 years in the tech industry.
            Skills: AWS, NumPy, MongoDB, PostgreSQL, CI/CD
            Education: Bachelor's in Computer Science
            Experience: 9 years
            Projects: Project_0_951
            Certifications: Google Cloud Certified, PMP"
RES_0952,Candidate_952,Frontend Developer,"['AWS', 'PostgreSQL', 'REST APIs', 'JavaScript']",Master's in Statistics,2,"['Project_0_952', 'Project_1_952', 'Project_2_952']","['Scrum Master', 'Google Cloud Certified']","Name: Candidate_952
            Target Position: Frontend Developer
            Summary: Experienced professional with 2 years in the tech industry.
            Skills: AWS, PostgreSQL, REST APIs, JavaScript
            Education: Master's in Statistics
            Experience: 2 years
            Projects: Project_0_952, Project_1_952, Project_2_952
            Certifications: Scrum Master, Google Cloud Certified"
RES_0953,Candidate_953,Data Scientist,"['PyTorch', 'NumPy', 'React', 'Python', 'SQL', 'MongoDB', 'PostgreSQL']",PhD in Physics,4,['Project_0_953'],['Scrum Master'],"Name: Candidate_953
            Target Position: Data Scientist
            Summary: Experienced professional with 4 years in the tech industry.
            Skills: PyTorch, NumPy, React, Python, SQL, MongoDB, PostgreSQL
            Education: PhD in Physics
            Experience: 4 years
            Projects: Project_0_953
            Certifications: Scrum Master"
RES_0954,Candidate_954,Backend Developer,"['CI/CD', 'NumPy', 'PyTorch', 'TensorFlow', 'React']",Master's in Engineering,1,"['Project_0_954', 'Project_1_954', 'Project_2_954', 'Project_3_954', 'Project_4_954']",[],"Name: Candidate_954
            Target Position: Backend Developer
            Summary: Experienced professional with 1 years in the tech industry.
            Skills: CI/CD, NumPy, PyTorch, TensorFlow, React
            Education: Master's in Engineering
            Experience: 1 years
            Projects: Project_0_954, Project_1_954, Project_2_954, Project_3_954, Project_4_954
            Certifications: None"
RES_0955,Candidate_955,Backend Developer,"['Java', 'JavaScript', 'Docker', 'React', 'MongoDB', 'SQL', 'REST APIs']",PhD in Physics,11,"['Project_0_955', 'Project_1_955', 'Project_2_955', 'Project_3_955']",[],"Name: Candidate_955
            Target Position: Backend Developer
            Summary: Experienced professional with 11 years in the tech industry.
            Skills: Java, JavaScript, Docker, React, MongoDB, SQL, REST APIs
            Education: PhD in Physics
            Experience: 11 years
            Projects: Project_0_955, Project_1_955, Project_2_955, Project_3_955
            Certifications: None"
RES_0956,Candidate_956,Machine Learning Engineer,"['Node.js', 'Java', 'NumPy']",Master's in Mathematics,8,['Project_0_956'],[],"Name: Candidate_956
            Target Position: Machine Learning Engineer
            Summary: Experienced professional with 8 years in the tech industry.
            Skills: Node.js, Java, NumPy
            Education: Master's in Mathematics
            Experience: 8 years
            Projects: Project_0_956
            Certifications: None"
RES_0957,Candidate_957,System Administrator,"['AWS', 'TensorFlow', 'React', 'MongoDB', 'GraphQL', 'PyTorch', 'Java', 'Docker']",Bachelor's in Statistics,12,['Project_0_957'],['TensorFlow Developer'],"Name: Candidate_957
            Target Position: System Administrator
            Summary: Experienced professional with 12 years in the tech industry.
            Skills: AWS, TensorFlow, React, MongoDB, GraphQL, PyTorch, Java, Docker
            Education: Bachelor's in Statistics
            Experience: 12 years
            Projects: Project_0_957
            Certifications: TensorFlow Developer"
RES_0958,Candidate_958,QA Engineer,"['Pandas', 'React', 'SQL']",Master's in Physics,4,"['Project_0_958', 'Project_1_958', 'Project_2_958']",[],"Name: Candidate_958
            Target Position: QA Engineer
            Summary: Experienced professional with 4 years in the tech industry.
            Skills: Pandas, React, SQL
            Education: Master's in Physics
            Experience: 4 years
            Projects: Project_0_958, Project_1_958, Project_2_958
            Certifications: None"
RES_0959,Candidate_959,Backend Developer,"['Git', 'PostgreSQL', 'Agile']",PhD in Computer Science,0,"['Project_0_959', 'Project_1_959', 'Project_2_959', 'Project_3_959', 'Project_4_959']",[],"Name: Candidate_959
            Target Position: Backend Developer
            Summary: Experienced professional with 0 years in the tech industry.
            Skills: Git, PostgreSQL, Agile
            Education: PhD in Computer Science
            Experience: 0 years
            Projects: Project_0_959, Project_1_959, Project_2_959, Project_3_959, Project_4_959
            Certifications: None"
RES_0960,Candidate_960,Data Scientist,"['PyTorch', 'JavaScript', 'React', 'NumPy', 'Pandas', 'PostgreSQL', 'SQL']",Master's in Physics,11,"['Project_0_960', 'Project_1_960', 'Project_2_960', 'Project_3_960']",['Google Cloud Certified'],"Name: Candidate_960
            Target Position: Data Scientist
            Summary: Experienced professional with 11 years in the tech industry.
            Skills: PyTorch, JavaScript, React, NumPy, Pandas, PostgreSQL, SQL
            Education: Master's in Physics
            Experience: 11 years
            Projects: Project_0_960, Project_1_960, Project_2_960, Project_3_960
            Certifications: Google Cloud Certified"
RES_0961,Candidate_961,Full Stack Developer,"['Agile', 'NumPy', 'Kubernetes', 'Docker', 'GraphQL', 'Python', 'JavaScript']",Master's in Physics,0,"['Project_0_961', 'Project_1_961', 'Project_2_961', 'Project_3_961', 'Project_4_961']","['PMP', 'Azure Certified']","Name: Candidate_961
            Target Position: Full Stack Developer
            Summary: Experienced professional with 0 years in the tech industry.
            Skills: Agile, NumPy, Kubernetes, Docker, GraphQL, Python, JavaScript
            Education: Master's in Physics
            Experience: 0 years
            Projects: Project_0_961, Project_1_961, Project_2_961, Project_3_961, Project_4_961
            Certifications: PMP, Azure Certified"
RES_0962,Candidate_962,Data Analyst,"['SQL', 'CI/CD', 'JavaScript', 'Agile', 'Python', 'Git', 'Node.js']",Bachelor's in Statistics,5,"['Project_0_962', 'Project_1_962', 'Project_2_962', 'Project_3_962', 'Project_4_962']","['Scrum Master', 'Azure Certified', 'AWS Certified']","Name: Candidate_962
            Target Position: Data Analyst
            Summary: Experienced professional with 5 years in the tech industry.
            Skills: SQL, CI/CD, JavaScript, Agile, Python, Git, Node.js
            Education: Bachelor's in Statistics
            Experience: 5 years
            Projects: Project_0_962, Project_1_962, Project_2_962, Project_3_962, Project_4_962
            Certifications: Scrum Master, Azure Certified, AWS Certified"
RES_0963,Candidate_963,UX Designer,"['MongoDB', 'GraphQL', 'Agile', 'PostgreSQL', 'AWS']",PhD in Mathematics,2,"['Project_0_963', 'Project_1_963', 'Project_2_963', 'Project_3_963']",[],"Name: Candidate_963
            Target Position: UX Designer
            Summary: Experienced professional with 2 years in the tech industry.
            Skills: MongoDB, GraphQL, Agile, PostgreSQL, AWS
            Education: PhD in Mathematics
            Experience: 2 years
            Projects: Project_0_963, Project_1_963, Project_2_963, Project_3_963
            Certifications: None"
RES_0964,Candidate_964,DevOps Engineer,"['AWS', 'React', 'Node.js', 'Pandas', 'PyTorch']",PhD in Engineering,3,['Project_0_964'],['TensorFlow Developer'],"Name: Candidate_964
            Target Position: DevOps Engineer
            Summary: Experienced professional with 3 years in the tech industry.
            Skills: AWS, React, Node.js, Pandas, PyTorch
            Education: PhD in Engineering
            Experience: 3 years
            Projects: Project_0_964
            Certifications: TensorFlow Developer"
RES_0965,Candidate_965,Data Analyst,"['NumPy', 'React', 'Node.js', 'Pandas', 'JavaScript', 'CI/CD', 'Agile']",Bachelor's in Computer Science,8,['Project_0_965'],['Google Cloud Certified'],"Name: Candidate_965
            Target Position: Data Analyst
            Summary: Experienced professional with 8 years in the tech industry.
            Skills: NumPy, React, Node.js, Pandas, JavaScript, CI/CD, Agile
            Education: Bachelor's in Computer Science
            Experience: 8 years
            Projects: Project_0_965
            Certifications: Google Cloud Certified"
RES_0966,Candidate_966,Business Analyst,"['Agile', 'Python', 'React', 'Java', 'PostgreSQL', 'AWS']",PhD in Statistics,13,"['Project_0_966', 'Project_1_966', 'Project_2_966', 'Project_3_966', 'Project_4_966']",['Azure Certified'],"Name: Candidate_966
            Target Position: Business Analyst
            Summary: Experienced professional with 13 years in the tech industry.
            Skills: Agile, Python, React, Java, PostgreSQL, AWS
            Education: PhD in Statistics
            Experience: 13 years
            Projects: Project_0_966, Project_1_966, Project_2_966, Project_3_966, Project_4_966
            Certifications: Azure Certified"
RES_0967,Candidate_967,Full Stack Developer,"['React', 'Git', 'JavaScript', 'Java', 'NumPy', 'TensorFlow', 'AWS']",Master's in Engineering,0,"['Project_0_967', 'Project_1_967', 'Project_2_967', 'Project_3_967']",[],"Name: Candidate_967
            Target Position: Full Stack Developer
            Summary: Experienced professional with 0 years in the tech industry.
            Skills: React, Git, JavaScript, Java, NumPy, TensorFlow, AWS
            Education: Master's in Engineering
            Experience: 0 years
            Projects: Project_0_967, Project_1_967, Project_2_967, Project_3_967
            Certifications: None"
RES_0968,Candidate_968,QA Engineer,"['Python', 'CI/CD', 'PyTorch', 'NumPy', 'Docker']",Bachelor's in Computer Science,12,"['Project_0_968', 'Project_1_968', 'Project_2_968', 'Project_3_968', 'Project_4_968']","['Scrum Master', 'Azure Certified', 'AWS Certified']","Name: Candidate_968
            Target Position: QA Engineer
            Summary: Experienced professional with 12 years in the tech industry.
            Skills: Python, CI/CD, PyTorch, NumPy, Docker
            Education: Bachelor's in Computer Science
            Experience: 12 years
            Projects: Project_0_968, Project_1_968, Project_2_968, Project_3_968, Project_4_968
            Certifications: Scrum Master, Azure Certified, AWS Certified"
RES_0969,Candidate_969,Frontend Developer,"['Git', 'SQL', 'PostgreSQL', 'PyTorch', 'GraphQL', 'Python']",Bachelor's in Computer Science,12,"['Project_0_969', 'Project_1_969', 'Project_2_969']",['AWS Certified'],"Name: Candidate_969
            Target Position: Frontend Developer
            Summary: Experienced professional with 12 years in the tech industry.
            Skills: Git, SQL, PostgreSQL, PyTorch, GraphQL, Python
            Education: Bachelor's in Computer Science
            Experience: 12 years
            Projects: Project_0_969, Project_1_969, Project_2_969
            Certifications: AWS Certified"
RES_0970,Candidate_970,Business Analyst,"['Agile', 'AWS', 'SQL', 'REST APIs']",Bachelor's in Statistics,11,"['Project_0_970', 'Project_1_970', 'Project_2_970', 'Project_3_970']",[],"Name: Candidate_970
            Target Position: Business Analyst
            Summary: Experienced professional with 11 years in the tech industry.
            Skills: Agile, AWS, SQL, REST APIs
            Education: Bachelor's in Statistics
            Experience: 11 years
            Projects: Project_0_970, Project_1_970, Project_2_970, Project_3_970
            Certifications: None"
RES_0971,Candidate_971,Backend Developer,"['Python', 'Pandas', 'Agile', 'PostgreSQL', 'TensorFlow', 'PyTorch', 'Node.js', 'MongoDB']",PhD in Physics,13,"['Project_0_971', 'Project_1_971']",['Google Cloud Certified'],"Name: Candidate_971
            Target Position: Backend Developer
            Summary: Experienced professional with 13 years in the tech industry.
            Skills: Python, Pandas, Agile, PostgreSQL, TensorFlow, PyTorch, Node.js, MongoDB
            Education: PhD in Physics
            Experience: 13 years
            Projects: Project_0_971, Project_1_971
            Certifications: Google Cloud Certified"
RES_0972,Candidate_972,Product Manager,"['REST APIs', 'Kubernetes', 'JavaScript', 'Agile', 'SQL', 'Pandas', 'GraphQL']",PhD in Mathematics,11,"['Project_0_972', 'Project_1_972']",['Google Cloud Certified'],"Name: Candidate_972
            Target Position: Product Manager
            Summary: Experienced professional with 11 years in the tech industry.
            Skills: REST APIs, Kubernetes, JavaScript, Agile, SQL, Pandas, GraphQL
            Education: PhD in Mathematics
            Experience: 11 years
            Projects: Project_0_972, Project_1_972
            Certifications: Google Cloud Certified"
RES_0973,Candidate_973,Data Scientist,"['Git', 'GraphQL', 'Pandas', 'JavaScript', 'Docker', 'Agile']",Master's in Engineering,10,"['Project_0_973', 'Project_1_973', 'Project_2_973', 'Project_3_973', 'Project_4_973']","['PMP', 'TensorFlow Developer', 'Azure Certified']","Name: Candidate_973
            Target Position: Data Scientist
            Summary: Experienced professional with 10 years in the tech industry.
            Skills: Git, GraphQL, Pandas, JavaScript, Docker, Agile
            Education: Master's in Engineering
            Experience: 10 years
            Projects: Project_0_973, Project_1_973, Project_2_973, Project_3_973, Project_4_973
            Certifications: PMP, TensorFlow Developer, Azure Certified"
RES_0974,Candidate_974,Frontend Developer,"['Kubernetes', 'React', 'NumPy', 'Java', 'JavaScript', 'REST APIs', 'Node.js', 'AWS']",Master's in Physics,1,"['Project_0_974', 'Project_1_974']",[],"Name: Candidate_974
            Target Position: Frontend Developer
            Summary: Experienced professional with 1 years in the tech industry.
            Skills: Kubernetes, React, NumPy, Java, JavaScript, REST APIs, Node.js, AWS
            Education: Master's in Physics
            Experience: 1 years
            Projects: Project_0_974, Project_1_974
            Certifications: None"
RES_0975,Candidate_975,Machine Learning Engineer,"['React', 'Python', 'Node.js', 'Kubernetes']",Bachelor's in Computer Science,5,"['Project_0_975', 'Project_1_975', 'Project_2_975', 'Project_3_975', 'Project_4_975']",[],"Name: Candidate_975
            Target Position: Machine Learning Engineer
            Summary: Experienced professional with 5 years in the tech industry.
            Skills: React, Python, Node.js, Kubernetes
            Education: Bachelor's in Computer Science
            Experience: 5 years
            Projects: Project_0_975, Project_1_975, Project_2_975, Project_3_975, Project_4_975
            Certifications: None"
RES_0976,Candidate_976,QA Engineer,"['GraphQL', 'Python', 'Docker', 'Node.js', 'React', 'MongoDB', 'NumPy']",PhD in Physics,6,"['Project_0_976', 'Project_1_976', 'Project_2_976', 'Project_3_976', 'Project_4_976']",['Azure Certified'],"Name: Candidate_976
            Target Position: QA Engineer
            Summary: Experienced professional with 6 years in the tech industry.
            Skills: GraphQL, Python, Docker, Node.js, React, MongoDB, NumPy
            Education: PhD in Physics
            Experience: 6 years
            Projects: Project_0_976, Project_1_976, Project_2_976, Project_3_976, Project_4_976
            Certifications: Azure Certified"
RES_0977,Candidate_977,Full Stack Developer,"['Git', 'Java', 'Node.js', 'TensorFlow']",Bachelor's in Mathematics,14,"['Project_0_977', 'Project_1_977']",['Azure Certified'],"Name: Candidate_977
            Target Position: Full Stack Developer
            Summary: Experienced professional with 14 years in the tech industry.
            Skills: Git, Java, Node.js, TensorFlow
            Education: Bachelor's in Mathematics
            Experience: 14 years
            Projects: Project_0_977, Project_1_977
            Certifications: Azure Certified"
RES_0978,Candidate_978,Product Manager,"['Git', 'PyTorch', 'AWS', 'PostgreSQL', 'Agile']",Bachelor's in Engineering,3,"['Project_0_978', 'Project_1_978']",[],"Name: Candidate_978
            Target Position: Product Manager
            Summary: Experienced professional with 3 years in the tech industry.
            Skills: Git, PyTorch, AWS, PostgreSQL, Agile
            Education: Bachelor's in Engineering
            Experience: 3 years
            Projects: Project_0_978, Project_1_978
            Certifications: None"
RES_0979,Candidate_979,Data Scientist,"['REST APIs', 'React', 'Java', 'MongoDB', 'CI/CD', 'PostgreSQL']",PhD in Computer Science,13,"['Project_0_979', 'Project_1_979', 'Project_2_979', 'Project_3_979', 'Project_4_979']","['Google Cloud Certified', 'Azure Certified', 'AWS Certified']","Name: Candidate_979
            Target Position: Data Scientist
            Summary: Experienced professional with 13 years in the tech industry.
            Skills: REST APIs, React, Java, MongoDB, CI/CD, PostgreSQL
            Education: PhD in Computer Science
            Experience: 13 years
            Projects: Project_0_979, Project_1_979, Project_2_979, Project_3_979, Project_4_979
            Certifications: Google Cloud Certified, Azure Certified, AWS Certified"
RES_0980,Candidate_980,Software Engineer,"['AWS', 'Java', 'MongoDB', 'SQL', 'GraphQL', 'Python']",PhD in Mathematics,12,"['Project_0_980', 'Project_1_980', 'Project_2_980']","['Google Cloud Certified', 'Scrum Master']","Name: Candidate_980
            Target Position: Software Engineer
            Summary: Experienced professional with 12 years in the tech industry.
            Skills: AWS, Java, MongoDB, SQL, GraphQL, Python
            Education: PhD in Mathematics
            Experience: 12 years
            Projects: Project_0_980, Project_1_980, Project_2_980
            Certifications: Google Cloud Certified, Scrum Master"
RES_0981,Candidate_981,Frontend Developer,"['Git', 'SQL', 'CI/CD', 'Java']",PhD in Mathematics,9,"['Project_0_981', 'Project_1_981', 'Project_2_981']",[],"Name: Candidate_981
            Target Position: Frontend Developer
            Summary: Experienced professional with 9 years in the tech industry.
            Skills: Git, SQL, CI/CD, Java
            Education: PhD in Mathematics
            Experience: 9 years
            Projects: Project_0_981, Project_1_981, Project_2_981
            Certifications: None"
RES_0982,Candidate_982,System Administrator,"['Kubernetes', 'SQL', 'NumPy', 'Node.js', 'React']",PhD in Engineering,6,['Project_0_982'],"['PMP', 'Scrum Master', 'Google Cloud Certified']","Name: Candidate_982
            Target Position: System Administrator
            Summary: Experienced professional with 6 years in the tech industry.
            Skills: Kubernetes, SQL, NumPy, Node.js, React
            Education: PhD in Engineering
            Experience: 6 years
            Projects: Project_0_982
            Certifications: PMP, Scrum Master, Google Cloud Certified"
RES_0983,Candidate_983,UX Designer,"['Node.js', 'Agile', 'SQL', 'MongoDB', 'JavaScript']",Bachelor's in Physics,2,['Project_0_983'],[],"Name: Candidate_983
            Target Position: UX Designer
            Summary: Experienced professional with 2 years in the tech industry.
            Skills: Node.js, Agile, SQL, MongoDB, JavaScript
            Education: Bachelor's in Physics
            Experience: 2 years
            Projects: Project_0_983
            Certifications: None"
RES_0984,Candidate_984,Business Analyst,"['AWS', 'PostgreSQL', 'Docker', 'MongoDB', 'SQL']",Master's in Computer Science,11,"['Project_0_984', 'Project_1_984', 'Project_2_984', 'Project_3_984']",[],"Name: Candidate_984
            Target Position: Business Analyst
            Summary: Experienced professional with 11 years in the tech industry.
            Skills: AWS, PostgreSQL, Docker, MongoDB, SQL
            Education: Master's in Computer Science
            Experience: 11 years
            Projects: Project_0_984, Project_1_984, Project_2_984, Project_3_984
            Certifications: None"
RES_0985,Candidate_985,Product Manager,"['Pandas', 'Docker', 'Node.js', 'GraphQL']",PhD in Statistics,0,"['Project_0_985', 'Project_1_985']",[],"Name: Candidate_985
            Target Position: Product Manager
            Summary: Experienced professional with 0 years in the tech industry.
            Skills: Pandas, Docker, Node.js, GraphQL
            Education: PhD in Statistics
            Experience: 0 years
            Projects: Project_0_985, Project_1_985
            Certifications: None"
RES_0986,Candidate_986,Product Manager,"['Docker', 'MongoDB', 'SQL', 'Agile', 'Kubernetes', 'PostgreSQL']",Bachelor's in Engineering,3,"['Project_0_986', 'Project_1_986', 'Project_2_986']","['Scrum Master', 'AWS Certified']","Name: Candidate_986
            Target Position: Product Manager
            Summary: Experienced professional with 3 years in the tech industry.
            Skills: Docker, MongoDB, SQL, Agile, Kubernetes, PostgreSQL
            Education: Bachelor's in Engineering
            Experience: 3 years
            Projects: Project_0_986, Project_1_986, Project_2_986
            Certifications: Scrum Master, AWS Certified"
RES_0987,Candidate_987,Software Engineer,"['Agile', 'AWS', 'PyTorch', 'Node.js']",PhD in Computer Science,8,"['Project_0_987', 'Project_1_987', 'Project_2_987']","['Google Cloud Certified', 'Scrum Master']","Name: Candidate_987
            Target Position: Software Engineer
            Summary: Experienced professional with 8 years in the tech industry.
            Skills: Agile, AWS, PyTorch, Node.js
            Education: PhD in Computer Science
            Experience: 8 years
            Projects: Project_0_987, Project_1_987, Project_2_987
            Certifications: Google Cloud Certified, Scrum Master"
RES_0988,Candidate_988,DevOps Engineer,"['Kubernetes', 'SQL', 'Git', 'Agile']",Bachelor's in Statistics,1,"['Project_0_988', 'Project_1_988', 'Project_2_988']","['PMP', 'TensorFlow Developer', 'Google Cloud Certified']","Name: Candidate_988
            Target Position: DevOps Engineer
            Summary: Experienced professional with 1 years in the tech industry.
            Skills: Kubernetes, SQL, Git, Agile
            Education: Bachelor's in Statistics
            Experience: 1 years
            Projects: Project_0_988, Project_1_988, Project_2_988
            Certifications: PMP, TensorFlow Developer, Google Cloud Certified"
RES_0989,Candidate_989,UX Designer,"['Agile', 'PostgreSQL', 'TensorFlow', 'REST APIs', 'Pandas', 'Kubernetes']",Master's in Statistics,8,"['Project_0_989', 'Project_1_989', 'Project_2_989', 'Project_3_989']","['AWS Certified', 'Azure Certified']","Name: Candidate_989
            Target Position: UX Designer
            Summary: Experienced professional with 8 years in the tech industry.
            Skills: Agile, PostgreSQL, TensorFlow, REST APIs, Pandas, Kubernetes
            Education: Master's in Statistics
            Experience: 8 years
            Projects: Project_0_989, Project_1_989, Project_2_989, Project_3_989
            Certifications: AWS Certified, Azure Certified"
RES_0990,Candidate_990,Data Analyst,"['Node.js', 'Git', 'Pandas', 'Python', 'PostgreSQL']",Master's in Physics,3,['Project_0_990'],[],"Name: Candidate_990
            Target Position: Data Analyst
            Summary: Experienced professional with 3 years in the tech industry.
            Skills: Node.js, Git, Pandas, Python, PostgreSQL
            Education: Master's in Physics
            Experience: 3 years
            Projects: Project_0_990
            Certifications: None"
RES_0991,Candidate_991,Full Stack Developer,"['MongoDB', 'Git', 'React', 'JavaScript']",Bachelor's in Computer Science,7,"['Project_0_991', 'Project_1_991', 'Project_2_991']",[],"Name: Candidate_991
            Target Position: Full Stack Developer
            Summary: Experienced professional with 7 years in the tech industry.
            Skills: MongoDB, Git, React, JavaScript
            Education: Bachelor's in Computer Science
            Experience: 7 years
            Projects: Project_0_991, Project_1_991, Project_2_991
            Certifications: None"
RES_0992,Candidate_992,DevOps Engineer,"['CI/CD', 'Pandas', 'Docker', 'React', 'MongoDB']",Bachelor's in Mathematics,8,['Project_0_992'],"['Google Cloud Certified', 'PMP', 'TensorFlow Developer']","Name: Candidate_992
            Target Position: DevOps Engineer
            Summary: Experienced professional with 8 years in the tech industry.
            Skills: CI/CD, Pandas, Docker, React, MongoDB
            Education: Bachelor's in Mathematics
            Experience: 8 years
            Projects: Project_0_992
            Certifications: Google Cloud Certified, PMP, TensorFlow Developer"
RES_0993,Candidate_993,DevOps Engineer,"['JavaScript', 'PostgreSQL', 'AWS', 'Python', 'Java']",PhD in Engineering,12,['Project_0_993'],[],"Name: Candidate_993
            Target Position: DevOps Engineer
            Summary: Experienced professional with 12 years in the tech industry.
            Skills: JavaScript, PostgreSQL, AWS, Python, Java
            Education: PhD in Engineering
            Experience: 12 years
            Projects: Project_0_993
            Certifications: None"
RES_0994,Candidate_994,Software Engineer,"['REST APIs', 'Git', 'Agile', 'SQL', 'CI/CD', 'Python']",Master's in Physics,15,"['Project_0_994', 'Project_1_994', 'Project_2_994']","['AWS Certified', 'Google Cloud Certified']","Name: Candidate_994
            Target Position: Software Engineer
            Summary: Experienced professional with 15 years in the tech industry.
            Skills: REST APIs, Git, Agile, SQL, CI/CD, Python
            Education: Master's in Physics
            Experience: 15 years
            Projects: Project_0_994, Project_1_994, Project_2_994
            Certifications: AWS Certified, Google Cloud Certified"
RES_0995,Candidate_995,Machine Learning Engineer,"['CI/CD', 'GraphQL', 'SQL', 'MongoDB', 'Java', 'REST APIs', 'PostgreSQL']",Master's in Engineering,5,"['Project_0_995', 'Project_1_995', 'Project_2_995']","['PMP', 'Scrum Master', 'Azure Certified']","Name: Candidate_995
            Target Position: Machine Learning Engineer
            Summary: Experienced professional with 5 years in the tech industry.
            Skills: CI/CD, GraphQL, SQL, MongoDB, Java, REST APIs, PostgreSQL
            Education: Master's in Engineering
            Experience: 5 years
            Projects: Project_0_995, Project_1_995, Project_2_995
            Certifications: PMP, Scrum Master, Azure Certified"
RES_0996,Candidate_996,Data Analyst,"['Node.js', 'NumPy', 'REST APIs', 'Agile', 'PostgreSQL', 'TensorFlow', 'MongoDB', 'GraphQL']",Master's in Statistics,14,['Project_0_996'],[],"Name: Candidate_996
            Target Position: Data Analyst
            Summary: Experienced professional with 14 years in the tech industry.
            Skills: Node.js, NumPy, REST APIs, Agile, PostgreSQL, TensorFlow, MongoDB, GraphQL
            Education: Master's in Statistics
            Experience: 14 years
            Projects: Project_0_996
            Certifications: None"
RES_0997,Candidate_997,Backend Developer,"['REST APIs', 'Pandas', 'CI/CD', 'React', 'AWS']",Master's in Statistics,11,"['Project_0_997', 'Project_1_997', 'Project_2_997', 'Project_3_997']",['PMP'],"Name: Candidate_997
            Target Position: Backend Developer
            Summary: Experienced professional with 11 years in the tech industry.
            Skills: REST APIs, Pandas, CI/CD, React, AWS
            Education: Master's in Statistics
            Experience: 11 years
            Projects: Project_0_997, Project_1_997, Project_2_997, Project_3_997
            Certifications: PMP"
RES_0998,Candidate_998,System Administrator,"['Kubernetes', 'GraphQL', 'CI/CD', 'Agile']",Master's in Mathematics,6,"['Project_0_998', 'Project_1_998', 'Project_2_998', 'Project_3_998']",[],"Name: Candidate_998
            Target Position: System Administrator
            Summary: Experienced professional with 6 years in the tech industry.
            Skills: Kubernetes, GraphQL, CI/CD, Agile
            Education: Master's in Mathematics
            Experience: 6 years
            Projects: Project_0_998, Project_1_998, Project_2_998, Project_3_998
            Certifications: None"
RES_0999,Candidate_999,UX Designer,"['Node.js', 'AWS', 'Java', 'Agile', 'REST APIs', 'Kubernetes', 'CI/CD', 'JavaScript']",Bachelor's in Statistics,9,"['Project_0_999', 'Project_1_999', 'Project_2_999', 'Project_3_999']",[],"Name: Candidate_999
            Target Position: UX Designer
            Summary: Experienced professional with 9 years in the tech industry.
            Skills: Node.js, AWS, Java, Agile, REST APIs, Kubernetes, CI/CD, JavaScript
            Education: Bachelor's in Statistics
            Experience: 9 years
            Projects: Project_0_999, Project_1_999, Project_2_999, Project_3_999
            Certifications: None"
